Date,Open,High,Low,Close,Volume,Dividends,Stock Splits
1996-01-01 00:00:00+05:30,0.4673565063521463,0.46839010715484625,0.4650600868165732,0.4683901071548462,204800,0.0,0.0
1996-01-02 00:00:00+05:30,0.46735657429306343,0.469653624941153,0.46649584174156183,0.4664958417415619,204800,0.0,0.0
1996-01-03 00:00:00+05:30,0.4696534872055053,0.4696534872055053,0.4696534872055053,0.46965348720550537,102400,0.0,0.0
1996-01-04 00:00:00+05:30,0.46505990801380515,0.4673563266664683,0.46505990801380515,0.46655264496803284,307200,0.0,0.0
1996-01-05 00:00:00+05:30,0.4610410332679749,0.4610410332679749,0.4610410332679749,0.46104103326797485,51200,0.0,0.0
1996-01-08 00:00:00+05:30,0.4610410071760869,0.46506011835085326,0.4616154362490381,0.46391189098358154,358400,0.0,0.0
1996-01-09 00:00:00+05:30,0.4639118889906511,0.459318979541295,0.4535772820374862,0.4587445855140686,870400,0.0,0.0
1996-01-10 00:00:00+05:30,0.45874454992160313,0.4558737013924383,0.45357724684593453,0.4547254741191864,358400,0.0,0.0
1996-01-11 00:00:00+05:30,0.4581699788084711,0.46505993604660034,0.4547253331002199,0.46505993604660034,819200,0.0,0.0
1996-01-12 00:00:00+05:30,0.462763545254418,0.462763545254418,0.45931886403365535,0.46247661113739014,358400,0.0,0.0
1996-01-15 00:00:00+05:30,0.4564480424637113,0.461615344940387,0.4564480424637113,0.4573093354701996,307200,0.0,0.0
1996-01-16 00:00:00+05:30,0.4573093804834343,0.4593189358711242,0.4191281785498631,0.45931893587112427,358400,0.0,0.0
1996-01-17 00:00:00+05:30,0.45931889520307057,0.46046712235457693,0.45357719875352814,0.4549553096294403,768000,0.0,0.0
1996-01-18 00:00:00+05:30,0.4549552218852633,0.4564479589462281,0.4524288843450826,0.456447958946228,204800,0.0,0.0
1996-01-19 00:00:00+05:30,0.4535772428853827,0.4535772428853827,0.45156768748009424,0.4518545866012573,512000,0.0,0.0
1996-01-22 00:00:00+05:30,0.4535771112751381,0.4564479589462281,0.4535771112751381,0.456447958946228,204800,0.0,0.0
1996-01-23 00:00:00+05:30,0.4512807113954064,0.4593188615591884,0.4512807113954064,0.4550122916698456,665600,0.0,0.0
1996-01-24 00:00:00+05:30,0.4550123059994216,0.4530027508735657,0.44266814624951534,0.4530027508735657,409600,0.0,0.0
1996-01-25 00:00:00+05:30,0.45329026304321873,0.45329026304321873,0.4512807428836823,0.45128074288368225,102400,0.0,0.0
1996-01-26 00:00:00+05:30,0.4512807428836823,0.4512807428836823,0.4512807428836823,0.45128074288368225,0,0.0,0.0
1996-01-29 00:00:00+05:30,0.45013242440245244,0.45013242440245244,0.4486967027187347,0.44869670271873474,102400,0.0,0.0
1996-01-30 00:00:00+05:30,0.44869692061800726,0.4558737803596997,0.45357732541539997,0.45415112376213074,1433600,0.0,0.0
1996-01-31 00:00:00+05:30,0.4541510371505137,0.4593189358711242,0.451280784406872,0.45931893587112427,460800,0.0,0.0
1996-02-01 00:00:00+05:30,0.4593189261863538,0.4765428602695465,0.4593189261863538,0.4765428602695465,819200,0.0,0.0
1996-02-02 00:00:00+05:30,0.4765429121611275,0.4937674438552308,0.4765429121611275,0.4937104284763336,2355200,0.0,0.0
1996-02-05 00:00:00+05:30,0.4937103653428102,0.4949156079215785,0.4823421941009076,0.4937673807144165,819200,0.0,0.0
1996-02-06 00:00:00+05:30,0.49376738302417755,0.5196044927715693,0.49376738302417755,0.5052508115768433,1382400,0.0,0.0
1996-02-07 00:00:00+05:30,0.5052508460473943,0.49606446702835083,0.4903227698819191,0.4918155074119568,972800,0.0,0.0
1996-02-08 00:00:00+05:30,0.4995091342909874,0.5224747657775879,0.4995091342909874,0.5224747657775879,768000,0.0,0.0
1996-02-09 00:00:00+05:30,0.5224745451708871,0.545440797738917,0.48802609496467847,0.542397677898407,1382400,0.0,0.0
1996-02-12 00:00:00+05:30,0.5423979019627391,0.5500338970042988,0.5339581899003252,0.5362546443939209,819200,0.0,0.0
1996-02-13 00:00:00+05:30,0.5511827479603665,0.562665581703186,0.5511827479603665,0.562665581703186,2048000,0.0,0.0
1996-02-14 00:00:00+05:30,0.5626655483244458,0.5885020278428708,0.5592202708782672,0.5839091539382935,972800,0.0,0.0
1996-02-15 00:00:00+05:30,0.5839091263365762,0.5913728833700111,0.562665521726926,0.5894209742546082,2201600,0.0,0.0
1996-02-16 00:00:00+05:30,0.5894208764975015,0.597114480942326,0.5675457961216477,0.5910858511924744,2764800,0.0,0.0
1996-02-19 00:00:00+05:30,0.5910859318797068,0.5798900338337223,0.5775929838004934,0.5788564682006836,1024000,0.0,0.0
1996-02-20 00:00:00+05:30,0.5788565800061231,0.5770192970658271,0.5695555388098079,0.5696702003479004,614400,0.0,0.0
1996-02-21 00:00:00+05:30,0.5696702003479004,0.5696702003479004,0.5696702003479004,0.5696702003479004,0,0.0,0.0
1996-02-22 00:00:00+05:30,0.569670018557454,0.5718518110646443,0.5651341259016045,0.5652487874031067,307200,0.0,0.0
1996-02-23 00:00:00+05:30,0.5652490057288592,0.5707038044929504,0.5649621065615664,0.5707038044929504,153600,0.0,0.0
1996-02-26 00:00:00+05:30,0.5707035568563906,0.5741482377052307,0.5681196081792043,0.5741482377052307,204800,0.0,0.0
1996-02-27 00:00:00+05:30,0.5741483324022615,0.5597946521268052,0.5454409718513489,0.5454409718513489,153600,0.0,0.0
1996-02-28 00:00:00+05:30,0.5454410875550237,0.5465893149375916,0.5465893149375916,0.5465893149375916,51200,0.0,0.0
1996-02-29 00:00:00+05:30,0.5465891224783267,0.5396991648735583,0.5374027459602715,0.5385509729385376,460800,0.0,0.0
1996-03-01 00:00:00+05:30,0.5385510980369137,0.5454410221988759,0.5282164921399984,0.542570173740387,512000,0.0,0.0
1996-03-04 00:00:00+05:30,0.5454409906971932,0.5511826872825623,0.5454409906971932,0.5511826872825623,153600,0.0,0.0
1996-03-05 00:00:00+05:30,0.5511826872825623,0.5511826872825623,0.5511826872825623,0.5511826872825623,0,0.0,0.0
1996-03-06 00:00:00+05:30,0.560253771682131,0.560253771682131,0.5356801152229309,0.5356801152229309,204800,0.0,0.0
1996-03-07 00:00:00+05:30,0.5356801835972193,0.5511826872825623,0.5396422436983812,0.5511826872825623,307200,0.0,0.0
1996-03-08 00:00:00+05:30,0.5511825643352695,0.5557178258895874,0.5465890959531928,0.5557178258895874,256000,0.0,0.0
1996-03-11 00:00:00+05:30,0.5557181335317769,0.5511828694667644,0.5477952372244757,0.5500340461730957,153600,0.0,0.0
1996-03-12 00:00:00+05:30,0.5500338643686178,0.5511826872825623,0.5396992590685727,0.5511826872825623,409600,0.0,0.0
1996-03-13 00:00:00+05:30,0.5511826718509424,0.5456708591497331,0.5379772186279297,0.5379772186279297,870400,0.0,0.0
1996-03-14 00:00:00+05:30,0.5379772336898327,0.5511826872825623,0.5508951924472513,0.5511826872825623,307200,0.0,0.0
1996-03-15 00:00:00+05:30,0.5511827534552407,0.5489433492424923,0.548885703086853,0.548885703086853,153600,0.0,0.0
1996-03-18 00:00:00+05:30,0.5488855760241116,0.5511826258607502,0.5488855760241116,0.5496892929077148,1228800,0.0,0.0
1996-03-19 00:00:00+05:30,0.5496893541631153,0.5511826872825623,0.5454409906971932,0.5511826872825623,256000,0.0,0.0
1996-03-20 00:00:00+05:30,0.5511826872825623,0.5511826872825623,0.5511826872825623,0.5511826872825623,0,0.0,0.0
1996-03-21 00:00:00+05:30,0.5511827941010555,0.5554311583903049,0.5494601726531982,0.5494601726531982,256000,0.0,0.0
1996-03-22 00:00:00+05:30,0.5494600210419682,0.5592201965618222,0.5535361115487482,0.5565792322158813,768000,0.0,0.0
1996-03-25 00:00:00+05:30,0.556579461895108,0.5510676472177456,0.5414220941837822,0.5500340461730957,409600,0.0,0.0
1996-03-26 00:00:00+05:30,0.5500338892937697,0.5488856620630681,0.54268479347229,0.54268479347229,204800,0.0,0.0
1996-03-27 00:00:00+05:30,0.5426848652485557,0.5511827851599865,0.5465893149375916,0.5465893149375916,716800,0.0,0.0
1996-03-28 00:00:00+05:30,0.5465892245114958,0.5581296682357788,0.5569238299370038,0.5581296682357788,307200,0.0,0.0
1996-03-29 00:00:00+05:30,0.5581296648789424,0.5786842140860322,0.5626655232079605,0.5775359869003296,716800,0.0,0.0
1996-04-01 00:00:00+05:30,0.5775359869003296,0.5775359869003296,0.5775359869003296,0.5775359869003296,0,0.0,0.0
1996-04-02 00:00:00+05:30,0.577535828699409,0.5798898935317993,0.5729999716128711,0.5798898935317993,614400,0.0,0.0
1996-04-03 00:00:00+05:30,0.5798898699674562,0.5821863236164891,0.5752964019775391,0.5752964019775391,512000,0.0,0.0
1996-04-04 00:00:00+05:30,0.5752964646548441,0.5741482377052307,0.5741482377052307,0.5741482377052307,51200,0.0,0.0
1996-04-05 00:00:00+05:30,0.5741482377052307,0.5741482377052307,0.5741482377052307,0.5741482377052307,0,0.0,0.0
1996-04-08 00:00:00+05:30,0.5741485071074487,0.5774785280227661,0.5741485071074487,0.5774785280227661,256000,0.0,0.0
1996-04-09 00:00:00+05:30,0.5774784382567539,0.6085974799243998,0.5810383424105543,0.6068748235702515,2099200,0.0,0.0
1996-04-10 00:00:00+05:30,0.6068748067505504,0.668308645669331,0.6373624381955217,0.6401756405830383,4505600,0.0,0.0
1996-04-11 00:00:00+05:30,0.6401753326060062,0.6384527472148162,0.625821692540487,0.6327110528945923,1536000,0.0,0.0
1996-04-12 00:00:00+05:30,0.632711557554135,0.643046727712374,0.6293244857582457,0.6423577070236206,1587200,0.0,0.0
1996-04-15 00:00:00+05:30,0.6423576158779993,0.6889785390739136,0.643046636468986,0.6820886135101318,3174400,0.0,0.0
1996-04-16 00:00:00+05:30,0.6820883922548483,0.7176856753131705,0.6774949231382962,0.7094176411628723,2918400,0.0,0.0
1996-04-17 00:00:00+05:30,0.7094175978447904,0.7521341246469474,0.7119439356181337,0.7442111968994141,4249600,0.0,0.0
1996-04-18 00:00:00+05:30,0.7442114733392493,0.7749859738098399,0.7240013944238509,0.7359434366226196,3532800,0.0,0.0
1996-04-19 00:00:00+05:30,0.7359430521680848,0.7475411036662926,0.7262974699332233,0.7303165793418884,1587200,0.0,0.0
1996-04-22 00:00:00+05:30,0.7303167359260742,0.7291685088171765,0.7119439807997328,0.7130922079086304,1689600,0.0,0.0
1996-04-23 00:00:00+05:30,0.7130922701134225,0.7176857396417023,0.7062023461670219,0.7160777449607849,3276800,0.0,0.0
1996-04-24 00:00:00+05:30,0.7160778472350682,0.7463932085484202,0.7245752063839881,0.7303745150566101,1280000,0.0,0.0
1996-04-25 00:00:00+05:30,0.7303742709914507,0.7389286076184013,0.7292260440020909,0.7292830944061279,1484800,0.0,0.0
1996-04-26 00:00:00+05:30,0.7292832447759573,0.7395031889793573,0.719178522788252,0.7275035381317139,1382400,0.0,0.0
1996-04-29 00:00:00+05:30,0.7275035935058037,0.7257239568126087,0.7198675980206002,0.7222787141799927,460800,0.0,0.0
1996-04-30 00:00:00+05:30,0.7263202123304677,0.732960149646078,0.7234332646770687,0.7280524373054504,1075200,0.006836,0.0
1996-05-01 00:00:00+05:30,0.7280524373054504,0.7309393849588495,0.7263202123304677,0.7280524373054504,358400,0.0,0.0
1996-05-02 00:00:00+05:30,0.7280524930274361,0.7621167441691686,0.7320940931898988,0.7413318753242493,1280000,0.0,0.0
1996-05-03 00:00:00+05:30,0.7413317625098973,0.7482602390136677,0.7332486338937302,0.7416203022003174,1638400,0.0,0.0
1996-05-06 00:00:00+05:30,0.7416204041455972,0.7491258905832597,0.7361356120414045,0.7464128136634827,2150400,0.0,0.0
1996-05-07 00:00:00+05:30,0.7464126903173066,0.7505695223808287,0.7393109774307562,0.7505695223808289,1536000,0.0,0.0
1996-05-08 00:00:00+05:30,0.7505697440749999,0.7667360056330826,0.7447959181386729,0.7606157064437866,1638400,0.0,0.0
1996-05-09 00:00:00+05:30,0.7606155847082384,0.8135018004917182,0.7471630368842439,0.7809966802597046,4864000,0.0,0.0
1996-05-10 00:00:00+05:30,0.7809966833151747,0.8008000651930913,0.7563428880890956,0.7941601276397705,3328000,0.0,0.0
1996-05-13 00:00:00+05:30,0.7941602064291652,0.8067466430360039,0.7864814828255497,0.7936984300613403,1587200,0.0,0.0
1996-05-14 00:00:00+05:30,0.7936980799309945,0.7966423963278487,0.778282706042026,0.7897718548774719,1536000,0.0,0.0
1996-05-15 00:00:00+05:30,0.7897721298950846,0.7952574152418733,0.7713544997393137,0.7793223261833191,1894400,0.0,0.0
1996-05-16 00:00:00+05:30,0.779322356521099,0.8002225285876973,0.7863661372386942,0.7872896194458008,972800,0.0,0.0
1996-05-17 00:00:00+05:30,0.7872893926139517,0.7972200478789824,0.765580483893839,0.7752225995063782,1177600,0.0,0.0
1996-05-20 00:00:00+05:30,0.775222495231671,0.7736635073824745,0.7638486498834194,0.7645989656448364,870400,0.0,0.0
1996-05-21 00:00:00+05:30,0.7645991258756679,0.7759735374368029,0.7603842899858214,0.7693336009979248,2355200,0.0,0.0
1996-05-22 00:00:00+05:30,0.7693336597795867,0.7736637286253937,0.7673128247261047,0.7673128247261047,1024000,0.0,0.0
1996-05-23 00:00:00+05:30,0.767312817725883,0.7647150442610641,0.7569783182422619,0.7619433999061584,460800,0.0,0.0
1996-05-24 00:00:00+05:30,0.7619431455002732,0.764425685503324,0.7517239525402928,0.7632710337638855,819200,0.0,0.0
1996-05-27 00:00:00+05:30,0.7632714293989115,0.756342951541757,0.7485489249229431,0.7485489249229431,614400,0.0,0.0
1996-05-28 00:00:00+05:30,0.7485488530563894,0.7563428789269158,0.7390225316911694,0.7551882266998291,921600,0.0,0.0
1996-05-29 00:00:00+05:30,0.7551882140737121,0.7652921080589294,0.7577866220329688,0.7652921080589294,512000,0.0,0.0
1996-05-30 00:00:00+05:30,0.7652922819129835,0.7563430381025179,0.7450844188731802,0.7508003115653992,563200,0.0,0.0
1996-05-31 00:00:00+05:30,0.7508002978072796,0.7505697619981818,0.7459505883729088,0.7471052408218384,409600,0.0,0.0
1996-06-03 00:00:00+05:30,0.747105026812488,0.7701997606642234,0.7603843366762854,0.7695647478103638,819200,0.0,0.0
1996-06-04 00:00:00+05:30,0.7695646717213944,0.7744718194007874,0.7678903805044403,0.7744718194007874,460800,0.0,0.0
1996-06-05 00:00:00+05:30,0.7753958425839566,0.7782827896637686,0.771354314012482,0.7719318866729736,460800,0.0,0.0
1996-06-06 00:00:00+05:30,0.7794374596360031,0.7875205874443053,0.7794374596360031,0.7875205874443054,512000,0.0,0.0
1996-06-07 00:00:00+05:30,0.7872318640167182,0.7990680570212533,0.7853269656927538,0.798836886882782,1331200,0.0,0.0
1996-06-10 00:00:00+05:30,0.8232592122064917,0.8232592122064917,0.8106148446472309,0.8129820823669434,819200,0.0,0.0
1996-06-11 00:00:00+05:30,0.8083057884771023,0.8163889196597173,0.8038024817079756,0.8150030970573425,1382400,0.0,0.0
1996-06-12 00:00:00+05:30,0.8198528334386369,0.8302452690258559,0.8175435286035969,0.8199687004089355,1638400,0.0,0.0
1996-06-13 00:00:00+05:30,0.8140795979103073,0.8197375570417381,0.8083057718047977,0.8163309693336487,460800,0.0,0.0
1996-06-14 00:00:00+05:30,0.8186400645339547,0.8210073023249623,0.8152340415279398,0.8198526501655579,819200,0.0,0.0
1996-06-17 00:00:00+05:30,0.8314002994184292,0.8325549515778338,0.8198526501655579,0.8198526501655579,1126400,0.0,0.0
1996-06-18 00:00:00+05:30,0.8111925273751217,0.8314003871089612,0.8083056499967538,0.8169084191322327,1331200,0.0,0.0
1996-06-19 00:00:00+05:30,0.8198526501655579,0.8198526501655579,0.8198526501655579,0.8198526501655579,102400,0.0,0.0
1996-06-20 00:00:00+05:30,0.8083052832384137,0.8198523646404383,0.8083052832384137,0.8140791058540344,307200,0.0,0.0
1996-06-21 00:00:00+05:30,0.8152337576113152,0.8198523646404383,0.8140791058540344,0.8140791058540344,1177600,0.0,0.0
1996-06-24 00:00:00+05:30,0.8083055261092227,0.8083055261092227,0.8025317017587463,0.8053032755851746,768000,0.0,0.0
1996-06-25 00:00:00+05:30,0.8014929393186159,0.8048415926167432,0.8003377233522572,0.8042639493942261,716800,0.0,0.0
1996-06-26 00:00:00+05:30,0.8082476774776933,0.8210073492622295,0.8025317859966768,0.8192756175994873,14745600,0.0,0.0
1996-06-27 00:00:00+05:30,0.8071508807806361,0.8198526178630455,0.8065732375696484,0.818929135799408,819200,0.0,0.0
1996-06-28 00:00:00+05:30,0.8186981501918053,0.8186981501918053,0.8124051784634502,0.8163888454437256,460800,0.0,0.0
1996-07-01 00:00:00+05:30,0.8198526320762364,0.8221625001734933,0.8149449200153225,0.8175433278083801,563200,0.0,0.0
1996-07-02 00:00:00+05:30,0.8140792943098204,0.8198525544327088,0.8140792943098204,0.8160421252250671,972800,0.0,0.0
1996-07-03 00:00:00+05:30,0.8094604743761837,0.8197376077942228,0.8054188733786631,0.8115391731262207,1689600,0.0,0.0
1996-07-04 00:00:00+05:30,0.8071509689071775,0.8140794461764996,0.797624647435597,0.8083056211471558,768000,0.0,0.0
1996-07-05 00:00:00+05:30,0.8083057227695561,0.8083057227695561,0.8059964179992676,0.8059964179992676,256000,0.0,0.0
1996-07-08 00:00:00+05:30,0.8059964637697714,0.8083057686711996,0.8010887503623962,0.8010887503623962,307200,0.0,0.0
1996-07-09 00:00:00+05:30,0.8071508915544542,0.8071508915544542,0.7967584585611486,0.8025317192077637,512000,0.0,0.0
1996-07-10 00:00:00+05:30,0.8059962604232905,0.8198526501655579,0.8059962604232905,0.8198526501655579,409600,0.0,0.0
1996-07-11 00:00:00+05:30,0.81985286869171,0.8259151641574993,0.8152342588230332,0.8154647946357727,614400,0.0,0.0
1996-07-12 00:00:00+05:30,0.8197373657897733,0.8233171892942188,0.8154072967553369,0.8185827136039734,614400,0.0,0.0
1996-07-15 00:00:00+05:30,0.8169659065822145,0.8169659065822145,0.8117697238922119,0.8117697238922119,307200,0.0,0.0
1996-07-16 00:00:00+05:30,0.8038022022683023,0.8038022022683023,0.7909845986491979,0.7987212538719177,614400,0.0,0.0
1996-07-17 00:00:00+05:30,0.7987212538719177,0.7987212538719177,0.7987212538719177,0.7987212538719177,0,0.0,0.0
1996-07-18 00:00:00+05:30,0.8025318173847984,0.802820920944214,0.7967585560319164,0.8028209209442139,563200,0.0,0.0
1996-07-19 00:00:00+05:30,0.808305549850103,0.808305549850103,0.7984901256925433,0.8062847852706909,665600,0.0,0.0
1996-07-22 00:00:00+05:30,0.8140794461764996,0.8140794461764996,0.8083056211471558,0.8083056211471558,256000,0.0,0.0
1996-07-23 00:00:00+05:30,0.8083058052870349,0.8083058052870349,0.7979133689302804,0.80131995677948,716800,0.0,0.0
1996-07-24 00:00:00+05:30,0.7909845113754272,0.7909845113754272,0.7598072172322128,0.7909845113754272,1177600,0.0,0.0
1996-07-25 00:00:00+05:30,0.7898299863722061,0.8083055482034789,0.7875206821006475,0.802647590637207,1331200,0.0,0.0
1996-07-26 00:00:00+05:30,0.8058805600446397,0.8059964270129854,0.7875208609850113,0.79213947057724,921600,0.0,0.0
1996-07-29 00:00:00+05:30,0.7956038504738665,0.7967585026671073,0.7869430780410767,0.7869430780410767,358400,0.0,0.0
1996-07-30 00:00:00+05:30,0.7852115415078829,0.7852115415078829,0.7344034539661427,0.738444983959198,1126400,0.0,0.0
1996-07-31 00:00:00+05:30,0.7413889414791873,0.7621164321899414,0.7413889414791873,0.7621164321899414,870400,0.0,0.0
1996-08-01 00:00:00+05:30,0.773663853541537,0.8083056785174321,0.773663853541537,0.8082477450370789,1331200,0.0,0.0
1996-08-02 00:00:00+05:30,0.8129248523081642,0.8129248523081642,0.7967585921287537,0.7967585921287537,256000,0.0,0.0
1996-08-05 00:00:00+05:30,0.7967586929508585,0.7967586929508585,0.7898302143073087,0.7909269332885742,409600,0.0,0.0
1996-08-06 00:00:00+05:30,0.7852114831450521,0.8013771790435775,0.7852114831450521,0.7943333983421326,870400,0.0,0.0
1996-08-07 00:00:00+05:30,0.7794375395191127,0.7852113639251725,0.7794375395191127,0.7828441262245178,204800,0.0,0.0
1996-08-08 00:00:00+05:30,0.7908693955005611,0.7967585235690516,0.7904076191855651,0.79560387134552,307200,0.0,0.0
1996-08-09 00:00:00+05:30,0.7909847781474517,0.7909847781474517,0.7852115164493506,0.7865967750549316,614400,0.0,0.0
1996-08-12 00:00:00+05:30,0.781804683488329,0.7852112697853147,0.7748182743345564,0.7756270170211792,614400,0.0,0.0
1996-08-13 00:00:00+05:30,0.7701998499680268,0.7736638067242022,0.7696222066879272,0.7696222066879272,204800,0.0,0.0
1996-08-14 00:00:00+05:30,0.7736637682155699,0.7748184204101562,0.7736637682155699,0.7748184204101562,153600,0.0,0.0
1996-08-15 00:00:00+05:30,0.7748184204101562,0.7748184204101562,0.7748184204101562,0.7748184204101562,0,0.0,0.0
1996-08-16 00:00:00+05:30,0.7564588120960454,0.7564588120960454,0.7297848139280154,0.7482603788375854,512000,0.0,0.0
1996-08-19 00:00:00+05:30,0.7355580202640738,0.7471051065069849,0.734403368022728,0.7349809408187866,614400,0.0,0.0
1996-08-20 00:00:00+05:30,0.7344028949737549,0.7390220647932577,0.7344028949737549,0.7344028949737549,665600,0.0,0.0
1996-08-21 00:00:00+05:30,0.7344034046412241,0.7447958391609724,0.7343454711620255,0.743236780166626,1280000,0.0,0.0
1996-08-22 00:00:00+05:30,0.7494152032917981,0.7505698558851606,0.7436413764953613,0.7436413764953613,512000,0.0,0.0
1996-08-23 00:00:00+05:30,0.7546108147424427,0.7596911977285367,0.7528785904897346,0.7592294216156006,921600,0.0,0.0
1996-08-26 00:00:00+05:30,0.7736639256479225,0.7736639256479225,0.7540337066865539,0.7564588785171509,563200,0.0,0.0
1996-08-27 00:00:00+05:30,0.7459503778426937,0.7621166352242009,0.7459503778426937,0.7591143846511841,1382400,0.0,0.0
1996-08-28 00:00:00+05:30,0.7621167129116321,0.7713544946671032,0.756342887878418,0.756342887878418,819200,0.0,0.0
1996-08-29 00:00:00+05:30,0.7621166516129094,0.775973605046297,0.7621166516129094,0.7668511271476746,460800,0.0,0.0
1996-08-30 00:00:00+05:30,0.779437463867938,0.779437463867938,0.7736636400222779,0.7736636400222778,153600,0.0,0.0
1996-09-02 00:00:00+05:30,0.7864236058727313,0.7864236058727313,0.7730868521882014,0.773375391960144,716800,0.0,0.0
1996-09-03 00:00:00+05:30,0.7713545436180891,0.7714124770980458,0.7656965851783751,0.7656965851783752,870400,0.0,0.0
1996-09-04 00:00:00+05:30,0.7701996948808205,0.7740680575370789,0.7701996948808205,0.7740680575370789,307200,0.0,0.0
1996-09-05 00:00:00+05:30,0.778282642364502,0.778282642364502,0.7748181232798997,0.778282642364502,358400,0.0,0.0
1996-09-06 00:00:00+05:30,0.7759737226577932,0.8083056791871214,0.7736638541825253,0.7967585921287537,4864000,0.0,0.0
1996-09-09 00:00:00+05:30,0.7875207035319818,0.7909846600335868,0.7759736180305481,0.7759736180305481,3993600,0.0,0.0
1996-09-10 00:00:00+05:30,0.7690449548693863,0.7736635624191708,0.7690449548693863,0.7721624374389648,153600,0.0,0.0
1996-09-11 00:00:00+05:30,0.7632709931603888,0.7690448153796409,0.7632709931603888,0.7655802965164185,153600,0.0,0.0
1996-09-12 00:00:00+05:30,0.7665046772179059,0.7666199803352355,0.7665046772179059,0.7666199803352356,153600,0.0,0.0
1996-09-13 00:00:00+05:30,0.7580749839741104,0.765580539416449,0.7580749839741104,0.7622318863868713,256000,0.0,0.0
1996-09-16 00:00:00+05:30,0.759807128559057,0.7621164321899414,0.759807128559057,0.7621164321899414,256000,0.0,0.0
1996-09-17 00:00:00+05:30,0.7735484184556872,0.7735484184556872,0.7563428120339472,0.7619433999061584,409600,0.0,0.0
1996-09-18 00:00:00+05:30,0.7667359113693237,0.7736638250457378,0.7667359113693237,0.7667359113693237,256000,0.0,0.0
1996-09-19 00:00:00+05:30,0.76673572800269,0.7736636400222779,0.76673572800269,0.7736636400222778,256000,0.0,0.0
1996-09-20 00:00:00+05:30,0.7736640361414441,0.7759739051599727,0.7736640361414441,0.7739531397819519,1024000,0.0,0.0
1996-09-23 00:00:00+05:30,0.7621170632951774,0.785211810216398,0.7621170632951774,0.7800149917602539,3020800,0.0,0.0
1996-09-24 00:00:00+05:30,0.7680056831053468,0.774760922390515,0.7678903800059547,0.7736636400222778,307200,0.0,0.0
1996-09-25 00:00:00+05:30,0.773663346698878,0.7781666499051816,0.773663346698878,0.7761458158493042,307200,0.0,0.0
1996-09-26 00:00:00+05:30,0.7713545015599813,0.7713545015599813,0.7680058479309082,0.7680058479309082,102400,0.0,0.0
1996-09-27 00:00:00+05:30,0.756342913195759,0.7667359113693237,0.756342913195759,0.7667359113693237,563200,0.0,0.0
1996-09-30 00:00:00+05:30,0.7598071429753545,0.7650033229187293,0.7563426236340483,0.7615388035774231,2560000,0.0,0.0
1996-10-01 00:00:00+05:30,0.7563428854553538,0.7574981015218579,0.7447957992553711,0.7447957992553711,1075200,0.0,0.0
1996-10-02 00:00:00+05:30,0.7447957992553711,0.7447957992553711,0.7447957992553711,0.7447957992553711,0,0.0,0.0
1996-10-03 00:00:00+05:30,0.7332482262645919,0.7502800226211548,0.7315159319049861,0.7502800226211548,1740800,0.0,0.0
1996-10-04 00:00:00+05:30,0.7344033031003928,0.7447378027120632,0.733825659876717,0.7419087886810303,2150400,0.0,0.0
1996-10-07 00:00:00+05:30,0.7384447888002403,0.7384447888002403,0.7193916552894865,0.7240687608718872,1382400,0.0,0.0
1996-10-08 00:00:00+05:30,0.7170824253391425,0.7344033358596697,0.7150615901889149,0.7297847270965576,1587200,0.0,0.0
1996-10-09 00:00:00+05:30,0.725165480345448,0.7505695174329228,0.725165480345448,0.749645471572876,1484800,0.0,0.0
1996-10-10 00:00:00+05:30,0.7909849345416161,0.8013773714825001,0.7736640183636052,0.7856154441833496,2611200,0.0,0.0
1996-10-11 00:00:00+05:30,0.7967586285351371,0.7967586285351371,0.7855000807053516,0.7898880839347839,3225600,0.0,0.0
1996-10-14 00:00:00+05:30,0.785211417820294,0.785211417820294,0.7736637682155699,0.7748184204101562,460800,0.0,0.0
1996-10-15 00:00:00+05:30,0.7767820293387727,0.778860164233756,0.7586529347594201,0.7642529606819153,1843200,0.0,0.0
1996-10-16 00:00:00+05:30,0.7713542290294589,0.7736635327156894,0.7678902735001132,0.7721050381660461,716800,0.0,0.0
1996-10-17 00:00:00+05:30,0.7736639780835325,0.7736639780835325,0.7678907155445167,0.7712967395782471,768000,0.0,0.0
1996-10-18 00:00:00+05:30,0.7736638182473247,0.7736638182473247,0.7707768704201093,0.7716429829597473,256000,0.0,0.0
1996-10-21 00:00:00+05:30,0.7716429829597473,0.7716429829597473,0.7716429829597473,0.7716429829597473,0,0.0,0.0
1996-10-22 00:00:00+05:30,0.7943331919892284,0.8025316228515207,0.7938714157673522,0.7979130148887634,1280000,0.0,0.0
1996-10-23 00:00:00+05:30,0.8140794972774442,0.8198527588397316,0.8025318464938939,0.8071510195732117,819200,0.0,0.0
1996-10-24 00:00:00+05:30,0.8314002196550927,0.8314002196550927,0.7969316394493534,0.7971621751785278,409600,0.0,0.0
1996-10-25 00:00:00+05:30,0.7852113176333677,0.7956037498880808,0.7852113176333677,0.7955458164215088,307200,0.0,0.0
1996-10-28 00:00:00+05:30,0.7984971098409727,0.7984971098409727,0.786982322007642,0.7953721880912781,665600,0.00293,0.0
1996-10-29 00:00:00+05:30,0.7594976178440291,0.7996542969368604,0.7594976178440291,0.7969346642494202,921600,0.0,0.0
1996-10-30 00:00:00+05:30,0.7969346642494202,0.7969346642494202,0.7969346642494202,0.7969346642494202,0,0.0,0.0
1996-10-31 00:00:00+05:30,0.7892392523297818,0.7915535960900312,0.7707233721281457,0.7868087887763977,460800,0.0,0.0
1996-11-01 00:00:00+05:30,0.7868085651624392,0.792710542678833,0.7868085651624392,0.792710542678833,409600,0.0,0.0
1996-11-04 00:00:00+05:30,0.7754681696414564,0.7869248986244202,0.7754681696414564,0.7869248986244202,153600,0.0,0.0
1996-11-05 00:00:00+05:30,0.7771461147575418,0.789239242355421,0.7771461147575418,0.7869248986244202,460800,0.0,0.0
1996-11-06 00:00:00+05:30,0.781022919505251,0.7869248986244202,0.781022919505251,0.7869248986244202,409600,0.0,0.0
1996-11-07 00:00:00+05:30,0.7927109986367518,0.7983238101005554,0.7927109986367518,0.7983238101005554,460800,0.0,0.0
1996-11-08 00:00:00+05:30,0.8088542177102968,0.8088542177102968,0.803183913230896,0.803183913230896,153600,0.0,0.0
1996-11-11 00:00:00+05:30,0.7996542799672062,0.7996542799672062,0.7931159734725952,0.7931159734725952,358400,0.0,0.0
1996-11-12 00:00:00+05:30,0.7931159734725952,0.7931159734725952,0.7931159734725952,0.7931159734725952,0,0.0,0.0
1996-11-13 00:00:00+05:30,0.7962404328631452,0.8042831420898436,0.7962404328631452,0.8042831420898438,358400,0.0,0.0
1996-11-14 00:00:00+05:30,0.8042831643474353,0.812383933701396,0.8042831643474353,0.8079288601875305,409600,0.0,0.0
1996-11-15 00:00:00+05:30,0.8100695610046388,0.8100695610046388,0.8100695610046388,0.8100695610046387,102400,0.0,0.0
1996-11-18 00:00:00+05:30,0.8089125172073125,0.809780519952582,0.8044568780847562,0.8064245581626892,307200,0.0,0.0
1996-11-19 00:00:00+05:30,0.8043410789429074,0.8170130393308446,0.8043410789429074,0.8114582896232605,1126400,0.0,0.0
1996-11-20 00:00:00+05:30,0.8078124599967558,0.8123836517333984,0.8078124599967558,0.8123836517333984,153600,0.0,0.0
1996-11-21 00:00:00+05:30,0.8112267404544913,0.8112267404544913,0.8089123964309691,0.8089123964309692,153600,0.0,0.0
1996-11-22 00:00:00+05:30,0.8089124125233808,0.8100695845581625,0.8089124125233808,0.8094906806945801,307200,0.0,0.0
1996-11-25 00:00:00+05:30,0.7984970523888831,0.8031257390975952,0.7984970523888831,0.8031257390975952,102400,0.0,0.0
1996-11-26 00:00:00+05:30,0.800811187162554,0.8031255299141121,0.7998856902122496,0.7998856902122498,256000,0.0,0.0
1996-11-27 00:00:00+05:30,0.7960666337786558,0.7996542687835836,0.7960666337786558,0.7990753650665283,460800,0.0,0.0
1996-11-28 00:00:00+05:30,0.7984974943999156,0.8042833559885892,0.7984974943999156,0.8028370141983032,512000,0.0,0.0
1996-11-29 00:00:00+05:30,0.7929999556932673,0.8042831420898436,0.7929999556932673,0.8042831420898438,153600,0.0,0.0
1996-12-02 00:00:00+05:30,0.798497408997533,0.8042832699673864,0.7949097725909924,0.8038785457611084,921600,0.0,0.0
1996-12-03 00:00:00+05:30,0.8100695430523386,0.8100695430523386,0.7938680052757263,0.7938680052757263,716800,0.0,0.0
1996-12-04 00:00:00+05:30,0.7811384841090885,0.7869249085695325,0.7811384841090885,0.7868087887763977,1075200,0.0,0.0
1996-12-05 00:00:00+05:30,0.763779964106963,0.7846101932047987,0.763779964106963,0.7844946384429932,1126400,0.0,0.0
1996-12-06 00:00:00+05:30,0.7847261855701391,0.7984972596168518,0.7846100657672339,0.7984972596168518,716800,0.0,0.0
1996-12-09 00:00:00+05:30,0.7984972596168518,0.7984972596168518,0.7984972596168518,0.7984972596168518,153600,0.0,0.0
1996-12-10 00:00:00+05:30,0.7892392434394047,0.7969927823129956,0.7892392434394047,0.7955458760261536,256000,0.0,0.0
1996-12-11 00:00:00+05:30,0.8100699336230625,0.81585636135028,0.8089127610896468,0.8152774572372437,307200,0.0,0.0
1996-12-12 00:00:00+05:30,0.8123836614783938,0.8158557415008545,0.8123836614783938,0.8158557415008545,768000,0.0,0.0
1996-12-13 00:00:00+05:30,0.8100693181698935,0.8158557415008545,0.8100693181698935,0.8158557415008545,409600,0.0,0.0
1996-12-16 00:00:00+05:30,0.8158559639021978,0.8215262690084085,0.8158559639021978,0.8200218677520752,409600,0.0,0.0
1996-12-17 00:00:00+05:30,0.823956545653289,0.830899575894891,0.8216996970675632,0.8293951749801636,768000,0.0,0.0
1996-12-18 00:00:00+05:30,0.8609886834059348,0.8609886834059348,0.8447871421843747,0.8505730032920837,512000,0.0,0.0
1996-12-19 00:00:00+05:30,0.8621458032339249,0.8679316639900208,0.8518462435733846,0.8679316639900208,665600,0.0,0.0
1996-12-20 00:00:00+05:30,0.8725607637474821,0.8829758763313295,0.8679315108991871,0.8829758763313293,1177600,0.0,0.0
1996-12-23 00:00:00+05:30,0.8852904438972473,0.8887625256756654,0.8806617549393512,0.8852904438972473,1843200,0.0,0.0
1996-12-24 00:00:00+05:30,0.8748751889365131,0.8910767278212389,0.8748751889365131,0.8795044422149658,1382400,0.0,0.0
1996-12-25 00:00:00+05:30,0.8795044422149658,0.8795044422149658,0.8795044422149658,0.8795044422149658,0,0.0,0.0
1996-12-26 00:00:00+05:30,0.8957052158611419,0.8968623876571656,0.8957052158611419,0.8968623876571655,153600,0.0,0.0
1996-12-27 00:00:00+05:30,0.8968623876571656,0.8968623876571656,0.8968623876571656,0.8968623876571655,0,0.0,0.0
1996-12-30 00:00:00+05:30,0.8968623876571656,0.8968623876571656,0.8968623876571656,0.8968623876571655,0,0.0,0.0
1996-12-31 00:00:00+05:30,0.9026488482778128,0.9026488482778128,0.8910765647888184,0.8910765647888184,972800,0.0,0.0
1997-01-01 00:00:00+05:30,0.9142213364109549,0.9373664736296764,0.9142213364109549,0.9143374562263489,665600,0.0,0.0
1997-01-02 00:00:00+05:30,0.9256783523116096,0.930423161993464,0.9153787899232816,0.9227851033210754,921600,0.0,0.0
1997-01-03 00:00:00+05:30,0.915436031125161,0.9246359076932976,0.915436031125161,0.9211643934249878,768000,0.0,0.0
1997-01-06 00:00:00+05:30,0.9362090570469946,0.9362090570469946,0.9257939457893373,0.9257939457893372,921600,0.0,0.0
1997-01-07 00:00:00+05:30,0.9142789988192289,0.9292652998411304,0.9142789988192289,0.927760899066925,819200,0.0,0.0
1997-01-08 00:00:00+05:30,0.9373663483419563,0.9373663483419563,0.9258515586493868,0.9276456236839294,870400,0.0,0.0
1997-01-09 00:00:00+05:30,0.9257941295219608,0.9367875110151139,0.9257941295219608,0.9367300868034363,972800,0.0,0.0
1997-01-10 00:00:00+05:30,0.9483596920701808,0.9605108799487629,0.9431521712968207,0.9501538276672363,2150400,0.0,0.0
1997-01-13 00:00:00+05:30,0.9603956705452815,0.9638671875000001,0.9571552631446911,0.9638671875,614400,0.0,0.0
1997-01-14 00:00:00+05:30,0.966297143067289,0.966297143067289,0.95709726422506,0.964966356754303,921600,0.0,0.0
1997-01-15 00:00:00+05:30,0.9934918606587386,1.0068002156050975,0.9929135927638786,1.00668466091156,2918400,0.0,0.0
1997-01-16 00:00:00+05:30,1.0241593510754148,1.0241593510754148,0.9387552142143251,0.938755214214325,716800,0.0,0.0
1997-01-17 00:00:00+05:30,0.9431521418428556,0.9605108499526978,0.9431521418428556,0.9605108499526978,2713600,0.0,0.0
1997-01-20 00:00:00+05:30,0.967396234865617,0.9743978899212579,0.9558820128440856,0.9558820128440857,614400,0.0,0.0
1997-01-21 00:00:00+05:30,0.937423908386947,0.9535679520514299,0.9315799883441217,0.9347048401832581,2867200,0.0,0.0
1997-01-22 00:00:00+05:30,0.9500958303575279,0.9680333733558655,0.944309970465622,0.9680333733558655,409600,0.0,0.0
1997-01-23 00:00:00+05:30,0.9680333733558655,0.9680333733558655,0.9680333733558655,0.9680333733558655,0,0.0,0.0
1997-01-24 00:00:00+05:30,0.9559977467952181,0.9559977467952181,0.9454670798835947,0.9469134211540222,2252800,0.0,0.0
1997-01-27 00:00:00+05:30,0.9904835857175937,1.006800678782229,0.9836561083793641,0.983656108379364,921600,0.0,0.0
1997-01-28 00:00:00+05:30,0.969768677571313,0.969768677571313,0.9570972833494645,0.9625939726829529,921600,0.0,0.0
1997-01-29 00:00:00+05:30,0.9686112999916077,0.9686112999916077,0.9686112999916077,0.9686112999916077,358400,0.0,0.0
1997-01-30 00:00:00+05:30,0.958196832471936,0.9645615271157637,0.9561716574100357,0.9583704471588135,512000,0.0,0.0
1997-01-31 00:00:00+05:30,0.9570397498871872,0.9662976938947782,0.9570397498871872,0.9651405215263367,768000,0.0,0.0
1997-02-03 00:00:00+05:30,0.9570392883993326,0.9720836520547427,0.9570392883993326,0.9664127826690674,614400,0.0,0.0
1997-02-04 00:00:00+05:30,0.966297452445702,0.997542793766515,0.966297452445702,0.9694797992706299,2508800,0.0,0.0
1997-02-05 00:00:00+05:30,1.0056434689564802,1.0065114715413097,0.9894419312477113,0.9894419312477112,665600,0.0,0.0
1997-02-06 00:00:00+05:30,0.9778696464813899,0.992914012219513,0.9778696464813899,0.9894419312477112,307200,0.0,0.0
1997-02-07 00:00:00+05:30,0.9975424408912659,1.0010145209608496,0.9975424408912659,0.9975424408912659,204800,0.0,0.0
1997-02-10 00:00:00+05:30,1.006800681323919,1.006800681323919,1.0010148212385392,1.0021719932556152,256000,0.0,0.0
1997-02-11 00:00:00+05:30,1.0068003693564578,1.0299454977058828,1.0056431976979434,1.0298874378204346,1075200,0.0,0.0
1997-02-12 00:00:00+05:30,1.047304517245609,1.047304517245609,1.025606288405482,1.0415180921554565,256000,0.0,0.0
1997-02-13 00:00:00+05:30,1.0404766011673843,1.0449897349934245,1.0380467021144946,1.0442378520965576,2201600,0.0,0.0
1997-02-14 00:00:00+05:30,1.0981644506556343,1.0981644506556343,1.0357312895677173,1.036136507987976,1075200,0.0,0.0
1997-02-17 00:00:00+05:30,1.0588763156008334,1.0588763156008334,1.035731190939914,1.0426167249679565,870400,0.0,0.0
1997-02-18 00:00:00+05:30,1.0403605099983277,1.0472460444771,1.0357312587392626,1.0397241115570068,1382400,0.0,0.0
1997-02-19 00:00:00+05:30,0.9969642379532488,1.053090214729309,0.9969642379532488,1.053090214729309,972800,0.0,0.0
1997-02-20 00:00:00+05:30,1.0507759850564566,1.055405237928175,1.0473044691975602,1.0531483888626099,614400,0.0,0.0
1997-02-21 00:00:00+05:30,1.0473623014956794,1.0658206939697266,1.0473623014956794,1.0658206939697266,3993600,0.0,0.0
1997-02-24 00:00:00+05:30,1.0496186274178358,1.0530901426625947,1.0474198386414755,1.0479406118392944,307200,0.0,0.0
1997-02-25 00:00:00+05:30,1.0530901566891921,1.0704488632637068,1.0485770243562134,1.0602073669433594,1382400,0.0,0.0
1997-02-26 00:00:00+05:30,1.0646630958109935,1.092436915701715,1.0646630958109935,1.0905272960662842,2457600,0.0,0.0
1997-02-27 00:00:00+05:30,1.0879813581589564,1.1103739738464355,1.0878077435188283,1.1103739738464355,2048000,0.0,0.0
1997-02-28 00:00:00+05:30,1.1688148418876092,1.1908021679516472,1.1688148418876092,1.187330722808838,1024000,0.0,0.0
1997-03-03 00:00:00+05:30,1.3412436732252968,1.359412326418253,1.2961117747018205,1.3593549728393555,1894400,0.0,0.0
1997-03-04 00:00:00+05:30,1.3596434363961176,1.359758991095766,1.2903247430985085,1.3152635097503662,3276800,0.0,0.0
1997-03-05 00:00:00+05:30,1.3886909062410187,1.3886909062410187,1.3077412902775871,1.3256207704544067,4249600,0.0,0.0
1997-03-06 00:00:00+05:30,1.360628042668717,1.3655464667170378,1.2347780068315133,1.2632462978363037,3993600,0.0,0.0
1997-03-07 00:00:00+05:30,1.2632462978363037,1.2632462978363037,1.2632462978363037,1.2632462978363037,0,0.0,0.0
1997-03-10 00:00:00+05:30,1.1803867767348815,1.2278335662835445,1.1803867767348815,1.1804448366165161,3430400,0.0,0.0
1997-03-11 00:00:00+05:30,1.215104664145626,1.215104664145626,1.1352547078926103,1.1616977453231812,3174400,0.0,0.0
1997-03-12 00:00:00+05:30,1.2035323232317878,1.2151046081517407,1.1763367685348032,1.1993658542633057,3379200,0.0,0.0
1997-03-13 00:00:00+05:30,1.2023742081819933,1.2266765794876764,1.2012171071242672,1.2093178033828735,5222400,0.0,0.0
1997-03-14 00:00:00+05:30,1.2093179384738846,1.226097812761948,1.2058464936479847,1.2064248323440552,3430400,0.0,0.0
1997-03-17 00:00:00+05:30,1.1491416361230573,1.2197330695791186,1.1491416361230573,1.203532099723816,1638400,0.0,0.0
1997-03-18 00:00:00+05:30,1.2059043499926185,1.209318301008234,1.1688150855782984,1.1843222379684448,10496000,0.0,0.0
1997-03-19 00:00:00+05:30,1.2012169761807272,1.2035318843684935,1.1838582726006466,1.1859415769577026,972800,0.0,0.0
1997-03-20 00:00:00+05:30,1.1168540063352677,1.1908018872164585,1.1168540063352677,1.1861732006072998,2560000,0.0,0.0
1997-03-21 00:00:00+05:30,1.1838583946228027,1.1861732324167045,1.1688720925068685,1.1838583946228027,8550400,0.0,0.0
1997-03-24 00:00:00+05:30,1.1838583946228027,1.1838583946228027,1.1838583946228027,1.1838583946228027,0,0.0,0.0
1997-03-25 00:00:00+05:30,1.1861731081728881,1.2324627959558268,1.1787087406264813,1.2157405614852905,2304000,0.0,0.0
1997-03-26 00:00:00+05:30,1.197861141810633,1.2278337478637695,1.197861141810633,1.2278337478637695,1126400,0.0,0.0
1997-03-27 00:00:00+05:30,1.253235809005008,1.2729669996498132,1.239406670589592,1.2724461555480957,2816000,0.0,0.0
1997-03-28 00:00:00+05:30,1.2724461555480957,1.2724461555480957,1.2724461555480957,1.2724461555480957,0,0.0,0.0
1997-03-31 00:00:00+05:30,1.1833958625793457,1.1833958625793457,1.1833958625793457,1.1833958625793457,51200,0.0,0.0
1997-04-01 00:00:00+05:30,1.099437794385371,1.1976874089919798,1.0993797345008804,1.1683517694473267,2969600,0.0,0.0
1997-04-02 00:00:00+05:30,1.215104484293958,1.2463497492784226,1.215104484293958,1.243341088294983,2150400,0.0,0.0
1997-04-03 00:00:00+05:30,1.2498218623728472,1.3227275726181325,1.2498218623728472,1.3084357976913452,2355200,0.0,0.0
1997-04-04 00:00:00+05:30,1.4000316858291626,1.4000316858291626,1.340086464542623,1.4000316858291626,8448000,0.0,0.0
1997-04-07 00:00:00+05:30,1.4008415937423706,1.4008415937423706,1.4008415937423706,1.4008415937423706,870400,0.0,0.0
1997-04-08 00:00:00+05:30,1.4008415937423706,1.4008415937423706,1.4008415937423706,1.4008415937423706,0,0.0,0.0
1997-04-09 00:00:00+05:30,1.4988602101508877,1.4988602101508877,1.4598613340277646,1.4691767692565918,12697600,0.0,0.0
1997-04-10 00:00:00+05:30,1.4650689097435352,1.4696975973589856,1.366413983520412,1.3836565017700195,15155200,0.0,0.0
1997-04-11 00:00:00+05:30,1.32862943252767,1.3829042659133564,1.3238851911456382,1.3770023584365845,9523200,0.0,0.0
1997-04-14 00:00:00+05:30,1.3770023584365845,1.3770023584365845,1.3770023584365845,1.3770023584365845,0,0.0,0.0
1997-04-15 00:00:00+05:30,1.3944767283351085,1.417621859863011,1.3886909398804492,1.410157561302185,5632000,0.0,0.0
1997-04-16 00:00:00+05:30,1.410157561302185,1.410157561302185,1.410157561302185,1.410157561302185,0,0.0,0.0
1997-04-17 00:00:00+05:30,1.4183161134378,1.4349804305618261,1.4124142060489586,1.433359980583191,2969600,0.0,0.0
1997-04-18 00:00:00+05:30,1.433359980583191,1.433359980583191,1.433359980583191,1.433359980583191,0,0.0,0.0
1997-04-21 00:00:00+05:30,1.4523390773720117,1.4795347056268426,1.4523390773720117,1.476525902748108,3225600,0.0,0.0
1997-04-22 00:00:00+05:30,1.4812699923539971,1.5102009056272463,1.4812699923539971,1.5044726133346558,8345600,0.0,0.0
1997-04-23 00:00:00+05:30,1.4974719182689424,1.498629019926707,1.488213974886785,1.4984554052352905,2560000,0.0,0.0
1997-04-24 00:00:00+05:30,1.5076554072609059,1.5076554072609059,1.4941153030541414,1.5021005868911743,1996800,0.0,0.0
1997-04-25 00:00:00+05:30,1.4941152771019708,1.533345824461287,1.4941152771019708,1.5305688381195068,3174400,0.0,0.0
1997-04-28 00:00:00+05:30,1.5368180135793132,1.6377292188085781,1.521773578808047,1.6374975442886353,11161600,0.0,0.0
1997-04-29 00:00:00+05:30,1.6548559030120693,1.7242907167365915,1.5564905996827536,1.629454493522644,8960000,0.0,0.0
1997-04-30 00:00:00+05:30,1.6664293561723804,1.73354928619769,1.6664293561723804,1.6798532009124756,16896000,0.0,0.0
1997-05-01 00:00:00+05:30,1.6798532009124756,1.6798532009124756,1.6798532009124756,1.6798532009124756,0,0.0,0.0
1997-05-02 00:00:00+05:30,1.671058631773275,1.6774233270932086,1.6432847994025828,1.6611062288284302,7475200,0.0,0.0
1997-05-05 00:00:00+05:30,1.6444415343502095,1.6583287299679643,1.621296961733872,1.627314567565918,10086400,0.0,0.0
1997-05-06 00:00:00+05:30,1.6270823655862874,1.6432839002021054,1.6155100830291704,1.6398698091506958,7270400,0.0,0.0
1997-05-07 00:00:00+05:30,1.6374976870210125,1.6658504127848486,1.6288186501936204,1.6534101963043213,7936000,0.0,0.0
1997-05-08 00:00:00+05:30,1.6780019686765064,1.7092472426764629,1.6664296815970767,1.6950135231018066,18227200,0.0,0.0
1997-05-09 00:00:00+05:30,1.6953599866720521,1.7115609565912986,1.688416390958221,1.6965172290802002,7424000,0.0,0.0
1997-05-12 00:00:00+05:30,1.6930454261336652,1.69536033522071,1.666429410334049,1.6727941036224365,5734400,0.0,0.0
1997-05-13 00:00:00+05:30,1.6722145971113995,1.684481336485824,1.6722145971113995,1.6815305948257446,2713600,0.0,0.0
1997-05-14 00:00:00+05:30,1.6780015144563962,1.6803158582338142,1.654856381502741,1.6784062385559082,3942400,0.0,0.0
1997-05-15 00:00:00+05:30,1.6785796138305809,1.6785796138305809,1.6607580532925672,1.665676474571228,1843200,0.0,0.0
1997-05-16 00:00:00+05:30,1.6664294986869832,1.6687438428368473,1.657171557027611,1.664172649383545,2764800,0.0,0.0
1997-05-19 00:00:00+05:30,1.6710575487043338,1.6915985989151419,1.6652710548474956,1.6757442951202393,3328000,0.0,0.0
1997-05-20 00:00:00+05:30,1.6687434786670474,1.6780014183060599,1.6687434786670474,1.6756870746612549,2150400,0.0,0.0
1997-05-21 00:00:00+05:30,1.6780012046635409,1.6780012046635409,1.6652711154858448,1.6682804822921753,2611200,0.0,0.0
1997-05-22 00:00:00+05:30,1.6664293987794543,1.6664293987794543,1.594680213955924,1.6160893440246582,16947200,0.0,0.0
1997-05-23 00:00:00+05:30,1.6178299458005285,1.6826475719751814,1.6015818692484323,1.6532270908355713,20326400,0.007813,0.0
1997-05-26 00:00:00+05:30,1.6491649687095913,1.677018571418475,1.6491649687095913,1.6670377254486084,9011200,0.0,0.0
1997-05-27 00:00:00+05:30,1.681544965516033,1.729244665257802,1.6724345430217387,1.7027838230133057,20377600,0.0,0.0
1997-05-28 00:00:00+05:30,1.6665747533875859,1.6792248266110406,1.6481215589508185,1.6713331937789917,4915200,0.0,0.0
1997-05-29 00:00:00+05:30,1.6711581684575696,1.678759938589899,1.6677342693081765,1.6756260395050049,819200,0.0,0.0
1997-05-30 00:00:00+05:30,1.6828213086656727,1.7234408534358059,1.6828213086656727,1.718218445777893,3174400,0.0,0.0
1997-06-02 00:00:00+05:30,1.7037121515886051,1.740850297309154,1.7037121515886051,1.7378910779953003,2150400,0.0,0.0
1997-06-03 00:00:00+05:30,1.7407917435982345,1.812805255766155,1.7407917435982345,1.7880849838256836,4556800,0.0,0.0
1997-06-04 00:00:00+05:30,1.7779881695126876,1.7953966726411557,1.7756671774329862,1.7895936965942383,2406400,0.0,0.0
1997-06-05 00:00:00+05:30,1.7988785354551788,1.8104846311802278,1.782050454592558,1.7851837873458862,1587200,0.0,0.0
1997-06-06 00:00:00+05:30,1.7733458967932514,1.810484030757508,1.7438089646101465,1.8027081489562988,5939200,0.0,0.0
1997-06-09 00:00:00+05:30,1.8081630989052022,1.92880441610113,1.804681539310423,1.9109312295913696,14694400,0.0,0.0
1997-06-10 00:00:00+05:30,1.9039098159580976,2.0447447299957275,1.9039098159580976,2.0447447299957275,18534400,0.0,0.0
1997-06-11 00:00:00+05:30,2.1017287022833804,2.147049191736303,2.0077811268666528,2.0276265144348145,19148800,0.0,0.0
1997-06-12 00:00:00+05:30,2.028612596702505,2.083217472142153,2.00778075915753,2.0255374908447266,7526400,0.0,0.0
1997-06-13 00:00:00+05:30,1.9857296663211383,2.0135832756677794,1.9845692409358116,1.999018669128418,4147200,0.0,0.0
1997-06-16 00:00:00+05:30,1.9265405845395718,1.9845687822628295,1.8627092695354124,1.880756139755249,16025600,0.0,0.0
1997-06-17 00:00:00+05:30,1.961358366579863,2.012423038482666,1.961358366579863,2.012423038482666,4659200,0.0,0.0
1997-06-18 00:00:00+05:30,2.1470482173008554,2.153315305709839,2.1470482173008554,2.153315305709839,1894400,0.0,0.0
1997-06-19 00:00:00+05:30,2.2631043617784092,2.2631043617784092,2.100625327093864,2.200550079345703,9267200,0.0,0.0
1997-06-20 00:00:00+05:30,2.222485511362379,2.222485511362379,2.1592348934969516,2.1755988597869873,3788800,0.0,0.0
1997-06-23 00:00:00+05:30,2.1528510913289467,2.158654209328197,2.1122315320664824,2.143624782562256,3225600,0.0,0.0
1997-06-24 00:00:00+05:30,2.10178680913088,2.1342824057391705,2.0309920718549948,2.0607025623321533,4352000,0.0,0.0
1997-06-25 00:00:00+05:30,2.089020219641082,2.181865562736241,2.089020219641082,2.1116507053375244,3328000,0.0,0.0
1997-06-26 00:00:00+05:30,2.1191953351752275,2.1632970256522275,2.1122317910613555,2.1499505043029785,2048000,0.0,0.0
1997-06-27 00:00:00+05:30,2.1313813031562456,2.1319611616459997,2.101322589414115,2.108750104904175,3328000,0.0,0.0
1997-06-30 00:00:00+05:30,2.1064287479644896,2.1586545515039464,2.1064287479644896,2.154534339904785,4352000,0.0,0.0
1997-07-01 00:00:00+05:30,2.176062637836996,2.292119043624991,2.176062637836996,2.2451741695404053,15104000,0.0,0.0
1997-07-02 00:00:00+05:30,2.2573026258886077,2.261944610449497,2.2015954110593787,2.229564905166626,4812800,0.0,0.0
1997-07-03 00:00:00+05:30,2.2259665074605537,2.309527309930856,2.1992733316673565,2.2866644859313965,6246400,0.0,0.0
1997-07-04 00:00:00+05:30,2.3072073462292995,2.3791625137511283,2.2747117474642726,2.325486421585083,9574400,0.0,0.0
1997-07-07 00:00:00+05:30,2.4255847776123383,2.4883131980895996,2.344345086575605,2.4883131980895996,9881600,0.0,0.0
1997-07-08 00:00:00+05:30,2.5404803499040702,2.5474437504520253,2.321133515984983,2.4478089809417725,8601600,0.0,0.0
1997-07-09 00:00:00+05:30,2.3222942670390916,2.611275288671051,2.3222942670390916,2.5999016761779785,9267200,0.0,0.0
1997-07-10 00:00:00+05:30,2.611275871299737,2.692515857230175,2.5822619751453186,2.6404643058776855,6144000,0.0,0.0
1997-07-11 00:00:00+05:30,2.5532472759733404,2.82516788419127,2.5532472759733404,2.802885055541992,17254400,0.0,0.0
1997-07-14 00:00:00+05:30,2.830621376717285,2.93478222928808,2.808570894611999,2.8988046646118164,12032000,0.0,0.0
1997-07-15 00:00:00+05:30,2.923467036252883,2.923467036252883,2.7563454265574627,2.780717611312866,7270400,0.0,0.0
1997-07-16 00:00:00+05:30,2.814372969068735,2.924626755485861,2.7400967340087767,2.773404359817505,8857600,0.0,0.0
1997-07-17 00:00:00+05:30,2.76017720832205,2.8248207555427345,2.7204274917093287,2.799288272857666,5990400,0.0,0.0
1997-07-18 00:00:00+05:30,2.799288272857666,2.799288272857666,2.799288272857666,2.799288272857666,0,0.0,0.0
1997-07-21 00:00:00+05:30,2.729653023006162,2.729653023006162,2.6033833026885986,2.6033833026885986,307200,0.0,0.0
1997-07-22 00:00:00+05:30,2.4211745262145996,2.6681432395469717,2.4211745262145996,2.4211745262145996,5836800,0.0,0.0
1997-07-23 00:00:00+05:30,2.4081760558773997,2.4894160229516173,2.396570670114261,2.4385831356048584,5478400,0.0,0.0
1997-07-24 00:00:00+05:30,2.422219349539434,2.4545990572920156,2.3919284358290303,2.412238359451294,2048000,0.0,0.0
1997-07-25 00:00:00+05:30,2.374519568389405,2.4128181362896295,2.315330795268638,2.340108871459961,2764800,0.0,0.0
1997-07-28 00:00:00+05:30,2.280746370922081,2.343184798756085,2.280746370922081,2.3229329586029053,1689600,0.0,0.0
1997-07-29 00:00:00+05:30,2.3571109942628965,2.3571109942628965,2.2921192427055477,2.3094120025634766,3430400,0.0,0.0
1997-07-30 00:00:00+05:30,2.344344740602911,2.344344740602911,2.3037250427498788,2.310688018798828,1689600,0.0,0.0
1997-07-31 00:00:00+05:30,2.331230214213614,2.4724708379945217,2.3211333408492143,2.3894906044006348,9113600,0.0,0.0
1997-08-01 00:00:00+05:30,2.5184311114372653,2.556788206100464,2.5081021743529486,2.556788206100464,2355200,0.0,0.0
1997-08-04 00:00:00+05:30,2.734294968670272,2.735803762107507,2.698317399564854,2.7262868881225586,1484800,0.0,0.0
1997-08-05 00:00:00+05:30,2.766327399175082,2.7679526465279713,2.611275798288573,2.660600185394287,2099200,0.0,0.0
1997-08-06 00:00:00+05:30,2.7447397423696867,2.750542575405017,2.6228802486277547,2.6459178924560547,819200,0.0,0.0
1997-08-07 00:00:00+05:30,2.692516418928813,2.692516418928813,2.612436983472464,2.6373891830444336,2252800,0.0,0.0
1997-08-08 00:00:00+05:30,2.6228803344972698,2.6228803344972698,2.530035002892359,2.564039945602417,1740800,0.0,0.0
1997-08-11 00:00:00+05:30,2.5532475145969014,2.6901938600603317,2.5532475145969014,2.638838768005371,1689600,0.0,0.0
1997-08-12 00:00:00+05:30,2.6287410743324355,2.6693031068699167,2.541640487474851,2.575761318206787,2252800,0.0,0.0
1997-08-13 00:00:00+05:30,2.5242326634594696,2.5996700852962626,2.502182173756099,2.5885863304138184,1126400,0.0,0.0
1997-08-14 00:00:00+05:30,2.4371893052973284,2.553246235716788,2.4075945769510056,2.5440192222595215,7731200,0.0,0.0
1997-08-15 00:00:00+05:30,2.5440192222595215,2.5440192222595215,2.5440192222595215,2.5440192222595215,0,0.0,0.0
1997-08-18 00:00:00+05:30,2.512628193105321,2.722110613428036,2.512628193105321,2.7094602584838867,8396800,0.0,0.0
1997-08-19 00:00:00+05:30,2.7563467068261858,2.791164008359503,2.622881753766296,2.669478416442871,14899200,0.0,2.0
1997-08-20 00:00:00+05:30,2.509144091440505,2.841066341103639,2.509144091440505,2.801954746246338,9574400,0.0,0.0
1997-08-21 00:00:00+05:30,2.820176945765027,2.8433885666575627,2.759827751473916,2.8197131156921387,6323200,0.0,0.0
1997-08-22 00:00:00+05:30,2.8317836608624214,2.8317836608624214,2.7992874994453802,2.822963237762451,3251200,0.0,0.0
1997-08-25 00:00:00+05:30,2.8085717576471447,2.913022500623363,2.7853607018069626,2.885517120361328,5273600,0.0,0.0
1997-08-26 00:00:00+05:30,2.9014184444929882,3.0151537752824344,2.9014184444929882,3.0035483837127686,7961600,0.0,0.0
1997-08-27 00:00:00+05:30,3.0290788804588287,3.121924218812861,3.017473496506061,3.0672616958618164,8448000,0.0,0.0
1997-08-28 00:00:00+05:30,3.0453288353609653,3.0755033041989606,2.929271812866841,2.9818458557128906,8755200,0.0,0.0
1997-08-29 00:00:00+05:30,2.9292705498867853,2.973372091749969,2.9060594954055827,2.950856924057007,6809600,0.0,0.0
1997-09-01 00:00:00+05:30,2.978014255710769,2.978014255710769,2.9421531332883952,2.9684982299804688,2560000,0.0,0.0
1997-09-02 00:00:00+05:30,2.9483033584660077,3.0515937986359902,2.9483033584660077,2.9846291542053223,8166400,0.0,0.0
1997-09-03 00:00:00+05:30,2.9826563943536546,2.9919409287589316,2.924628337662179,2.9560792446136475,4633600,0.0,0.0
1997-09-04 00:00:00+05:30,2.9548029732700196,2.971051192822288,2.9275293684318875,2.965944528579712,2867200,0.0,0.0
1997-09-05 00:00:00+05:30,2.975693240265865,3.0592540568414237,2.9617667208447993,3.039872646331787,4403200,0.0,0.0
1997-09-08 00:00:00+05:30,2.9968158060255403,3.2527208328247066,2.9942626152609346,3.252720832824707,9292800,0.0,0.0
1997-09-09 00:00:00+05:30,3.363322299922864,3.4804233765970887,3.363322299922864,3.4765937328338623,12288000,0.0,0.0
1997-09-10 00:00:00+05:30,3.4584893377676678,3.4584893377676678,3.2310184916671347,3.4319121837615967,10393600,0.0,0.0
1997-09-11 00:00:00+05:30,3.3470740691781726,3.3654107963086686,3.238561083061464,3.3043651580810547,7091200,0.0,0.0
1997-09-12 00:00:00+05:30,3.2727984859666104,3.409513044763061,3.2286966589251755,3.3521814346313477,6425600,0.0,0.0
1997-09-15 00:00:00+05:30,3.263514198222422,3.3865340198046825,3.263514198222422,3.320730209350586,5299200,0.0,0.0
1997-09-16 00:00:00+05:30,3.356358045791862,3.388854191241085,3.28440263921175,3.361696481704712,4940800,0.0,0.0
1997-09-17 00:00:00+05:30,3.3192208288368183,3.3308262137197087,3.2942686421543588,3.304133176803589,537600,0.0,0.0
1997-09-18 00:00:00+05:30,3.0406857251209543,3.151867834176957,3.0406857251209543,3.1086947917938232,5094400,0.0,0.0
1997-09-19 00:00:00+05:30,3.1219243514404638,3.3308260882702485,3.0934904653615947,3.2433197498321533,9728000,0.0,0.0
1997-09-22 00:00:00+05:30,3.2727979089870822,3.367964097904794,3.219528009193223,3.299375057220459,5273600,0.0,0.0
1997-09-23 00:00:00+05:30,3.2960091780368272,3.4555868038432793,3.2960091780368272,3.4145028591156006,6630400,0.0,0.0
1997-09-24 00:00:00+05:30,3.3772494295599627,3.5629401510028806,3.3772494295599627,3.5175621509552,11494400,0.0,0.0
1997-09-25 00:00:00+05:30,3.509670404251798,3.65578538910828,3.509670404251798,3.6153981685638428,8422400,0.0,0.0
1997-09-26 00:00:00+05:30,3.6627501123941957,3.769522587246498,3.632575362619439,3.701629400253296,10649600,0.0,0.0
1997-09-29 00:00:00+05:30,3.6673927508465365,3.783333313398988,3.6673927508465365,3.7219388484954834,6579200,0.0,0.0
1997-09-30 00:00:00+05:30,3.7090561318249846,3.804338233542082,3.6697127387182653,3.7590761184692383,14976000,0.0,0.0
1997-10-01 00:00:00+05:30,3.678995626847959,3.7251859481954823,3.611798937913252,3.709054470062256,7577600,0.0,0.0
1997-10-02 00:00:00+05:30,3.7090544700622563,3.7090544700622563,3.7090544700622563,3.709054470062256,0,0.0,0.0
1997-10-03 00:00:00+05:30,3.7090544700622563,3.7090544700622563,3.7090544700622563,3.709054470062256,0,0.0,0.0
1997-10-06 00:00:00+05:30,3.7090544700622563,3.7090544700622563,3.7090544700622563,3.709054470062256,0,0.0,0.0
1997-10-07 00:00:00+05:30,3.7090544700622563,3.7090544700622563,3.7090544700622563,3.709054470062256,0,0.0,0.0
1997-10-08 00:00:00+05:30,3.7090544700622563,3.7090544700622563,3.7090544700622563,3.709054470062256,0,0.0,0.0
1997-10-09 00:00:00+05:30,3.4352789697384765,3.516518108420701,3.391177132055633,3.4280829429626465,13363200,0.0,0.0
1997-10-10 00:00:00+05:30,3.470095380581755,3.7370261214052785,3.470095380581755,3.650911808013916,28544000,0.0,0.0
1997-10-13 00:00:00+05:30,3.7091712045272867,3.736792467657362,3.5977567918754083,3.6948964595794678,15948800,0.0,0.0
1997-10-14 00:00:00+05:30,3.7184558713377336,3.7184558713377336,3.5745458665455936,3.6127281188964844,9548800,0.0,0.0
1997-10-15 00:00:00+05:30,3.481701397204396,3.713814823684689,3.312258029190612,3.5919547080993652,31974400,0.0,0.0
1997-10-16 00:00:00+05:30,3.5977572471854287,3.5977572471854287,3.426225395997158,3.4716033935546875,18764800,0.0,0.0
1997-10-17 00:00:00+05:30,3.479262942739376,3.539728588609973,3.400460567418439,3.448159694671631,9830400,0.0,0.0
1997-10-20 00:00:00+05:30,3.3658768401300456,3.504912560024747,3.3658768401300456,3.4566328525543213,5606400,0.0,0.0
1997-10-21 00:00:00+05:30,3.4561684927818175,3.481701251971179,3.3795713485800247,3.4172894954681396,13721600,0.0,0.0
1997-10-22 00:00:00+05:30,3.416709476124698,3.4399205343328862,3.3076158874992534,3.3256046772003174,7910400,0.0,0.0
1997-10-23 00:00:00+05:30,3.2983299798110393,3.3192201785220683,3.18459473683689,3.252603769302368,12620800,0.0,0.0
1997-10-24 00:00:00+05:30,3.228928825061095,3.2611926409088157,3.1149612144121814,3.227536201477051,7654400,0.0,0.0
1997-10-27 00:00:00+05:30,3.184595687878472,3.212449294477992,3.16834746735388,3.195504903793335,4019200,0.0,0.0
1997-10-28 00:00:00+05:30,3.1451370828067846,3.1451370828067846,2.9014182124979113,2.987764596939087,13132800,0.0,0.0
1997-10-29 00:00:00+05:30,3.142815574707811,3.2217344246473925,3.0801446649501685,3.20711088180542,11520000,0.0,0.0
1997-10-30 00:00:00+05:30,3.1567425365421906,3.172989909385352,3.1062578672996963,3.1241304874420166,2048000,0.0,0.0
1997-10-31 00:00:00+05:30,3.1241304874420166,3.1241304874420166,3.1241304874420166,3.1241304874420166,0,0.0,0.0
1997-11-03 00:00:00+05:30,3.1220401045170485,3.1520989528047787,3.02443632926591,3.089660406112671,5555200,0.0,0.0
1997-11-04 00:00:00+05:30,3.1172824576109655,3.172989674724188,3.041845884445035,3.1293528079986572,4428800,0.0,0.0
1997-11-05 00:00:00+05:30,3.068537490275636,3.0871065539586438,2.959908637734895,3.0291941165924072,8115200,0.0,0.0
1997-11-06 00:00:00+05:30,3.0081902584073332,3.036043871911105,2.9803366449035615,3.0251340866088867,10112000,0.0,0.0
1997-11-07 00:00:00+05:30,2.996700334599673,3.06389734408281,2.996700334599673,3.039757490158081,4249600,0.0,0.0
1997-11-10 00:00:00+05:30,3.036043194679342,3.0380161018607863,2.996815691068508,3.0296595096588135,2048000,0.0,0.0
1997-11-11 00:00:00+05:30,3.0174751812137663,3.203165961596152,3.0174751812137663,3.1678848266601562,6732800,0.0,0.0
1997-11-12 00:00:00+05:30,3.179953855847617,3.179953855847617,3.0546128811481847,3.0565857887268066,7347200,0.0,0.0
1997-11-13 00:00:00+05:30,3.0476479801364205,3.061574497694297,3.0035464439550954,3.040916919708252,5555200,0.0,0.0
1997-11-14 00:00:00+05:30,3.0409169197082524,3.0409169197082524,3.0409169197082524,3.040916919708252,0,0.0,0.0
1997-11-17 00:00:00+05:30,3.0871078730243675,3.0871078730243675,3.0291954109131765,3.068190574645996,2816000,0.0,0.0
1997-11-18 00:00:00+05:30,3.0755020080714788,3.0755020080714788,2.9965831753653895,3.0222318172454834,10214400,0.0,0.0
1997-11-19 00:00:00+05:30,2.982656802650268,3.196201123203767,2.982656802650268,3.169856309890747,12288000,0.0,0.0
1997-11-20 00:00:00+05:30,3.140725890301539,3.3911765967463814,3.140725890301539,3.3737680912017822,25574400,0.0,0.0
1997-11-21 00:00:00+05:30,3.277441364266464,3.479379465211648,3.2380979710856628,3.2610766887664795,13209600,0.0,0.0
1997-11-24 00:00:00+05:30,3.2727989253208394,3.4120669767532825,3.1527964010065146,3.197594404220581,16153600,0.0,0.0
1997-11-25 00:00:00+05:30,3.1823901861554686,3.3888551985661732,3.161383812855147,3.347074508666992,10137600,0.0,0.0
1997-11-26 00:00:00+05:30,3.354038653723403,3.354038653723403,3.2565507334567525,3.31353497505188,10752000,0.0,0.0
1997-11-27 00:00:00+05:30,3.286725688876498,3.3401112032980347,3.286725688876498,3.3243279457092285,4172800,0.0,0.0
1997-11-28 00:00:00+05:30,3.2495877695761806,3.314579524967704,3.1963172881498343,3.2162792682647705,17920000,0.0,0.0
1997-12-01 00:00:00+05:30,3.2379811902105793,3.3051781859230798,3.1753111422441,3.293224573135376,9984000,0.0,0.0
1997-12-02 00:00:00+05:30,3.2913674664460397,3.337790142747698,3.2580589695263757,3.2711737155914307,6400000,0.0,0.0
1997-12-03 00:00:00+05:30,3.2611928534212713,3.3145792165817056,3.2565503022693916,3.272914409637451,17049600,0.0,0.0
1997-12-04 00:00:00+05:30,3.261193018353504,3.2727986884662976,3.133530647112772,3.2133777141571045,9164800,0.0,0.0
1997-12-05 00:00:00+05:30,3.2194125541882737,3.235544890151995,3.174266890880215,3.1910951137542725,14745600,0.0,0.0
1997-12-08 00:00:00+05:30,3.191559258587479,3.1985229451842185,3.036043819239315,3.0702805519104004,14233600,0.0,0.0
1997-12-09 00:00:00+05:30,3.073182023249467,3.0778240088251536,3.0081902584073332,3.0251340866088867,23116800,0.0,0.0
1997-12-10 00:00:00+05:30,2.9989048524507673,3.0731811336260186,2.9989048524507673,3.031400442123413,8729600,0.0,0.0
1997-12-11 00:00:00+05:30,3.0151521996672686,3.0267584351969314,2.7282604057888,2.8334078788757324,30924800,0.0,0.0
1997-12-12 00:00:00+05:30,2.7876809352292535,2.8317827532525355,2.558236954881965,2.5698423385620117,36582400,0.0,0.0
1997-12-15 00:00:00+05:30,2.599552847897611,2.715725683133401,2.5718157015847476,2.661294937133789,30054400,0.0,0.0
1997-12-16 00:00:00+05:30,2.711084321963427,2.711084321963427,2.555568071522965,2.61173939704895,42470400,0.0,0.0
1997-12-17 00:00:00+05:30,2.7170269834960896,2.798375388988751,2.682163502736263,2.745149850845337,13977600,0.005859,0.0
1997-12-18 00:00:00+05:30,2.7565395538773516,2.7681604330479304,2.7081954027654693,2.7181897163391113,5196800,0.0,0.0
1997-12-19 00:00:00+05:30,2.723185238534955,2.737828293720668,2.717026252234138,2.7332961559295654,2022400,0.0,0.0
1997-12-22 00:00:00+05:30,2.7867530619035255,2.8006987349276655,2.7423605797479085,2.774434804916382,7500800,0.0,0.0
1997-12-23 00:00:00+05:30,2.7774570847573417,2.807556063856106,2.6567136116456638,2.6763529777526855,8704000,0.0,0.0
1997-12-24 00:00:00+05:30,2.696109976338681,2.7658366747655543,2.6798400634513033,2.7401537895202637,4582400,0.0,0.0
1997-12-25 00:00:00+05:30,2.7401537895202637,2.7401537895202637,2.7401537895202637,2.7401537895202637,0,0.0,0.0
1997-12-26 00:00:00+05:30,2.751890693865557,2.7821054262102316,2.7264398994597467,2.761303663253784,13363200,0.0,0.0
1997-12-29 00:00:00+05:30,2.7681594062332073,2.8890194554615656,2.7507276683637323,2.8621747493743896,11673600,0.0,0.0
1997-12-30 00:00:00+05:30,2.8843715717512746,2.8843715717512746,2.772924479303621,2.7911696434020996,8780800,0.0,0.0
1997-12-31 00:00:00+05:30,2.812320396587172,2.915981369299882,2.812320396587172,2.8844876289367676,6451200,0.0,0.0
1998-01-01 00:00:00+05:30,2.893436332522225,2.8936689827322932,2.8611294462170798,2.8749585151672363,3097600,0.0,0.0
1998-01-02 00:00:00+05:30,2.8471843065295572,2.913308886224758,2.8471843065295572,2.8890202045440674,5632000,0.0,0.0
1998-01-05 00:00:00+05:30,2.9006421050748923,3.0540411634504165,2.9006421050748923,2.9902408123016357,13081600,0.0,0.0
1998-01-06 00:00:00+05:30,2.9797811727799486,3.0447436272184416,2.940153187529726,2.9579339027404785,14745600,0.0,0.0
1998-01-07 00:00:00+05:30,2.986638241489989,3.0563649272303737,2.9773413122286354,3.000002861022949,14924800,0.0,0.0
1998-01-08 00:00:00+05:30,2.963627550458445,2.9831508700937355,2.8682177240677738,2.8757717609405518,7782400,0.0,0.0
1998-01-09 00:00:00+05:30,2.8254532692297283,2.8703110785615027,2.7080797892131043,2.769671678543091,8422400,0.0,0.0
1998-01-12 00:00:00+05:30,2.744453355097138,2.744453355097138,2.672866609785201,2.6864635944366455,5299200,0.0,0.0
1998-01-13 00:00:00+05:30,2.7170274982288087,2.740269539418762,2.672867080900303,2.705173969268799,10854400,0.0,0.0
1998-01-14 00:00:00+05:30,2.7844291384854216,2.819059961919412,2.7384092398893207,2.7778048515319824,5632000,0.0,0.0
1998-01-15 00:00:00+05:30,2.8006997383931846,2.8006997383931846,2.690182658789803,2.7277190685272217,4966400,0.0,0.0
1998-01-16 00:00:00+05:30,2.7309720232667747,2.7542146269074044,2.7077299870655964,2.7263238430023193,3251200,0.0,0.0
1998-01-19 00:00:00+05:30,2.7123781045861524,2.7123781045861524,2.6449756620944385,2.6878576278686523,3788800,0.0,0.0
1998-01-20 00:00:00+05:30,2.49854840776176,2.7309715682455846,2.49854840776176,2.696805477142334,6553600,0.0,0.0
1998-01-21 00:00:00+05:30,2.7077300406035847,2.765835841554729,2.682279529555145,2.7410824298858643,3942400,0.0,0.0
1998-01-22 00:00:00+05:30,2.705407246399462,2.7606074971314887,2.7030824459302045,2.7094740867614746,2278400,0.0,0.0
1998-01-23 00:00:00+05:30,2.719351318502661,2.7309721954761756,2.684487552703143,2.698549270629883,7526400,0.0,0.0
1998-01-26 00:00:00+05:30,2.698549270629883,2.698549270629883,2.698549270629883,2.698549270629883,0,0.0,0.0
1998-01-27 00:00:00+05:30,2.68448716198776,2.68448716198776,2.6054635644948876,2.666590690612793,7552000,0.0,0.0
1998-01-28 00:00:00+05:30,2.631031028732269,2.6670560628345577,2.6031402404418214,2.609531879425049,17664000,0.0,0.0
1998-01-29 00:00:00+05:30,2.5450344117416295,2.5798981883269576,2.510171486315795,2.515052318572998,3712000,0.0,0.0
1998-01-30 00:00:00+05:30,2.518305518307366,2.57478448540272,2.518305518307366,2.565371513366699,2585600,0.0,0.0
1998-02-02 00:00:00+05:30,2.5798969143742543,2.6147603900241725,2.5682757558242812,2.5945394039154053,1766400,0.0,0.0
1998-02-03 00:00:00+05:30,2.59860769909813,2.6054643552219545,2.5729248164217164,2.582221746444702,15206400,0.0,0.0
1998-02-04 00:00:00+05:30,2.6033719025762534,2.6217336756977345,2.5787351003109817,2.5814080238342285,14950400,0.0,0.0
1998-02-05 00:00:00+05:30,2.582221734196598,2.60314039408867,2.5764117203993666,2.6016290187835693,998400,0.0,0.0
1998-02-06 00:00:00+05:30,2.6110418885863833,2.612436654701675,2.5869858614538837,2.5963988304138184,1664000,0.0,0.0
1998-02-09 00:00:00+05:30,2.6031399055401976,2.6147607821130543,2.5868699974108376,2.6077880859375,716800,0.0,0.0
1998-02-10 00:00:00+05:30,2.5880323985639877,2.6677533967221896,2.5880323985639877,2.628009080886841,2176000,0.0,0.0
1998-02-11 00:00:00+05:30,2.670542282047552,2.672866514045609,2.603255879191698,2.6263818740844727,1100800,0.0,0.0
1998-02-12 00:00:00+05:30,2.556655893395777,2.6147614254349683,2.4404439781579836,2.59616756439209,1382400,0.0,0.0
1998-02-13 00:00:00+05:30,2.6142966670065353,2.633354975114338,2.5984914897811415,2.628241777420044,896000,0.0,0.0
1998-02-16 00:00:00+05:30,2.628241777420044,2.628241777420044,2.628241777420044,2.628241777420044,0,0.0,0.0
1998-02-17 00:00:00+05:30,2.7449173954895865,2.7960502099431386,2.724696409161986,2.763627290725708,3660800,0.0,0.0
1998-02-18 00:00:00+05:30,2.7611871623264,2.7864044511997044,2.75886236326892,2.759908437728882,1536000,0.0,0.0
1998-02-19 00:00:00+05:30,2.7774566831372103,2.7774566831372103,2.7571202204992216,2.7625818252563477,844800,0.0,0.0
1998-02-20 00:00:00+05:30,2.7774561844977854,2.8212681769747947,2.768159258131469,2.798839569091797,2764800,0.0,0.0
1998-02-23 00:00:00+05:30,2.8307988441974863,3.0787946208048513,2.8204558393979395,3.0770511627197266,12339200,0.0,0.0
1998-02-24 00:00:00+05:30,3.114005695413332,3.1958185513668798,3.0679863540541,3.0810019969940186,6681600,0.0,0.0
1998-02-25 00:00:00+05:30,3.195819943335434,3.2117411670377294,3.0496259084002264,3.1880338191986084,5324800,0.0,0.0
1998-02-26 00:00:00+05:30,3.179548979540735,3.1841971592414247,3.1307395461873497,3.1499147415161133,2457600,0.0,0.0
1998-02-27 00:00:00+05:30,3.149333934539963,3.302733537175306,3.149333934539963,3.250206232070923,6220800,0.0,0.0
1998-03-02 00:00:00+05:30,3.321327093017756,3.38175683854589,3.277166687028944,3.3693225383758545,4377600,0.0,0.0
1998-03-03 00:00:00+05:30,3.3236523411627648,3.3236523411627648,3.1609563425456564,3.205697536468506,5094400,0.0,0.0
1998-03-04 00:00:00+05:30,3.258573804697614,3.3120311542222933,3.233006962509491,3.3016884326934814,1920000,0.0,0.0
1998-03-05 00:00:00+05:30,3.2771669488682624,3.3236515904652553,3.2353310551507053,3.243813991546631,1766400,0.0,0.0
1998-03-06 00:00:00+05:30,3.242185893452833,3.271354824585111,3.2224302121051727,3.2323079109191895,1177600,0.0,0.0
1998-03-09 00:00:00+05:30,3.2638026404973637,3.416620900968985,3.2608970666545907,3.382105827331543,5248000,0.0,0.0
1998-03-10 00:00:00+05:30,3.3366661385623435,3.37013512627449,3.3122614260117085,3.3502631187438965,2304000,0.0,0.0
1998-03-11 00:00:00+05:30,3.36083936051286,3.36083936051286,3.2428845804680435,3.262059211730957,2201600,0.0,0.0
1998-03-12 00:00:00+05:30,3.2354476082143138,3.2864643969475096,3.230682818209168,3.273681402206421,1356800,0.0,0.0
1998-03-13 00:00:00+05:30,3.273681402206421,3.273681402206421,3.273681402206421,3.273681402206421,0,0.0,0.0
1998-03-16 00:00:00+05:30,3.3073812202511257,3.537131756231245,3.3073812202511257,3.4841394424438477,8908800,0.0,0.0
1998-03-17 00:00:00+05:30,3.497969314093539,3.625802373813123,3.473100142068751,3.5951223373413086,12697600,0.0,0.0
1998-03-18 00:00:00+05:30,3.6606656437263663,3.8233622034979757,3.649044764871026,3.7644426822662354,24601600,0.0,0.0
1998-03-19 00:00:00+05:30,3.776876164607382,3.823360797817561,3.7072655398630125,3.735039710998535,14592000,0.0,0.0
1998-03-20 00:00:00+05:30,3.7190043838953404,3.776180735000452,3.697970248299185,3.763397455215454,8217600,0.0,0.0
1998-03-23 00:00:00+05:30,3.7744364106526636,3.804767753761287,3.7572373196826083,3.797795057296753,2457600,0.0,0.0
1998-03-24 00:00:00+05:30,3.8349813695664596,3.8768178167764953,3.690879312374745,3.7141213417053223,15513600,0.0,0.0
1998-03-25 00:00:00+05:30,3.8047667612647067,3.8698452446242437,3.7792002142306025,3.8058128356933594,4992000,0.0,0.0
1998-03-26 00:00:00+05:30,3.723419669725863,3.7884981707848375,3.723419669725863,3.7401540279388428,2432000,0.0,0.0
1998-03-27 00:00:00+05:30,3.748985260896682,3.997678324079439,3.707148808669198,3.9473583698272705,22400000,0.0,0.0
1998-03-30 00:00:00+05:30,3.9953548880473146,4.166767309546119,3.9953548880473146,4.036494255065918,18483200,0.0,0.0
1998-03-31 00:00:00+05:30,4.06275750419228,4.369556125790325,4.06275750419228,4.300177574157715,47462400,0.0,0.0
1998-04-01 00:00:00+05:30,4.334693812305177,4.520632433046195,4.281817800751769,4.499017238616943,34611200,0.0,0.0
1998-04-02 00:00:00+05:30,4.418365493544431,4.590358406835467,4.397912418726361,4.5002946853637695,30873600,0.0,0.0
1998-04-03 00:00:00+05:30,4.432311345365067,4.513659776409569,4.393032322066829,4.501225471496582,11084800,0.0,0.0
1998-04-06 00:00:00+05:30,4.555495316140835,4.68332752542975,4.52063154785877,4.663571834564209,20070400,0.0,0.0
1998-04-07 00:00:00+05:30,4.678679076167549,4.938993363020619,4.664733399422802,4.759446144104004,16153600,0.0,0.0
1998-04-08 00:00:00+05:30,4.759446144104004,4.759446144104004,4.759446144104004,4.759446144104004,0,0.0,0.0
1998-04-09 00:00:00+05:30,5.055203533890015,5.19233320836286,4.88088671852495,5.170834064483643,19737600,0.0,0.0
1998-04-10 00:00:00+05:30,5.224873452063289,5.224873452063289,4.799539002896215,4.8314971923828125,35302400,0.0,0.0
1998-04-13 00:00:00+05:30,4.764677022321948,4.764677022321948,4.357936252464246,4.380714416503906,21145600,0.0,0.0
1998-04-14 00:00:00+05:30,4.380714416503906,4.380714416503906,4.380714416503906,4.380714416503906,0,0.0,0.0
1998-04-15 00:00:00+05:30,4.715866285428405,4.715866285428405,4.578736602047557,4.67402982711792,8704000,0.0,0.0
1998-04-16 00:00:00+05:30,4.718190743016367,5.1133104723248355,4.595006445273997,4.865198135375977,32537600,0.0,0.0
1998-04-17 00:00:00+05:30,4.787917949784382,5.1946579848751515,4.787917949784382,5.157702922821045,47334400,0.0,0.0
1998-04-20 00:00:00+05:30,5.229519576377521,5.3852436325437605,5.148171485251481,5.191286087036133,34918400,0.0,0.0
1998-04-21 00:00:00+05:30,5.183036590628094,5.296923954191013,5.113310200784106,5.174437046051025,20172800,0.0,0.0
1998-04-22 00:00:00+05:30,5.647883243067865,5.6688013312549295,5.259736495596785,5.303896903991699,37913600,0.0,0.0
1998-04-23 00:00:00+05:30,5.236495108463377,5.285303416868411,5.0496265004806125,5.110288619995117,24140800,0.0,0.0
1998-04-24 00:00:00+05:30,5.057529540899887,5.183037519052539,4.823014158764845,5.032078742980957,30233600,0.0,0.0
1998-04-27 00:00:00+05:30,5.04358338072698,5.087744360615874,4.9041294466762935,4.95119571685791,11801600,0.0,0.0
1998-04-28 00:00:00+05:30,4.985477541348319,5.031729530257312,4.883791825921004,5.010927200317383,18432000,0.0,0.0
1998-04-29 00:00:00+05:30,5.0203392756059495,5.043581019627843,4.941314849198833,4.962000846862793,10214400,0.0,0.0
1998-04-30 00:00:00+05:30,4.962235660284776,5.072869887402278,4.9272985359318815,5.05540132522583,22809600,0.017578,0.0
1998-05-01 00:00:00+05:30,5.05540132522583,5.05540132522583,5.05540132522583,5.05540132522583,0,0.0,0.0
1998-05-04 00:00:00+05:30,5.077528658634248,5.263859985556605,5.077528658634248,5.245575428009033,37836800,0.0,0.0
1998-05-05 00:00:00+05:30,5.259201232804045,5.333733764976831,5.217277252094948,5.310791492462158,26598400,0.0,0.0
1998-05-06 00:00:00+05:30,5.2755074015384045,5.322090248351106,5.205632562681086,5.287269115447998,27520000,0.0,0.0
1998-05-07 00:00:00+05:30,5.287269115447998,5.287269115447998,5.287269115447998,5.287269115447998,0,0.0,0.0
1998-05-08 00:00:00+05:30,5.3220891797091845,5.4268999953541455,5.270847489865955,5.359355449676514,48281600,0.0,0.0
1998-05-11 00:00:00+05:30,5.357027453642778,5.485129715417701,5.357027453642778,5.474299430847168,53913600,0.0,0.0
1998-05-12 00:00:00+05:30,5.380316704051489,5.391962412433934,5.193985369932369,5.314518451690674,76774400,0.0,0.0
1998-05-13 00:00:00+05:30,5.282493018546353,5.3314049909403,5.008119462466045,5.109321117401123,56908800,0.0,0.0
1998-05-14 00:00:00+05:30,5.00765315799674,5.322087797842043,5.00765315799674,5.301125526428223,67328000,0.0,0.0
1998-05-15 00:00:00+05:30,5.305783459257611,5.4104788184937185,5.287150328343141,5.337226867675781,36352000,0.0,0.0
1998-05-18 00:00:00+05:30,5.36401307923378,5.454849610830396,5.359355364200303,5.407801628112793,28416000,0.0,0.0
1998-05-19 00:00:00+05:30,5.408266667223618,5.522394614922682,5.408266667223618,5.509584903717041,27520000,0.0,0.0
1998-05-20 00:00:00+05:30,5.543355380225205,5.87875167213799,5.543355380225205,5.823318004608154,89984000,0.0,0.0
1998-05-21 00:00:00+05:30,5.855460286723838,5.881081408030463,5.548013654700068,5.60076904296875,64563200,0.0,0.0
1998-05-22 00:00:00+05:30,5.599254467365987,5.741332055764208,5.5899379041923325,5.703017234802246,26777600,0.0,0.0
1998-05-25 00:00:00+05:30,5.555001796197872,5.806549047346454,5.555001796197872,5.72223424911499,43212800,0.0,0.0
1998-05-26 00:00:00+05:30,5.708724531901298,5.778599336776,5.624875448417245,5.6727399826049805,46873600,0.0,0.0
1998-05-27 00:00:00+05:30,5.741333080479719,5.938727229314611,5.706395393704935,5.7810444831848145,27110400,0.0,0.0
1998-05-28 00:00:00+05:30,5.778602041508244,5.846146599513977,5.718043773120203,5.737608909606934,8908800,0.0,0.0
1998-05-29 00:00:00+05:30,5.706396046071132,5.752978875578962,5.404306510440465,5.685434341430664,13696000,0.0,0.0
1998-06-01 00:00:00+05:30,5.745991954516589,6.055768366518932,5.745991954516589,5.832869052886963,24576000,0.0,0.0
1998-06-02 00:00:00+05:30,5.811206904908279,5.846144023987716,5.617888747973403,5.6626081466674805,14156800,0.0,0.0
1998-06-03 00:00:00+05:30,5.752979464087568,5.762296030942185,5.275505981426587,5.467543601989746,23321600,0.0,0.0
1998-06-04 00:00:00+05:30,5.473481332356135,5.5200641570454465,5.312771155816006,5.355044841766357,12902400,0.0,0.0
1998-06-05 00:00:00+05:30,5.326744286927549,5.326744286927549,4.856258427570576,4.898182392120361,27161600,0.0,0.0
1998-06-08 00:00:00+05:30,4.867904903605419,4.912159158354754,4.409413765261385,4.489536285400391,22297600,0.0,0.0
1998-06-09 00:00:00+05:30,4.616357945150601,4.937662601470947,4.488254884534496,4.937662601470947,15488000,0.0,0.0
1998-06-10 00:00:00+05:30,5.030945017498947,5.089173547794074,4.602383034526815,4.780096054077148,19328000,0.0,0.0
1998-06-11 00:00:00+05:30,4.730486107268638,5.226593845758106,4.532509351975637,5.139949321746826,49331200,0.0,0.0
1998-06-12 00:00:00+05:30,5.247555905475158,5.475811208446745,5.217277065363672,5.3268632888793945,23808000,0.0,0.0
1998-06-15 00:00:00+05:30,5.24056867623482,5.263860663739077,4.795236861242579,4.8222551345825195,32896000,0.0,0.0
1998-06-16 00:00:00+05:30,4.704864567870356,4.9727151998785315,4.378784845344688,4.6936845779418945,33356800,0.0,0.0
1998-06-17 00:00:00+05:30,4.887935711449781,5.162192106283236,4.887935711449781,5.1446075439453125,7142400,0.0,0.0
1998-06-18 00:00:00+05:30,5.2056310949382585,5.331172172884776,4.94732950964602,5.009867191314697,12928000,0.0,0.0
1998-06-19 00:00:00+05:30,4.846945070374234,4.8655782085592385,4.60704313192318,4.768219947814941,16153600,0.0,0.0
1998-06-22 00:00:00+05:30,4.54205922627373,4.630333754616395,4.355494746431776,4.552656650543213,16768000,0.0,0.0
1998-06-23 00:00:00+05:30,4.483597379270104,5.00532539171589,4.413722845648368,4.972949981689453,22041600,0.0,0.0
1998-06-24 00:00:00+05:30,5.077526571454699,5.343048034535125,4.961068971361468,5.321037769317627,36915200,0.0,0.0
1998-06-25 00:00:00+05:30,5.354695930265861,5.4851278589038,5.124344055180163,5.287966251373291,46924800,0.0,0.0
1998-06-26 00:00:00+05:30,5.275504441349609,5.275504441349609,5.147401115857697,5.19945764541626,17792000,0.0,0.0
1998-06-29 00:00:00+05:30,5.16207511057435,5.387303516205473,5.077527741170745,5.313236713409424,34534400,0.0,0.0
1998-06-30 00:00:00+05:30,5.333734363263125,5.354696640288064,5.124112161651887,5.143443584442139,39833600,0.0,0.0
1998-07-01 00:00:00+05:30,5.170694543758507,5.203301958729687,5.00532548402569,5.1047797203063965,17049600,0.0,0.0
1998-07-02 00:00:00+05:30,5.044919214432621,5.158814559028223,5.030944936026087,5.0855631828308105,9779200,0.0,0.0
1998-07-03 00:00:00+05:30,5.100819881667978,5.277834655285907,5.054237046505365,5.085098743438721,34790400,0.0,0.0
1998-07-06 00:00:00+05:30,5.100820096962974,5.3919628290178325,5.098491523744684,5.345497131347656,20736000,0.0,0.0
1998-07-07 00:00:00+05:30,5.4012790516801905,5.699409190274733,5.382645918018032,5.620917797088623,36044800,0.0,0.0
1998-07-08 00:00:00+05:30,5.706394190614394,5.9483916837659025,5.706394190614394,5.901692867279053,48358400,0.0,0.0
1998-07-09 00:00:00+05:30,5.915671493946404,5.99416289642054,5.686949296267811,5.818545818328857,116940800,0.0,0.0
1998-07-10 00:00:00+05:30,5.869434052993736,5.869434052993736,5.711518213554674,5.817144393920898,34892800,0.0,0.0
1998-07-13 00:00:00+05:30,5.857791790281794,5.916020911195547,5.75298039618581,5.791994094848633,33689600,0.0,0.0
1998-07-14 00:00:00+05:30,5.7180440587605,5.939312588130311,5.7180440587605,5.838577747344971,32409600,0.0,0.0
1998-07-15 00:00:00+05:30,5.99753977025714,6.044122607840793,5.892728385693921,5.923939228057861,41369600,0.0,0.0
1998-07-16 00:00:00+05:30,6.020832558564855,6.167568516471851,5.974482287820818,6.139152526855469,40780800,0.0,0.0
1998-07-17 00:00:00+05:30,6.160578572392745,6.160578572392745,6.020830098160773,6.086977481842041,19532800,0.0,0.0
1998-07-20 00:00:00+05:30,6.055766189947719,6.055882192079513,5.904604608100514,5.934417724609375,15769600,0.0,0.0
1998-07-21 00:00:00+05:30,5.916250692629834,5.983563208481777,5.776385662331857,5.80794620513916,12800000,0.0,0.0
1998-07-22 00:00:00+05:30,5.874094857567536,5.91601997722536,5.80422117450614,5.886090278625488,17459200,0.0,0.0
1998-07-23 00:00:00+05:30,5.869438719676864,5.869438719676864,5.6644741929579885,5.713618755340576,16281600,0.0,0.0
1998-07-24 00:00:00+05:30,5.683105540698349,5.764624928586669,5.608573009017059,5.726892948150635,16153600,0.0,0.0
1998-07-27 00:00:00+05:30,5.708723064016866,5.855225780867717,5.7073259208341725,5.785701274871826,13158400,0.0,0.0
1998-07-28 00:00:00+05:30,5.781042995839676,6.246754547057396,5.7762687124997,6.116788387298584,30156800,0.0,0.0
1998-07-29 00:00:00+05:30,6.113995816761219,6.200173474873754,6.041791868953844,6.11713981628418,10060800,0.0,0.0
1998-07-30 00:00:00+05:30,6.118652939567918,6.130299213398493,5.997654744982069,6.088140964508057,9548800,0.0,0.0
1998-07-31 00:00:00+05:30,6.148934223054365,6.148934223054365,6.004526865844511,6.070208549499512,7372800,0.0,0.0
1998-08-03 00:00:00+05:30,6.011514029069713,6.146603663332112,5.941639217552129,6.08313512802124,23833600,0.0,0.0
1998-08-04 00:00:00+05:30,6.072071512580418,6.125641768763014,5.999984694618846,6.058213233947754,9625600,0.0,0.0
1998-08-05 00:00:00+05:30,5.9160201379166395,6.076730921190753,5.89284472222965,6.056234359741211,13132800,0.0,0.0
1998-08-06 00:00:00+05:30,6.08604572077815,6.148932530751748,6.011629207399021,6.073817729949951,15078400,0.0,0.0
1998-08-07 00:00:00+05:30,6.125408381060771,6.491084161993281,6.112482100759532,6.378469944000244,57318400,0.0,0.0
1998-08-10 00:00:00+05:30,6.393489577923596,6.486655181973484,6.360881047868415,6.405367851257324,32000000,0.0,0.0
1998-08-11 00:00:00+05:30,6.390465602269971,6.428430723531486,6.3469107687040935,6.371483325958252,19276800,0.0,0.0
1998-08-12 00:00:00+05:30,6.2933399098326035,6.3118570400960765,5.999868642687071,6.081621170043945,51916800,0.0,0.0
1998-08-13 00:00:00+05:30,6.07905907013094,6.183870443213165,5.953285991070362,6.08336877822876,36019200,0.0,0.0
1998-08-14 00:00:00+05:30,6.074400884482429,6.111667147577414,5.986126082593357,6.071722030639648,36198400,0.0,0.0
1998-08-17 00:00:00+05:30,6.055766827160035,6.077660525926121,5.857789266095688,5.883992671966553,31590400,0.0,0.0
1998-08-18 00:00:00+05:30,5.881082868633309,5.881082868633309,5.741566937814345,5.7928080558776855,36684800,0.0,0.0
1998-08-19 00:00:00+05:30,5.866760310969037,6.044124286884845,5.841489455742612,5.900998592376709,25984000,0.0,0.0
1998-08-20 00:00:00+05:30,5.9390765351989385,6.093033569418509,5.9390765351989385,6.071954727172852,22860800,0.0,0.0
1998-08-21 00:00:00+05:30,6.055769575718499,6.055769575718499,5.9719204585162435,5.995910167694092,11520000,0.0,0.0
1998-08-24 00:00:00+05:30,6.020831356773686,6.0767307581518555,5.974248522291878,6.056117057800293,10316800,0.0,0.0
1998-08-25 00:00:00+05:30,6.076730445690698,6.265390347003146,6.06508473766906,6.212635517120361,18380800,0.0,0.0
1998-08-26 00:00:00+05:30,6.212635517120361,6.212635517120361,6.212635517120361,6.212635517120361,0,0.0,0.0
1998-08-27 00:00:00+05:30,6.2188073551576855,6.274706752225512,6.15592053345638,6.177349090576172,8678400,0.0,0.0
1998-08-28 00:00:00+05:30,6.126922223149178,6.126922223149178,5.939309776746773,5.98787260055542,14592000,0.0,0.0
1998-08-31 00:00:00+05:30,5.9626028411166585,5.997539398500708,5.874560601175053,5.9771599769592285,8678400,0.0,0.0
1998-09-01 00:00:00+05:30,5.871766445157974,5.874095018306893,5.636523124665726,5.680660247802734,20992000,0.0,0.0
1998-09-02 00:00:00+05:30,5.846145116497383,5.892727950641889,5.741566881298212,5.766721725463867,13568000,0.0,0.0
1998-09-03 00:00:00+05:30,5.794905828220632,5.834035531142051,5.6743721500122914,5.735279560089111,15027200,0.0,0.0
1998-09-04 00:00:00+05:30,5.778135086097304,5.81819564265639,5.618471733481647,5.686366558074951,23168000,0.0,0.0
1998-09-07 00:00:00+05:30,5.741334913230289,5.7762720425197225,5.7069800694290125,5.766606330871582,7910400,0.0,0.0
1998-09-08 00:00:00+05:30,5.734345357736899,5.764042478186972,5.663423686951376,5.74249792098999,15436800,0.0,0.0
1998-09-09 00:00:00+05:30,5.776271460704374,5.878753696297516,5.683105791983335,5.717460632324219,17075200,0.0,0.0
1998-09-10 00:00:00+05:30,5.659815095104525,5.702904795339165,5.5492974091430405,5.625111103057861,19814400,0.0,0.0
1998-09-11 00:00:00+05:30,5.592267161574602,5.60158372494249,5.369251357317889,5.399646759033203,39270400,0.0,0.0
1998-09-14 00:00:00+05:30,5.438543262945346,5.496772352264006,5.361681615646739,5.464396953582764,16256000,0.0,0.0
1998-09-15 00:00:00+05:30,5.438545770875316,5.508420596552193,5.387188078224227,5.428414344787598,21990400,0.0,0.0
1998-09-16 00:00:00+05:30,5.473480808337627,5.519830487010881,5.403607146631201,5.418745994567871,12032000,0.0,0.0
1998-09-17 00:00:00+05:30,5.415254719574332,5.4684758374993825,5.382646165528004,5.4048895835876465,6348800,0.0,0.0
1998-09-18 00:00:00+05:30,5.380315963555142,5.458808482160329,5.336062277792514,5.423405647277832,12185600,0.0,0.0
1998-09-21 00:00:00+05:30,5.466492687654116,5.492113235510618,5.406284741374056,5.422937870025635,8166400,0.0,0.0
1998-09-22 00:00:00+05:30,5.445532344842373,5.468824328850335,5.3756586673707725,5.396271228790283,11289600,0.0,0.0
1998-09-23 00:00:00+05:30,5.473482681461231,5.7180425713592875,5.468824966482262,5.682523727416992,23040000,0.0,0.0
1998-09-24 00:00:00+05:30,5.715713710369507,5.771613116521171,5.69766342910453,5.723167419433594,9267200,0.0,0.0
1998-09-25 00:00:00+05:30,5.706977972925072,5.934651515156855,5.673903714437297,5.8483567237854,20582400,0.0,0.0
1998-09-28 00:00:00+05:30,5.869437052408854,5.997539276581257,5.846145066896108,5.895639896392822,17280000,0.0,0.0
1998-09-29 00:00:00+05:30,5.927664596984443,6.009184542326076,5.82576409666939,5.891329765319824,16384000,0.0,0.0
1998-09-30 00:00:00+05:30,5.825183429459972,5.939310804861657,5.755308609368919,5.884459972381592,16153600,0.0,0.0
1998-10-01 00:00:00+05:30,5.884459972381592,5.884459972381592,5.884459972381592,5.884459972381592,0,0.0,0.0
1998-10-02 00:00:00+05:30,5.884459972381592,5.884459972381592,5.884459972381592,5.884459972381592,0,0.0,0.0
1998-10-05 00:00:00+05:30,5.648168610886917,5.706396584629085,5.413740158081055,5.413740158081055,16281600,0.0,0.0
1998-10-06 00:00:00+05:30,5.298798256306489,5.331406817713646,4.98552918012934,5.287269115447998,24755200,0.0,0.0
1998-10-07 00:00:00+05:30,5.368671062000325,5.6994085804789965,5.368671062000325,5.676000595092773,28595200,0.0,0.0
1998-10-08 00:00:00+05:30,5.7036005751123255,5.741332545456297,5.29879518832477,5.3686699867248535,29107200,0.0,0.0
1998-10-09 00:00:00+05:30,5.375656786420679,5.4711515560234725,5.310440846204137,5.42561674118042,23270400,0.0,0.0
1998-10-12 00:00:00+05:30,5.517736949953814,5.587610635641812,5.320108471208003,5.376590728759766,37913600,0.0,0.0
1998-10-13 00:00:00+05:30,5.333734238628573,5.371000508024323,5.054237218160448,5.097792625427246,41241600,0.0,0.0
1998-10-14 00:00:00+05:30,5.193985881061343,5.494445186895978,5.147403042947445,5.471386909484863,66483200,0.0,0.0
1998-10-15 00:00:00+05:30,5.50352800227853,5.543356547787174,5.364012090838374,5.439709186553955,34892800,0.0,0.0
1998-10-16 00:00:00+05:30,5.506091342831592,5.568977604251166,5.333850847818537,5.385790824890137,29004800,0.0,0.0
1998-10-19 00:00:00+05:30,5.4338878325222675,5.4338878325222675,5.311025033637432,5.3336181640625,11724800,0.0,0.0
1998-10-20 00:00:00+05:30,5.3546941760107085,5.3546941760107085,5.124109803491487,5.275038242340088,29721600,0.0,0.0
1998-10-21 00:00:00+05:30,5.275038242340088,5.275038242340088,5.275038242340088,5.275038242340088,0,0.0,0.0
1998-10-22 00:00:00+05:30,5.354696235268381,5.4711538896808865,5.310443111312227,5.436799049377441,19942400,0.0,0.0
1998-10-23 00:00:00+05:30,5.409431752076429,5.561991122439829,5.376008336762273,5.5169219970703125,25344000,0.0,0.0
1998-10-26 00:00:00+05:30,5.58760944870314,5.699408231876285,5.555002038915656,5.603797435760498,15718400,0.0,0.0
1998-10-27 00:00:00+05:30,5.589938380728461,5.727357130616765,5.54102585125915,5.68042516708374,21452800,0.0,0.0
1998-10-28 00:00:00+05:30,5.764625452581078,5.764625452581078,5.558496400913239,5.570724964141846,9369600,0.0,0.0
1998-10-29 00:00:00+05:30,5.508421280698667,5.6947526559442885,5.508421280698667,5.675769805908203,13644800,0.0,0.0
1998-10-30 00:00:00+05:30,5.694752458550524,5.751816440241521,5.659814758264765,5.6815924644470215,13977600,0.0,0.0
1998-11-02 00:00:00+05:30,5.729689183026006,5.735395467061955,5.61556065911618,5.694634914398193,15385600,0.0,0.0
1998-11-03 00:00:00+05:30,5.673788082933747,5.7529783167669075,5.648167529193078,5.707560062408447,9548800,0.0,0.0
1998-11-04 00:00:00+05:30,5.707560062408448,5.707560062408448,5.707560062408448,5.707560062408447,0,0.0,0.0
1998-11-05 00:00:00+05:30,5.773941504346167,5.773941504346167,5.650496998550215,5.70022439956665,11929600,0.0,0.0
1998-11-06 00:00:00+05:30,5.688926298351687,5.694516577909382,5.627204630766399,5.639082908630371,8166400,0.0,0.0
1998-11-09 00:00:00+05:30,5.680659482246126,5.694401189482572,5.5480144204389825,5.604146957397461,14617600,0.0,0.0
1998-11-10 00:00:00+05:30,5.601584993427123,5.665868954039976,5.585280435203234,5.660046100616455,6784000,0.0,0.0
1998-11-11 00:00:00+05:30,5.659812493347452,5.7063953169028885,5.6205668056847875,5.637453079223633,8652800,0.0,0.0
1998-11-12 00:00:00+05:30,5.609707144459705,5.635354756433141,5.560745177531254,5.596417427062988,9318400,0.009766,0.0
1998-11-13 00:00:00+05:30,5.574735005252447,5.612623258746676,5.555150214613447,5.583361625671387,3942400,0.0,0.0
1998-11-16 00:00:00+05:30,5.572403071103877,5.595719136732917,5.530668560232805,5.551302433013916,6272000,0.0,0.0
1998-11-17 00:00:00+05:30,5.543257151781531,5.565406295675394,5.542324190746295,5.561792850494385,2124800,0.0,0.0
1998-11-18 00:00:00+05:30,5.567740566247766,5.688981148092357,5.551652532121255,5.656922340393066,16256000,0.0,0.0
1998-11-19 00:00:00+05:30,5.681404560941054,5.695860628020761,5.570073604583741,5.57007360458374,8985600,0.0,0.0
1998-11-20 00:00:00+05:30,5.549438186942228,5.663335206517634,5.54267691932641,5.575901508331299,11699200,0.0,0.0
1998-11-23 00:00:00+05:30,5.542325479176554,5.549087313657307,5.4791402656878265,5.486135482788086,8089600,0.0,0.0
1998-11-24 00:00:00+05:30,5.497793882392366,5.560746296484254,5.4494142238380485,5.512249946594238,16409600,0.0,0.0
1998-11-25 00:00:00+05:30,5.512249946594238,5.512249946594238,5.512249946594238,5.512249946594238,0,0.0,0.0
1998-11-26 00:00:00+05:30,5.479142189025878,5.54559136715787,5.455827257153035,5.479142189025879,14745600,0.0,0.0
1998-11-27 00:00:00+05:30,5.4744808502978435,5.4859052206339545,5.416424898382033,5.465154647827148,7270400,0.0,0.0
1998-11-30 00:00:00+05:30,5.381216469290395,5.444167739176569,5.299845046828365,5.433675765991211,8601600,0.0,0.0
1998-12-01 00:00:00+05:30,5.420852568120878,5.560745537620772,5.406862701944938,5.522274971008301,12800000,0.0,0.0
1998-12-02 00:00:00+05:30,5.502457842136446,5.560746590464162,5.469815573846867,5.523441791534424,8243200,0.0,0.0
1998-12-03 00:00:00+05:30,5.509569695594977,5.572288166937168,5.50362412886748,5.548273086547852,6118400,0.0,0.0
1998-12-04 00:00:00+05:30,5.544425714477826,5.674992523513747,5.544425714477826,5.6563401222229,13952000,0.0,0.0
1998-12-07 00:00:00+05:30,5.677324059471387,5.891826673779465,5.661003777608841,5.840765953063965,17792000,0.0,0.0
1998-12-08 00:00:00+05:30,5.856852058189686,6.119733682260294,5.852188390191317,6.097001075744629,21606400,0.0,0.0
1998-12-09 00:00:00+05:30,6.038714189614894,6.103997592413175,5.996862979166216,6.048040390014648,17561600,0.0,0.0
1998-12-10 00:00:00+05:30,6.07368662346316,6.07368662346316,5.989750839031424,6.030552387237549,6937600,0.0,0.0
1998-12-11 00:00:00+05:30,6.036380446756807,6.09700015239218,5.992080445901622,6.0853424072265625,13414400,0.0,0.0
1998-12-14 00:00:00+05:30,6.08534323328347,6.204252819340028,6.08534323328347,6.131974220275879,18022400,0.0,0.0
1998-12-15 00:00:00+05:30,6.131977364605234,6.131977364605234,5.99208433189425,6.045710563659668,15232000,0.0,0.0
1998-12-16 00:00:00+05:30,6.024724891954024,6.024724891954024,5.871192104613772,5.9512810707092285,13516800,0.0,0.0
1998-12-17 00:00:00+05:30,5.86967744153861,5.9873034623106305,5.849859265469861,5.964104652404785,11648000,0.0,0.0
1998-12-18 00:00:00+05:30,5.975759504886983,6.274197776243378,5.975759504886983,6.234561443328857,43622400,0.0,0.0
1998-12-21 00:00:00+05:30,6.724187118106226,6.733396053314209,6.236892822221535,6.733396053314209,11571200,0.0,0.0
1998-12-22 00:00:00+05:30,7.251118604635868,7.251118604635868,6.761493763408145,6.901386737823486,38041600,0.0,0.0
1998-12-23 00:00:00+05:30,6.970753814231588,7.106567224945111,6.72652442387357,6.873412132263184,61184000,0.0,0.0
1998-12-24 00:00:00+05:30,6.8477591362307315,6.850090115910689,6.717192397507912,6.815116882324219,17817600,0.0,0.0
1998-12-25 00:00:00+05:30,6.81511688232422,6.81511688232422,6.81511688232422,6.815116882324219,0,0.0,0.0
1998-12-28 00:00:00+05:30,6.847765072068173,6.920043150799569,6.799968278068377,6.873412132263184,14617600,0.0,0.0
1998-12-29 00:00:00+05:30,6.831441345911028,6.966671823354869,6.81395471984839,6.819784164428711,17228800,0.0,0.0
1998-12-30 00:00:00+05:30,6.9095502217658415,6.989988724309869,6.889732039979632,6.92936897277832,5768704,0.0,0.0
1998-12-31 00:00:00+05:30,6.948019208291148,6.982991890113503,6.892644324905019,6.920040607452393,3701760,0.0,0.0
1999-01-01 00:00:00+05:30,6.94801959557304,6.959560085990983,6.896724921950069,6.917708873748779,2982656,0.0,0.0
1999-01-04 00:00:00+05:30,6.95850859949309,7.029620280990795,6.934026763624664,6.95267915725708,4163840,0.0,0.0
1999-01-05 00:00:00+05:30,6.943356077065944,7.085580642352652,6.8687464690466875,7.083249092102051,6856960,0.0,0.0
1999-01-06 00:00:00+05:30,7.087910869533052,7.192597220145959,7.041279876970335,7.078584671020508,8738048,0.0,0.0
1999-01-07 00:00:00+05:30,7.064594742655702,7.411529438153702,7.064594742655702,7.300081253051758,9680384,0.0,0.0
1999-01-08 00:00:00+05:30,7.3140741164249805,7.612512588500976,7.3140741164249805,7.612512588500977,6855424,0.0,0.0
1999-01-11 00:00:00+05:30,7.682453395001681,7.752400434311525,7.5145818668000475,7.554218769073486,7362304,0.0,0.0
1999-01-12 00:00:00+05:30,7.519248891047256,8.158559799194336,7.484275071165137,8.158559799194336,6443008,0.0,0.0
1999-01-13 00:00:00+05:30,8.451869166984887,8.811277389526367,8.451869166984887,8.811277389526367,13330944,0.0,0.0
1999-01-14 00:00:00+05:30,8.789943585071914,9.516222033360055,8.652382124832235,9.442777633666992,20356352,0.0,0.0
1999-01-15 00:00:00+05:30,9.384486798541776,9.909085439454048,9.186305089752695,9.346948623657227,16755200,0.0,0.0
1999-01-18 00:00:00+05:30,9.529392115519444,9.531374160244118,9.209619766626375,9.328529357910156,7147008,0.0,0.0
1999-01-19 00:00:00+05:30,9.337855819890041,10.074857711791992,9.337855819890041,10.074857711791992,14387456,0.0,0.0
1999-01-20 00:00:00+05:30,10.074857711791992,10.074857711791992,10.074857711791992,10.074857711791992,0,0.0,0.0
1999-01-21 00:00:00+05:30,10.380060991312835,10.880877494812012,10.375397891137043,10.880877494812012,8440320,0.0,0.0
1999-01-22 00:00:00+05:30,11.652853689487277,11.652853689487277,11.030563212983001,11.391953468322754,14387968,0.0,0.0
1999-01-25 00:00:00+05:30,11.389620678765434,11.51785591670445,10.550262757710048,10.771759986877441,11099648,0.0,0.0
1999-01-26 00:00:00+05:30,10.771759986877441,10.771759986877441,10.771759986877441,10.771759986877441,0,0.0,0.0
1999-01-27 00:00:00+05:30,11.186777232394139,11.422146528816409,10.841707822141048,10.897665023803711,12838144,0.0,0.0
1999-01-28 00:00:00+05:30,10.95828401022335,11.179781240217226,10.375396562871044,10.497220039367676,11460352,0.0,0.0
1999-01-29 00:00:00+05:30,10.543266573083741,11.025897307411105,10.543266573083741,10.993255615234375,14515200,0.0,0.0
1999-02-01 00:00:00+05:30,10.958284569417497,10.99092626813491,10.491974587740156,10.573578834533691,9889280,0.0,0.0
1999-02-02 00:00:00+05:30,10.505959098002936,10.771755666394489,10.305445897286502,10.305562019348145,15393024,0.0,0.0
1999-02-03 00:00:00+05:30,10.50363693064991,10.839380264282227,10.4943107269379,10.839380264282227,9877504,0.0,0.0
1999-02-04 00:00:00+05:30,10.841706722097284,11.02823070871401,10.655182735480556,10.690155982971191,7339520,0.0,0.0
1999-02-05 00:00:00+05:30,10.706477890846388,11.545369148254395,10.65518378945296,11.545369148254395,28004608,0.0,0.0
1999-02-08 00:00:00+05:30,11.890908717088065,12.007486253530105,10.621846110761021,10.888341903686523,20967424,0.0,0.0
1999-02-09 00:00:00+05:30,10.841703357707976,11.716034273652166,10.841703357707976,11.660077095031738,18319616,0.0,0.0
1999-02-10 00:00:00+05:30,11.774323221909864,11.855927442259734,11.33132888286771,11.433917045593262,9707008,0.0,2.0
1999-02-11 00:00:00+05:30,11.531844641094084,11.564486336398435,11.338326018932579,11.489876747131348,3226752,0.0,0.0
1999-02-12 00:00:00+05:30,11.587805822972328,11.797645365038225,11.471228299602386,11.56449031829834,6187904,0.0,0.0
1999-02-15 00:00:00+05:30,11.774329113911906,11.774329113911906,11.47122757236566,11.494543075561523,3529344,0.0,0.0
1999-02-16 00:00:00+05:30,11.471228426135195,11.587805950791042,11.429260517259092,11.53604507446289,2247424,0.0,0.0
1999-02-17 00:00:00+05:30,11.49454061452625,12.122659908449096,11.424594119914527,12.007481575012207,13272320,0.0,0.0
1999-02-18 00:00:00+05:30,12.096079063197378,12.352549513650676,12.007480180313511,12.231308937072754,10742144,0.0,0.0
1999-02-19 00:00:00+05:30,12.352553886042903,12.352553886042903,12.007484430562657,12.189345359802246,2495360,0.0,0.0
1999-02-22 00:00:00+05:30,12.263953246176241,12.352085382564473,11.890905238687992,11.937536239624023,5559552,0.0,0.0
1999-02-23 00:00:00+05:30,11.91422344274558,12.077431983057163,11.797645913951593,11.984169960021973,3792768,0.0,0.0
1999-02-24 00:00:00+05:30,11.984395906034834,12.194003103411344,11.88157549043675,12.055275917053223,5499648,0.0,0.0
1999-02-25 00:00:00+05:30,12.077424835802905,12.813261989782713,12.012141458312078,12.497103691101074,13617792,0.0,0.0
1999-02-26 00:00:00+05:30,12.590365658945112,12.706943118750159,12.36187383772722,12.497103691101074,5950848,0.0,0.0
1999-03-01 00:00:00+05:30,14.339031585081246,14.576616287231445,13.919352611859354,14.576616287231445,8554112,0.0,0.0
1999-03-02 00:00:00+05:30,14.576616287231445,14.576616287231445,14.576616287231445,14.576616287231445,0,0.0,0.0
1999-03-03 00:00:00+05:30,15.742627596125338,15.742859840393066,15.50947256656187,15.742859840393066,8929536,0.0,0.0
1999-03-04 00:00:00+05:30,15.71464741079113,15.854540414448026,14.483588978610461,14.735396385192871,17416448,0.0,0.0
1999-03-05 00:00:00+05:30,14.828667385477415,15.108453562561895,14.129201942766215,14.898613929748535,20790912,0.0,0.0
1999-03-08 00:00:00+05:30,15.155076050479328,15.3789048659941,14.222455985834447,14.343696594238281,18941440,0.0,0.0
1999-03-09 00:00:00+05:30,14.222920391276732,15.061812750448862,14.222920391276732,14.945235252380371,20236416,0.0,0.0
1999-03-10 00:00:00+05:30,15.271653812643477,15.504808832683835,14.595736498784682,14.758712768554688,17222656,0.0,0.0
1999-03-11 00:00:00+05:30,14.688766125551204,15.360252577004974,14.642135121978026,14.926584243774414,20278784,0.0,0.0
1999-03-12 00:00:00+05:30,16.120335762897195,16.12080138979884,15.434860102745073,15.92914867401123,29203840,0.0,0.0
1999-03-15 00:00:00+05:30,16.04106713366135,16.04106713366135,15.621388051676025,15.668484687805176,10044544,0.0,0.0
1999-03-16 00:00:00+05:30,15.178389857112935,15.34159835020017,14.618817880813841,14.625812530517578,20958720,0.0,0.0
1999-03-17 00:00:00+05:30,15.155070555674566,15.155070555674566,14.087686595620736,14.362343788146973,25989376,0.0,0.0
1999-03-18 00:00:00+05:30,14.26908316012628,14.357682042493078,13.807436352004549,14.0172758102417,8580352,0.0,0.0
1999-03-19 00:00:00+05:30,14.217790931626096,14.22245403130849,13.290999869749845,13.653555870056152,16324480,0.0,0.0
1999-03-22 00:00:00+05:30,12.823755492490164,13.518325053372429,12.823755492490164,13.448378562927246,8837504,0.0,0.0
1999-03-23 00:00:00+05:30,13.51366068932318,13.686195349607845,12.916784026716773,13.010046005249023,22317824,0.0,0.0
1999-03-24 00:00:00+05:30,13.406409994464056,13.406409994464056,12.124057734124015,12.473790168762207,21507840,0.0,0.0
1999-03-25 00:00:00+05:30,12.124527281459352,12.93544116518913,12.124527281459352,12.706949234008789,19840384,0.0,0.0
1999-03-26 00:00:00+05:30,12.888806424922487,13.103308992052167,12.385191702096282,12.660314559936523,20060160,0.0,0.0
1999-03-29 00:00:00+05:30,12.660314559936523,12.660314559936523,12.660314559936523,12.660314559936523,0,0.0,0.0
1999-03-30 00:00:00+05:30,13.056675961690905,13.672204971313477,12.945693988326173,13.672204971313477,29875712,0.0,0.0
1999-03-31 00:00:00+05:30,14.222455789611608,14.339033296083834,13.639568257250476,13.662883758544922,24011008,0.0,0.0
1999-04-01 00:00:00+05:30,13.52275142791845,13.546300301571938,13.173252444730027,13.26185131072998,16733952,0.0,0.0
1999-04-02 00:00:00+05:30,13.26185131072998,13.26185131072998,13.26185131072998,13.26185131072998,0,0.0,0.0
1999-04-05 00:00:00+05:30,12.265114830831253,13.010044816279516,12.265114830831253,12.814194679260254,17392768,0.0,0.0
1999-04-06 00:00:00+05:30,12.637002434235454,12.916788465989745,12.450478413065927,12.800210952758789,16358016,0.0,0.0
1999-04-07 00:00:00+05:30,13.010051473319052,13.568691187211542,12.986735968886581,13.2194242477417,30448000,0.0,0.0
1999-04-08 00:00:00+05:30,13.289837118941945,13.383099133811713,13.01005107433264,13.178154945373535,17703040,0.0,0.0
1999-04-09 00:00:00+05:30,13.29915941364002,13.31314871176096,12.124058371481084,12.180015563964844,39910656,0.0,0.0
1999-04-12 00:00:00+05:30,12.07743040352001,12.846841992933447,11.429259428195964,12.667312622070312,25665408,0.0,0.0
1999-04-13 00:00:00+05:30,12.49756931786924,12.823520578555208,12.403841723257036,12.497103691101074,21564288,0.0,0.0
1999-04-14 00:00:00+05:30,12.497103691101074,12.497103691101074,12.497103691101074,12.497103691101074,0,0.0,0.0
1999-04-15 00:00:00+05:30,12.427159375714181,12.543736855786547,12.098177499259574,12.403843879699707,9872640,0.0,0.0
1999-04-16 00:00:00+05:30,12.287265456008969,13.39615058898926,12.287265456008969,13.396150588989258,11803904,0.0,0.0
1999-04-19 00:00:00+05:30,12.590600747962757,12.786218680477107,12.366539730352038,12.64166259765625,8974720,0.0,0.0
1999-04-20 00:00:00+05:30,12.590369484641336,12.823524475097658,12.322241245616567,12.823524475097656,8896512,0.0,0.0
1999-04-21 00:00:00+05:30,12.69762194563918,12.870156654412094,12.623012341845486,12.711843490600586,3072256,0.0,0.0
1999-04-22 00:00:00+05:30,12.623008409300093,12.841940669536077,12.375864173728278,12.613215446472168,8255872,0.0,0.0
1999-04-23 00:00:00+05:30,12.800207606100948,12.823523102651222,12.361876270955777,12.636999130249023,7758592,0.0,0.0
1999-04-26 00:00:00+05:30,11.91468520908942,12.319909250944564,11.914219582196578,12.007481575012207,9414272,0.0,0.0
1999-04-27 00:00:00+05:30,12.007481575012207,12.007481575012207,12.007481575012207,12.007481575012207,0,0.0,0.0
1999-04-28 00:00:00+05:30,12.007482760958874,12.217322265519321,11.709044354472907,12.119397163391113,6228352,0.0,0.0
1999-04-29 00:00:00+05:30,12.217319357984419,12.291928941849973,12.152035972102059,12.26395034790039,5271680,0.0,0.0
1999-04-30 00:00:00+05:30,12.17068667791796,12.473788070279902,12.17068667791796,12.357442855834961,2413824,0.0,0.0
1999-05-03 00:00:00+05:30,12.441147336358094,12.450473533761661,12.026131551899372,12.194003105163574,2635648,0.0,0.0
1999-05-04 00:00:00+05:30,12.259290242065319,13.074633755196333,12.249964041805095,12.846840858459473,9123712,0.0,0.0
1999-05-05 00:00:00+05:30,13.874356457560488,13.874589840293906,13.010051396428322,13.709516525268555,16496896,0.0,0.0
1999-05-06 00:00:00+05:30,13.868056272326408,14.80627155303955,13.802772887049821,14.80627155303955,19347072,0.0,0.0
1999-05-07 00:00:00+05:30,15.266992355933557,15.476831896561842,14.828893115348828,15.155077934265137,18561664,0.0,0.0
1999-05-10 00:00:00+05:30,15.107978692364311,15.290306375337684,14.875290435293445,15.015183448791504,8571264,0.0,0.0
1999-05-11 00:00:00+05:30,14.955028105018426,15.0524875831604,14.857102999923518,14.921920776367188,9383296,0.0,0.0
1999-05-12 00:00:00+05:30,15.038492501934172,15.201700947691597,14.805337579423565,15.024735450744629,12447744,0.0,0.0
1999-05-13 00:00:00+05:30,15.248336747358445,15.383566645117893,14.893941153230237,14.945235252380371,11407232,0.0,0.0
1999-05-14 00:00:00+05:30,15.015181751221466,15.141085449135435,14.875288753539278,14.945235252380371,13733760,0.0,0.0
1999-05-17 00:00:00+05:30,14.875284283774945,14.968546254206135,14.180482604062574,14.41830062866211,13644544,0.0,0.0
1999-05-18 00:00:00+05:30,14.362340824837188,14.968543521989407,14.31570984813317,14.78201961517334,19741568,0.0,0.0
1999-05-19 00:00:00+05:30,14.968318540036538,15.108444931365106,14.71254703388856,14.875289916992188,12166656,0.0,0.0
1999-05-20 00:00:00+05:30,14.94533920288086,15.216223475933074,14.828578740358353,14.94533920288086,15785216,0.039063,0.0
1999-05-21 00:00:00+05:30,15.127495108818989,15.225573959478204,14.781883920781754,14.8521728515625,11502976,0.0,0.0
1999-05-24 00:00:00+05:30,14.85194013294452,14.992052775708148,14.711827490180893,14.924331665039062,6969984,0.0,0.0
1999-05-25 00:00:00+05:30,14.758994559267595,15.062105521977504,14.758994559267595,14.992049217224121,6000128,0.0,0.0
1999-05-26 00:00:00+05:30,15.169528805190302,15.365686505257418,14.898644362240475,15.076120376586914,17682304,0.0,0.0
1999-05-27 00:00:00+05:30,15.15550803542137,15.220893894433974,14.851930832862854,14.94533920288086,12986240,0.0,0.0
1999-05-28 00:00:00+05:30,14.80523182704302,14.931333170680295,14.501654518286617,14.842827796936035,19985920,0.0,0.0
1999-05-31 00:00:00+05:30,14.945338376656107,15.359370497776375,14.945338376656107,15.202211380004883,8236800,0.0,0.0
1999-06-01 00:00:00+05:30,15.085457500580281,15.174195485877812,14.87061816775468,14.97803783416748,6269696,0.0,0.0
1999-06-02 00:00:00+05:30,14.94534654008858,15.108811267870799,14.695479027621474,14.996954917907715,16216064,0.0,0.0
1999-06-03 00:00:00+05:30,15.03875698996269,15.066779518515416,14.879962661497247,14.924331665039062,4792704,0.0,0.0
1999-06-04 00:00:00+05:30,14.99672059305422,15.062106481656762,14.805233347861066,14.945578575134277,12052608,0.0,0.0
1999-06-07 00:00:00+05:30,14.851935849045262,14.945344250611583,14.683800726225881,14.795890808105469,9071616,0.0,0.0
1999-06-08 00:00:00+05:30,14.711825370788572,14.781881682078042,14.254356745876784,14.711825370788574,16247040,0.0,0.0
1999-06-09 00:00:00+05:30,15.202219851703854,15.318980372838292,14.85193828830054,14.967531204223633,15828352,0.0,0.0
1999-06-10 00:00:00+05:30,15.108115246719212,15.20222494241138,14.898647485804087,14.984816551208496,8081792,0.0,0.0
1999-06-11 00:00:00+05:30,14.992045420504722,15.038749611845859,14.754320402434912,14.792618751525879,4944384,0.0,0.0
1999-06-14 00:00:00+05:30,14.109340054571772,14.688472185246018,14.081317532119792,14.662083625793457,5679104,0.0,0.0
1999-06-15 00:00:00+05:30,14.709486215654412,14.711821425404477,14.207416119390608,14.292417526245117,11062784,0.0,0.0
1999-06-16 00:00:00+05:30,14.249447643615206,14.525002350587771,14.177289901786281,14.4533109664917,5465600,0.0,0.0
1999-06-17 00:00:00+05:30,14.618414923102515,14.72583458547675,14.520336100934735,14.600433349609375,3652736,0.0,0.0
1999-06-18 00:00:00+05:30,14.70715332067881,14.70715332067881,14.390031102564407,14.439071655273438,3204480,0.0,0.0
1999-06-21 00:00:00+05:30,14.595069055571143,15.594305635343812,14.499791760632514,15.53756046295166,10575488,0.0,0.0
1999-06-22 00:00:00+05:30,15.645904906412996,16.39317200642078,15.645904906412996,16.12602424621582,15855488,0.0,0.0
1999-06-23 00:00:00+05:30,16.20636121554487,16.393178059528097,15.926135949570032,16.00623321533203,7011968,0.0,0.0
1999-06-24 00:00:00+05:30,15.949486073914521,16.341801397548142,15.810774812534795,16.180204391479492,8440704,0.0,0.0
1999-06-25 00:00:00+05:30,16.11295029633025,17.373029941754904,16.11295029633025,17.097707748413086,26430080,0.0,0.0
1999-06-28 00:00:00+05:30,17.28522816356547,17.607487213359043,17.187149322323947,17.279857635498047,14229632,0.0,0.0
1999-06-29 00:00:00+05:30,17.392643321024455,17.392643321024455,17.056373095698525,17.166595458984375,9319808,0.0,0.0
1999-06-30 00:00:00+05:30,17.233851672986876,17.252533355017214,16.953626442531807,17.005001068115234,5262080,0.0,0.0
1999-07-01 00:00:00+05:30,17.047032960592713,17.280553960052888,17.00546553854525,17.117555618286133,8567168,0.0,0.0
1999-07-02 00:00:00+05:30,17.17780573960863,17.271214144935485,17.028352291085664,17.07318878173828,6398336,0.0,0.0
1999-07-05 00:00:00+05:30,17.210497634476084,17.742925512449023,17.210497634476084,17.26911163330078,5593088,0.0,0.0
1999-07-06 00:00:00+05:30,17.322590064045635,17.44402100005674,17.09373945387086,17.33286476135254,9654656,0.0,0.0
1999-07-07 00:00:00+05:30,17.41599923640043,17.747131616416418,17.37396544902376,17.54326820373535,7298816,0.0,0.0
1999-07-08 00:00:00+05:30,17.558444979831208,17.558444979831208,17.285691752311596,17.388208389282227,4732672,0.0,0.0
1999-07-09 00:00:00+05:30,17.50006181718428,18.779289258533723,17.50006181718428,17.956829071044922,22137728,0.0,0.0
1999-07-12 00:00:00+05:30,18.443490923254934,19.39345401585253,18.21464031417935,19.391586303710938,28203008,0.0,0.0
1999-07-13 00:00:00+05:30,19.66713384515665,20.479786727858443,19.498998765976964,20.063419342041016,13993088,0.0,0.0
1999-07-14 00:00:00+05:30,20.31632747707397,21.668646707638118,20.083039080404415,21.6434268951416,22441984,0.0,0.0
1999-07-15 00:00:00+05:30,22.908407453773922,23.30072268845629,22.203174115237765,22.458179473876953,22147584,0.0,0.0
1999-07-16 00:00:00+05:30,22.65153189771128,24.23947434002506,22.65153189771128,23.80792808532715,16752896,0.0,0.0
1999-07-19 00:00:00+05:30,24.1460768098332,25.712770462036133,24.1460768098332,25.712770462036133,6877568,0.0,0.0
1999-07-20 00:00:00+05:30,25.712766094622275,25.712766094622275,23.65591119077401,23.659648895263672,18154240,0.0,0.0
1999-07-21 00:00:00+05:30,21.955640029285767,23.141926472050837,21.85756122889968,22.379013061523438,23183872,0.0,0.0
1999-07-22 00:00:00+05:30,22.031765547638127,22.18378904686152,21.133644930516937,21.602087020874023,20959360,0.0,0.0
1999-07-23 00:00:00+05:30,21.600926770812972,22.184496706905033,20.83007480269399,21.168912887573242,21220736,0.0,0.0
1999-07-26 00:00:00+05:30,21.203706645128616,21.694100741546787,20.596552049563257,21.2915096282959,12089728,0.0,0.0
1999-07-27 00:00:00+05:30,21.040241058883126,21.437226739239414,20.689959576215816,20.816761016845703,18631040,0.0,0.0
1999-07-28 00:00:00+05:30,21.927620505684935,22.35916683014843,21.530634830928125,22.20784568786621,18416512,0.0,0.0
1999-07-29 00:00:00+05:30,22.408675996225522,23.959255494088566,22.408675996225522,22.814302444458008,15396992,0.0,0.0
1999-07-30 00:00:00+05:30,22.53477449360627,22.765725373756347,22.021728446189854,22.623044967651367,10296832,0.0,0.0
1999-08-02 00:00:00+05:30,22.698236582687354,24.388928278764066,22.3246030586925,23.878684997558594,28495232,0.0,0.0
1999-08-03 00:00:00+05:30,23.814476027263478,23.907884444707147,23.282048047834564,23.409317016601562,12061696,0.0,0.0
1999-08-04 00:00:00+05:30,23.58562676255927,24.421164648606396,23.58562676255927,23.990318298339844,16642688,0.0,0.0
1999-08-05 00:00:00+05:30,24.05313016619106,24.26283156520173,23.548257315062003,23.674123764038086,7390848,0.0,0.0
1999-08-06 00:00:00+05:30,24.005960000669656,24.466929109438137,23.735075627121244,24.144672393798828,16282624,0.0,0.0
1999-08-09 00:00:00+05:30,23.828485283664186,24.146073876233604,23.58562341875816,23.685102462768555,6105216,0.0,0.0
1999-08-10 00:00:00+05:30,23.506217822310134,23.74440918112949,22.88972254066004,23.513690948486328,15756160,0.0,0.0
1999-08-11 00:00:00+05:30,22.885057546401168,25.033450703818417,22.885057546401168,24.6656551361084,19464704,0.0,0.0
1999-08-12 00:00:00+05:30,25.03065642289689,25.663966031657477,24.846642272687497,25.407560348510742,18495232,0.0,0.0
1999-08-13 00:00:00+05:30,25.640143410608324,25.892813639047638,25.360385652963323,25.470373153686523,10773632,0.0,0.0
1999-08-16 00:00:00+05:30,26.000221395507634,26.252424010085935,25.734007524563868,25.840259552001953,5970304,0.0,0.0
1999-08-17 00:00:00+05:30,25.967539782277925,26.33183260656168,25.832797685405392,26.04436683654785,10378240,0.0,0.0
1999-08-18 00:00:00+05:30,26.387878303030107,26.504638826494844,25.90238713427215,26.041099548339844,6395392,0.0,0.0
1999-08-19 00:00:00+05:30,26.060936695602678,26.503223984139154,25.50095394205619,25.61701202392578,4527360,0.0,0.0
1999-08-20 00:00:00+05:30,25.383746744816793,25.523859422341083,25.224952376955937,25.407331466674805,2692096,0.0,0.0
1999-08-23 00:00:00+05:30,25.565877427967415,26.37853045545487,25.565877427967415,25.857078552246094,4193664,0.0,0.0
1999-08-24 00:00:00+05:30,26.06094408928708,26.154352491040797,25.59857250060618,25.704124450683594,4795264,0.0,0.0
1999-08-25 00:00:00+05:30,26.57001959717763,26.807510912214536,25.687310209962554,26.219970703125,8925056,0.0,0.0
1999-08-26 00:00:00+05:30,25.921298392380148,26.481281292000652,25.92083089428635,26.09783935546875,4655232,0.0,0.0
1999-08-27 00:00:00+05:30,26.173035361266493,26.383204274767024,26.037593172566147,26.120025634765625,3212928,0.0,0.0
1999-08-30 00:00:00+05:30,26.289798780879483,26.33650298905301,25.92130303448612,26.036428451538086,2241920,0.0,0.0
1999-08-31 00:00:00+05:30,25.930167891650935,26.051598793160828,25.734477779544086,25.923629760742188,4726656,0.0,0.0
1999-09-01 00:00:00+05:30,26.341157160463055,26.341157160463055,25.453777752575117,25.582914352416992,3288192,0.0,0.0
1999-09-02 00:00:00+05:30,25.78072344080811,25.78072344080811,25.249228172599725,25.506336212158203,2763904,0.0,0.0
1999-09-03 00:00:00+05:30,25.64060999577568,26.0375957607376,25.453793165205365,25.9652042388916,3062144,0.0,0.0
1999-09-06 00:00:00+05:30,26.201051080980548,27.438712139173035,26.046927251092427,27.312143325805664,12411008,0.0,0.0
1999-09-07 00:00:00+05:30,27.602186349845557,27.732958129506414,26.62606842309129,26.88620948791504,4962432,0.0,0.0
1999-09-08 00:00:00+05:30,27.696066618904606,28.53113705962606,27.672247013480703,27.96811866760254,5560832,0.0,0.0
1999-09-09 00:00:00+05:30,27.69582525171395,27.952465761835725,27.56085055985362,27.75467300415039,2109056,0.0,0.0
1999-09-10 00:00:00+05:30,27.742296246461038,28.204667850568722,27.55547943672056,27.967409133911133,6237952,0.0,0.0
1999-09-13 00:00:00+05:30,27.967409133911136,27.967409133911136,27.967409133911136,27.967409133911133,0,0.0,0.0
1999-09-14 00:00:00+05:30,28.139283145166754,28.139283145166754,27.321959568336183,27.390148162841797,5766912,0.0,0.0
1999-09-15 00:00:00+05:30,27.76098539988912,28.604929196769803,27.644224862372763,28.242271423339844,8206720,0.0,0.0
1999-09-16 00:00:00+05:30,28.02276113288048,28.797818479831825,28.022528524001128,28.532772064208984,9296000,0.0,0.0
1999-09-17 00:00:00+05:30,28.512912312669087,30.81075880862866,28.512912312669087,30.57069969177246,16051968,0.0,0.0
1999-09-20 00:00:00+05:30,31.293203297450972,32.97315369760652,31.293203297450972,32.79334259033203,15663488,0.0,0.0
1999-09-21 00:00:00+05:30,32.982508852059524,35.41696548461914,32.982508852059524,35.41696548461914,7432320,0.0,0.0
1999-09-22 00:00:00+05:30,35.70536036863298,36.896317450909166,35.02814947871123,36.00263214111328,22486272,0.0,0.0
1999-09-23 00:00:00+05:30,36.195757354627716,37.17631300960681,35.98558844095568,36.419002532958984,16110976,0.0,0.0
1999-09-24 00:00:00+05:30,36.24035513673515,36.24035513673515,35.26166957741044,35.60704803466797,9369472,0.0,0.0
1999-09-27 00:00:00+05:30,35.50451813582309,35.86881074495151,32.758544921875,32.758544921875,18954368,0.0,0.0
1999-09-28 00:00:00+05:30,32.758566064354085,33.58032756558102,31.903646397842,32.59159851074219,15646976,0.0,0.0
1999-09-29 00:00:00+05:30,34.56110427516534,35.19908403450256,33.893234287145255,34.088924407958984,13825280,0.0,0.0
1999-09-30 00:00:00+05:30,34.19681888076285,34.607815884519624,33.160685637355265,33.31504440307617,9083008,0.0,0.0
1999-10-01 00:00:00+05:30,33.81383381607817,34.9113822893901,33.81383381607817,34.06463623046875,18394240,0.0,0.0
1999-10-04 00:00:00+05:30,34.26687200913729,34.26687200913729,33.253390855262026,33.70431900024414,8724224,0.0,0.0
1999-10-05 00:00:00+05:30,33.8600871498675,34.7946389142508,33.8600871498675,34.56578826904297,21926272,0.0,0.0
1999-10-06 00:00:00+05:30,36.19575331624416,36.872964184741626,35.40645237296089,35.60844802856445,23435904,0.0,0.0
1999-10-07 00:00:00+05:30,36.14904997056686,38.45717239379883,36.14904997056686,38.45717239379883,20937216,0.0,0.0
1999-10-08 00:00:00+05:30,39.693898196122426,41.449976054899,37.36335869737374,38.4149055480957,32706048,0.0,0.0
1999-10-11 00:00:00+05:30,38.927960638326574,40.3991433139202,37.97519471508499,38.200775146484375,15590016,0.0,0.0
1999-10-12 00:00:00+05:30,38.36751488588039,38.53097964802352,36.95074198418113,37.36500930786133,18227712,0.0,0.0
1999-10-13 00:00:00+05:30,35.7333832938389,38.29744386478617,35.7333832938389,37.144317626953125,14667520,0.0,0.0
1999-10-14 00:00:00+05:30,36.66280249696841,37.8304076720311,36.66280249696841,37.202003479003906,7520256,0.0,0.0
1999-10-15 00:00:00+05:30,37.316653265137184,37.316653265137184,35.611950080935046,35.966434478759766,7726208,0.0,0.0
1999-10-18 00:00:00+05:30,35.780549369322294,36.798233267717805,34.91138389087329,35.28314971923828,12191872,0.0,0.0
1999-10-19 00:00:00+05:30,35.28314971923828,35.28314971923828,35.28314971923828,35.28314971923828,0,0.0,0.0
1999-10-20 00:00:00+05:30,36.662331398045744,37.3621943273377,35.96690628017471,36.290565490722656,9482624,0.0,0.0
1999-10-21 00:00:00+05:30,36.51802496412832,36.51966006771585,34.336938168086895,34.5417366027832,13757312,0.0,0.0
1999-10-22 00:00:00+05:30,34.00066460013558,34.04736880975115,33.24405640436333,33.5565071105957,7973120,0.0,0.0
1999-10-25 00:00:00+05:30,34.089392273739215,34.21082318196188,33.01986619747037,33.71038818359375,11998464,0.0,0.0
1999-10-26 00:00:00+05:30,33.837185165728314,35.67733022512058,33.837185165728314,35.24181365966797,17267200,0.0,0.0
1999-10-27 00:00:00+05:30,36.798238376848424,36.798238376848424,35.02814923548206,35.229209899902344,9428992,0.0,0.0
1999-10-28 00:00:00+05:30,35.03741932278725,35.03741932278725,34.004845690258115,34.44497299194336,7144320,0.023438,0.0
1999-10-29 00:00:00+05:30,34.20108020507623,34.551501108816765,31.98174781471951,32.60012435913086,23359872,0.0,0.0
1999-11-01 00:00:00+05:30,33.12645492244458,34.29452456004841,30.837038432741075,31.122047424316406,17923456,0.0,0.0
1999-11-02 00:00:00+05:30,30.93048745590458,33.611907958984375,30.837041874466802,33.611907958984375,11051648,0.0,0.0
1999-11-03 00:00:00+05:30,34.42954965561675,35.62612053402694,33.762581956438744,34.978309631347656,21494272,0.0,0.0
1999-11-04 00:00:00+05:30,35.252344176305385,35.60276509257085,34.80847768236914,35.483154296875,10679296,0.0,0.0
1999-11-05 00:00:00+05:30,35.598091844025966,37.493633966613295,35.51399082641309,37.12289047241211,21151104,0.0,0.0
1999-11-08 00:00:00+05:30,37.12289047241211,37.12289047241211,37.12289047241211,37.12289047241211,0,0.0,0.0
1999-11-09 00:00:00+05:30,37.845452128690866,38.02767097227345,36.77082817935767,37.35976791381836,12857088,0.0,0.0
1999-11-10 00:00:00+05:30,37.61183787524147,38.195872624857024,37.28477841545676,37.986087799072266,15993472,0.0,0.0
1999-11-11 00:00:00+05:30,38.02300248240115,39.12566020983377,37.14928640176598,37.466766357421875,14318592,0.0,0.0
1999-11-12 00:00:00+05:30,37.4950416397593,37.938908176304736,37.149292969187066,37.496910095214844,9048320,0.0,0.0
1999-11-15 00:00:00+05:30,37.84545299642958,38.03234412233787,37.233384559079916,37.44480514526367,10479232,0.0,0.0
1999-11-16 00:00:00+05:30,37.68193266344889,38.45285875017785,37.19157603694158,37.889381408691406,18548992,0.0,0.0
1999-11-17 00:00:00+05:30,38.54628990048729,38.920072105582925,38.046356201171875,38.046356201171875,10408832,0.0,0.0
1999-11-18 00:00:00+05:30,38.42949088801368,40.64415091000985,38.42949088801368,40.02507400512695,19834752,0.0,0.0
1999-11-19 00:00:00+05:30,40.345121571777184,41.0693246804773,40.345121571777184,40.659332275390625,13349376,0.0,0.0
1999-11-22 00:00:00+05:30,40.83570291056019,43.38419743324763,40.83570291056019,42.9625244140625,19514368,0.0,0.0
1999-11-23 00:00:00+05:30,42.9625244140625,42.9625244140625,42.9625244140625,42.9625244140625,0,0.0,0.0
1999-11-24 00:00:00+05:30,43.40079223667964,43.76522993658932,42.42428609204986,42.5913200378418,16322688,0.0,0.0
1999-11-25 00:00:00+05:30,42.89150017561875,45.66216026321591,42.89150017561875,44.58683395385742,32123520,0.0,0.0
1999-11-26 00:00:00+05:30,44.8445207875972,45.40986638202304,44.66697423728164,45.01178741455078,15648640,0.0,0.0
1999-11-29 00:00:00+05:30,44.671646507752115,44.671646507752115,42.52707107138999,42.9573860168457,14984832,0.0,0.0
1999-11-30 00:00:00+05:30,42.61631235464243,43.53628570314105,42.09722410230745,43.109004974365234,19893248,0.0,0.0
1999-12-01 00:00:00+05:30,42.75134587667923,45.18093056038122,42.19534476637051,43.32323455810547,20949248,0.0,0.0
1999-12-02 00:00:00+05:30,43.63909124604644,44.38665597831276,43.21858608414664,43.390995025634766,8741376,0.0,0.0
1999-12-03 00:00:00+05:30,43.66246150161761,44.33994217767267,43.33540186490137,43.522525787353516,7236608,0.0,0.0
1999-12-06 00:00:00+05:30,43.82596592132188,44.29319370299908,43.51338871027131,43.918243408203125,11953920,0.0,0.0
1999-12-07 00:00:00+05:30,44.036217312229525,46.46580171566288,44.036217312229525,44.45088195800781,15384832,0.0,0.0
1999-12-08 00:00:00+05:30,46.48918344128127,46.71812514868054,45.087499518428565,46.071014404296875,22782080,0.0,0.0
1999-12-09 00:00:00+05:30,45.554719863082525,46.605982629153665,44.573541281416134,46.17543029785156,19315456,0.0,0.0
1999-12-10 00:00:00+05:30,46.349010689831005,47.372239857277876,46.349010689831005,46.602481842041016,16516864,0.0,0.0
1999-12-13 00:00:00+05:30,46.67605381475463,47.40025685192049,45.43790023508396,47.04259490966797,19993728,0.0,0.0
1999-12-14 00:00:00+05:30,47.30683310285234,47.42364009816802,45.95654423700302,46.450172424316406,19234304,0.0,0.0
1999-12-15 00:00:00+05:30,45.736927317412665,46.25555015245534,42.76068636315872,45.50564956665039,11230720,0.0,0.0
1999-12-16 00:00:00+05:30,45.321095386517385,46.57280045431129,45.20428843964492,46.376094818115234,8111744,0.0,0.0
1999-12-17 00:00:00+05:30,46.48917978957946,48.82531947749803,46.48917978957946,47.1671257019043,13785600,0.0,0.0
1999-12-20 00:00:00+05:30,47.65257278435621,48.124472956061275,47.213378565145554,47.44465637207031,6485120,0.0,0.0
1999-12-21 00:00:00+05:30,47.88618962782044,51.24042069810585,47.751628899114245,51.21892547607422,16071040,0.0,0.0
1999-12-22 00:00:00+05:30,53.755968134325165,55.31650924682617,53.755968134325165,55.31650924682617,2171008,0.0,0.0
1999-12-23 00:00:00+05:30,59.74185180664062,59.74185180664062,58.894066024577405,59.741851806640625,2854784,0.0,0.0
1999-12-24 00:00:00+05:30,59.571541280569974,62.48704259500728,58.473556009908485,59.709373474121094,12998400,0.0,0.0
1999-12-27 00:00:00+05:30,58.87073513853675,60.26774702793536,56.539267135828034,58.78406524658203,6448640,0.0,0.0
1999-12-28 00:00:00+05:30,57.188694298698664,58.870714719248625,55.600119457068146,58.19160079956055,6875904,0.0,0.0
1999-12-29 00:00:00+05:30,60.730274888035325,62.847049713134766,59.85188654529408,62.847049713134766,8247296,0.0,0.0
1999-12-30 00:00:00+05:30,67.23408145413127,67.87488621679613,65.4118930061041,67.59735107421875,5480064,0.0,0.0
1999-12-31 00:00:00+05:30,67.59735107421875,67.59735107421875,67.59735107421875,67.59735107421875,0,0.0,0.0
2000-01-03 00:00:00+05:30,73.00434417285591,73.00527954101562,73.00434417285591,73.00527954101562,657536,0.0,0.0
2000-01-04 00:00:00+05:30,78.49427284365024,78.84586177409575,75.93853669808614,78.75545501708984,7191808,0.0,0.0
2000-01-05 00:00:00+05:30,73.35943473996228,75.9245152872038,72.45511627197266,72.45511627197266,21069440,0.0,0.0
2000-01-06 00:00:00+05:30,71.28334056387958,71.48588207130562,66.6587142944336,66.6587142944336,10495616,0.0,0.0
2000-01-07 00:00:00+05:30,61.325992584228516,61.325992584228516,61.325992584228516,61.325992584228516,971392,0.0,0.0
2000-01-10 00:00:00+05:30,61.325950398758465,66.23183953964426,56.42006125787268,64.27789306640625,30230400,0.0,0.0
2000-01-11 00:00:00+05:30,61.67405980469753,64.4774261594565,59.135845184326165,59.13584518432617,15658368,0.0,0.0
2000-01-12 00:00:00+05:30,55.83373213528433,62.3702502321264,54.97403282876614,61.101959228515625,25993472,0.0,0.0
2000-01-13 00:00:00+05:30,61.20684591791272,61.435787555315606,56.21381387217978,56.49064636230469,20038400,0.0,0.0
2000-01-14 00:00:00+05:30,57.2307461617287,57.455015556435455,52.343542268744116,56.89154052734375,16040064,0.0,0.0
2000-01-17 00:00:00+05:30,57.00180225665077,60.20231328499551,54.75910839737271,55.46415710449219,18092928,0.0,0.0
2000-01-18 00:00:00+05:30,54.85115905967545,56.85696768165405,52.913563891423465,55.766693115234375,20290944,0.0,0.0
2000-01-19 00:00:00+05:30,58.61839937332215,60.22799913293553,58.02969234948678,60.22496032714844,19994752,0.0,0.0
2000-01-20 00:00:00+05:30,61.67407144185246,63.31404106882899,58.922099617666774,59.557762145996094,19778560,0.0,0.0
2000-01-21 00:00:00+05:30,60.27240224583284,63.49627492409832,58.417507386019224,62.70292282104492,20786048,0.0,0.0
2000-01-24 00:00:00+05:30,63.5430037952022,67.69666044034446,63.5430037952022,64.84563446044922,25256320,0.0,2.0
2000-01-25 00:00:00+05:30,64.47744509353734,66.57997047702226,62.60876634292783,65.92304992675781,20469632,0.0,0.0
2000-01-26 00:00:00+05:30,65.92304992675781,65.92304992675781,65.92304992675781,65.92304992675781,0,0.0,0.0
2000-01-27 00:00:00+05:30,70.73831332736775,71.01865010409443,68.14987042225799,69.06330108642578,12953792,0.0,2.0
2000-01-28 00:00:00+05:30,69.39269066948525,71.94375511235752,69.39269066948525,71.12657165527344,17281536,0.0,0.0
2000-01-31 00:00:00+05:30,70.41591729738664,70.49534604093755,66.59866532791118,67.48359680175781,7598272,0.0,0.0
2000-02-01 00:00:00+05:30,67.74803149193248,69.61694270550302,66.8135758851472,69.31230926513672,7055424,0.0,0.0
2000-02-02 00:00:00+05:30,70.92519861865219,71.95310004790802,68.67783231196104,68.83014678955078,9491520,0.0,0.0
2000-02-03 00:00:00+05:30,69.2992549737321,70.17764358855557,68.86940522605254,69.53099822998047,6032064,0.0,0.0
2000-02-04 00:00:00+05:30,69.85055062838242,74.28921438068765,69.85055062838242,73.79348754882812,20176704,0.0,0.0
2000-02-07 00:00:00+05:30,73.81266247820861,79.69739778592502,73.81266247820861,79.39323425292969,16988608,0.0,0.0
2000-02-08 00:00:00+05:30,79.38200749008945,85.5026919993312,79.38200749008945,83.14973449707031,14902784,0.0,0.0
2000-02-09 00:00:00+05:30,87.82947528129256,87.82947528129256,80.36317559518204,81.38874053955078,10595520,0.0,0.0
2000-02-10 00:00:00+05:30,82.22279189564736,86.67080291307299,82.22279189564736,86.05406188964844,18777728,0.0,0.0
2000-02-11 00:00:00+05:30,86.61469299732175,92.9386215209961,86.61469299732175,92.9386215209961,2100224,0.0,0.0
2000-02-14 00:00:00+05:30,100.37407684326172,100.37407684326172,100.37407684326172,100.37407684326172,1518912,0.0,0.0
2000-02-15 00:00:00+05:30,100.37407899302207,100.37407899302207,92.34430415758773,93.08812713623047,21339968,0.0,0.0
2000-02-16 00:00:00+05:30,93.9128259404006,96.24896588916677,90.03483362544873,93.79928588867188,12720448,0.0,0.0
2000-02-17 00:00:00+05:30,93.44558283333139,100.9212294599979,93.44558283333139,96.23306274414062,12125248,0.0,0.0
2000-02-18 00:00:00+05:30,97.36092303256495,98.11783202245245,91.34302933518788,92.1802978515625,10628288,0.0,0.0
2000-02-21 00:00:00+05:30,92.04387881945952,98.11784036592132,90.65153994188597,95.82608795166016,17751552,0.0,0.0
2000-02-22 00:00:00+05:30,96.61336606192968,96.61336606192968,91.10942248803698,91.85791778564453,12066560,0.0,0.0
2000-02-23 00:00:00+05:30,98.1178739165688,98.1178739165688,84.50939385742099,86.10964965820312,11944576,0.0,0.0
2000-02-24 00:00:00+05:30,87.74536342073078,90.16560294426318,83.98885265447586,86.8763198852539,8260480,0.0,0.0
2000-02-25 00:00:00+05:30,87.83884657248541,88.6784514716863,82.69933959218041,83.98141479492188,4929856,0.0,0.0
2000-02-28 00:00:00+05:30,83.16655744025114,83.16655744025114,77.26313354554568,79.51937866210938,7616384,0.0,0.0
2000-02-29 00:00:00+05:30,80.36320202314634,85.88116374345657,78.02706242945023,82.03961944580078,16031808,0.0,0.0
2000-03-01 00:00:00+05:30,85.02612352000327,88.60275268554688,84.10101238378168,88.60275268554688,6285824,0.0,0.0
2000-03-02 00:00:00+05:30,94.7047694369258,95.69108581542969,92.81109090312441,95.69108581542969,1607040,0.0,0.0
2000-03-03 00:00:00+05:30,103.34660339355469,103.34660339355469,103.34660339355469,103.34660339355469,1708224,0.0,0.0
2000-03-06 00:00:00+05:30,111.57075767681336,111.61466979980467,98.67853433901718,111.61466979980469,1385792,0.0,0.0
2000-03-07 00:00:00+05:30,119.61029101938621,120.54381561279297,119.61029101938621,120.54381561279297,3477312,0.0,0.0
2000-03-08 00:00:00+05:30,125.68430513472939,130.18745128639168,111.9945276609466,115.07869720458984,22432768,0.0,0.0
2000-03-09 00:00:00+05:30,118.5824224570859,121.47923498361834,108.67719252765241,110.8128890991211,8334720,0.0,0.0
2000-03-10 00:00:00+05:30,113.05982817811562,119.09641376395435,106.77607716229848,109.0024185180664,10259648,0.0,0.0
2000-03-13 00:00:00+05:30,109.3312894392545,113.99422221106545,100.2824935913086,100.2824935913086,7513664,0.0,0.0
2000-03-14 00:00:00+05:30,95.40791821631247,95.40791821631247,92.26020812988281,92.26020812988281,8390592,0.0,0.0
2000-03-15 00:00:00+05:30,85.32514977693123,95.78170903663838,84.87941258391535,93.13673400878906,16262144,0.0,0.0
2000-03-16 00:00:00+05:30,89.70775330762422,89.70775330762422,85.68585205078124,85.68585205078125,5725568,0.0,0.0
2000-03-17 00:00:00+05:30,85.68585205078124,85.68585205078124,85.68585205078124,85.68585205078125,0,0.0,0.0
2000-03-20 00:00:00+05:30,85.68585205078124,85.68585205078124,85.68585205078124,85.68585205078125,0,0.0,0.0
2000-03-21 00:00:00+05:30,85.92320583672769,92.54102325439453,79.53152853468073,92.54102325439453,14633344,0.0,0.0
2000-03-22 00:00:00+05:30,90.64217564416482,99.94467934042936,88.7732648061408,99.93346405029297,9580544,0.0,0.0
2000-03-23 00:00:00+05:30,102.41634037833241,107.83618320857263,94.84724952920384,95.91299438476562,14267456,0.0,0.0
2000-03-24 00:00:00+05:30,94.47350262960751,103.53772592839279,94.47350262960751,101.140380859375,12254144,0.0,0.0
2000-03-27 00:00:00+05:30,98.11784739130398,102.78078128161452,96.24893601242199,96.87828826904297,8076992,0.0,0.0
2000-03-28 00:00:00+05:30,94.38936064769374,95.31447169651284,90.27916131990004,92.95590209960938,8920448,0.0,0.0
2000-03-29 00:00:00+05:30,95.31446004498615,99.79984640004433,94.85657685457396,95.21073913574219,6539904,0.0,0.0
2000-03-30 00:00:00+05:30,92.51109985014925,92.51109985014925,87.65193096913131,91.0692367553711,7659648,0.0,0.0
2000-03-31 00:00:00+05:30,89.70773999355937,89.70773999355937,83.78375673418854,83.82207489013672,8080640,0.0,0.0
2000-04-03 00:00:00+05:30,79.43807378894704,84.10100742271773,77.11641693115234,77.11641693115234,3743552,0.0,0.0
2000-04-04 00:00:00+05:30,70.94715118408203,70.94715118408203,70.94715118408203,70.94715118408203,400192,0.0,0.0
2000-04-05 00:00:00+05:30,65.88845882880378,76.61600821690003,65.88845882880378,72.86557006835938,28349120,0.0,0.0
2000-04-06 00:00:00+05:30,73.37345116206798,78.69517561912322,68.22460098500488,78.63723754882812,30059968,0.0,0.0
2000-04-07 00:00:00+05:30,84.92849731445312,84.92849731445312,84.92849731445312,84.92849731445312,222400,0.0,0.0
2000-04-10 00:00:00+05:30,91.72291564941406,91.72291564941406,91.72291564941406,91.72291564941406,210624,0.0,0.0
2000-04-11 00:00:00+05:30,91.72291157964484,99.06072552488358,84.57759187310506,99.04483795166016,27174080,0.0,0.0
2000-04-12 00:00:00+05:30,97.0899070822271,98.79996030610079,93.3520858278584,94.1650619506836,16391936,0.0,0.0
2000-04-13 00:00:00+05:30,92.5115860161497,92.5115860161497,86.63198852539062,86.63198852539062,3314176,0.0,0.0
2000-04-14 00:00:00+05:30,86.63198852539062,86.63198852539062,86.63198852539062,86.63198852539062,0,0.0,0.0
2000-04-17 00:00:00+05:30,79.70160675048828,79.70160675048828,79.70160675048828,79.70160675048828,220096,0.0,0.0
2000-04-18 00:00:00+05:30,79.70159983875513,82.2227595697221,73.3258056640625,73.3258056640625,14944384,0.0,0.0
2000-04-19 00:00:00+05:30,79.18575933560396,79.18575933560396,67.45974354196849,67.74848937988281,25509632,0.0,0.0
2000-04-20 00:00:00+05:30,63.56168950242325,73.05576132460232,62.33755228913048,71.05181884765625,36772800,0.0,0.0
2000-04-21 00:00:00+05:30,71.05181884765625,71.05181884765625,71.05181884765625,71.05181884765625,0,0.0,0.0
2000-04-24 00:00:00+05:30,72.86885018670064,73.81265037506391,67.37425107028875,68.88246154785156,17368064,0.0,0.0
2000-04-25 00:00:00+05:30,67.43031172090792,69.09364258098574,63.37197313853437,67.02242279052734,16440064,0.0,0.0
2000-04-26 00:00:00+05:30,72.353515615251,72.3539810180664,71.49521700540895,72.3539810180664,4330048,0.0,0.0
2000-04-27 00:00:00+05:30,74.66299756421724,76.38239575593389,72.35395701485223,74.64664459228516,24835072,0.0,0.0
2000-04-28 00:00:00+05:30,75.71934529690998,79.34639541730517,74.36387553542208,75.9217300415039,19109696,0.046875,0.0
2000-05-01 00:00:00+05:30,75.9217300415039,75.9217300415039,75.9217300415039,75.9217300415039,0,0.0,0.0
2000-05-02 00:00:00+05:30,77.12158090891371,79.17815639981808,72.40080535024687,73.69364166259766,25582336,0.0,0.0
2000-05-03 00:00:00+05:30,68.70828993628258,73.84037853152329,64.8503410007327,71.50242614746094,32888000,0.0,0.0
2000-05-04 00:00:00+05:30,71.8866519951864,76.93460935245567,70.57792230996844,76.46299743652344,25117504,0.0,0.0
2000-05-05 00:00:00+05:30,76.934588252176,81.60721569874669,76.934588252176,80.0755386352539,30822080,0.0,0.0
2000-05-08 00:00:00+05:30,80.38404596801801,81.70212370746337,70.4844408185668,71.0247573852539,48399424,0.0,0.0
2000-05-09 00:00:00+05:30,70.11985606963167,74.27039814334402,65.43647413510487,73.62538146972656,31215296,0.0,0.0
2000-05-10 00:00:00+05:30,74.31713118721619,74.55083285761624,70.57790446081538,72.54988098144531,24130816,0.0,0.0
2000-05-11 00:00:00+05:30,71.13882028808382,71.13882028808382,64.59750760784904,66.00626373291016,31749632,0.0,0.0
2000-05-12 00:00:00+05:30,66.83870520304676,68.24091580171208,63.122847116583664,64.13617706298828,32175744,0.0,0.0
2000-05-15 00:00:00+05:30,63.61358286962751,67.21258792544037,56.56607751868728,64.86902618408203,43260224,0.0,0.0
2000-05-16 00:00:00+05:30,65.42714022487444,66.37129527026839,62.81902876284558,64.16421508789062,30106112,0.0,0.0
2000-05-17 00:00:00+05:30,66.99387193174691,69.29770078859461,64.3240625234705,65.08920288085938,24953152,0.0,0.0
2000-05-18 00:00:00+05:30,64.9690681829717,65.38973121437223,63.118150844809335,64.4815673828125,16329728,0.0,0.0
2000-05-19 00:00:00+05:30,64.50306737163923,64.50306737163923,58.908719086819694,60.35439682006836,35789312,0.0,0.0
2000-05-22 00:00:00+05:30,58.5002067682819,58.5002067682819,54.50858192167653,55.51817321777344,27676736,0.0,0.0
2000-05-23 00:00:00+05:30,54.219266619095414,57.66636711634169,51.648547604199884,56.24125671386719,34424576,0.0,0.0
2000-05-24 00:00:00+05:30,55.16294298759292,57.3503906505478,53.2839815335163,56.53056335449219,38866432,0.0,0.0
2000-05-25 00:00:00+05:30,56.929734019959604,59.06109352021425,56.08840790143803,56.454383850097656,34255680,0.0,0.0
2000-05-26 00:00:00+05:30,56.883010567417294,57.37845831763473,54.452512170124194,55.88603973388672,36218496,0.0,0.0
2000-05-29 00:00:00+05:30,55.2658059539256,55.71451344475585,52.16318152918667,55.07276916503906,26640576,0.0,0.0
2000-05-30 00:00:00+05:30,55.38730743788389,59.17327528806836,54.70723543516557,58.58388137817383,26278080,0.0,0.0
2000-05-31 00:00:00+05:30,62.435737472782186,65.61408014994133,62.435737472782186,65.4247817993164,21896192,0.0,0.0
2000-06-01 00:00:00+05:30,64.96907109642571,66.58021149183648,63.87534716573768,65.37711334228516,26854272,0.0,0.0
2000-06-02 00:00:00+05:30,65.81038275851745,71.88662548480102,65.81038275851745,70.4301986694336,39140928,0.0,0.0
2000-06-05 00:00:00+05:30,71.04532935818747,78.88181432199374,71.04532935818747,74.80278778076172,27895872,0.0,0.0
2000-06-06 00:00:00+05:30,75.27064948607244,76.37372159726922,72.91493616385557,74.51953125,28894656,0.0,0.0
2000-06-07 00:00:00+05:30,73.3823432926316,75.40152624183013,71.98013291124374,73.257080078125,28549120,0.0,0.0
2000-06-08 00:00:00+05:30,73.3355859099496,74.77518823373956,72.91492289325772,73.91423034667969,20242496,0.0,0.0
2000-06-09 00:00:00+05:30,74.31620314230231,76.46579315442533,73.56929343946723,74.17738342285156,32154624,0.0,0.0
2000-06-12 00:00:00+05:30,73.14863723778356,74.57889174224118,72.17643809749865,72.58027648925781,14581632,0.0,0.0
2000-06-13 00:00:00+05:30,71.99087849175547,73.33559908968158,69.65246001494167,72.63870239257812,19440384,0.0,0.0
2000-06-14 00:00:00+05:30,71.87730300864702,74.3078009644603,71.87730300864702,73.03739929199219,15804032,0.0,0.0
2000-06-15 00:00:00+05:30,72.93363193865709,78.51442894806215,72.46622850403355,77.4239730834961,47780928,0.0,0.0
2000-06-16 00:00:00+05:30,76.66351354896534,79.36510547868744,76.17741396299458,78.4363784790039,32008768,0.0,0.0
2000-06-19 00:00:00+05:30,78.5237845783459,81.02906722917884,77.13092220903953,80.07276153564453,39349376,0.0,0.0
2000-06-20 00:00:00+05:30,79.78575639414909,83.6652044203438,79.78575639414909,81.59881591796875,25223040,0.0,0.0
2000-06-21 00:00:00+05:30,83.19779970370836,83.19779970370836,78.80420803396196,79.46558380126953,27506944,0.0,0.0
2000-06-22 00:00:00+05:30,79.45858821889932,80.32795865470611,78.53312936787921,79.57637023925781,21713344,0.0,0.0
2000-06-23 00:00:00+05:30,79.42120149791805,79.42120149791805,76.33633844538592,77.20804595947266,22021824,0.0,0.0
2000-06-26 00:00:00+05:30,76.65460127860275,76.65460127860275,73.3832485552681,75.56181335449219,17510144,0.0,0.0
2000-06-27 00:00:00+05:30,76.45784227217482,77.67215986326177,74.83127856568767,76.2568588256836,19903872,0.0,0.0
2000-06-28 00:00:00+05:30,75.7193429698385,77.21503369516863,73.86842569724243,76.81119537353516,12160960,0.0,0.0
2000-06-29 00:00:00+05:30,77.29916922408614,80.85143483119133,77.29916922408614,78.4349594116211,16867520,0.0,0.0
2000-06-30 00:00:00+05:30,77.64504496811048,78.05635991857964,76.1960945744123,77.6861801147461,15405760,0.0,0.0
2000-07-03 00:00:00+05:30,78.43029199501568,80.57099960727534,78.43029199501568,80.23960876464844,21234432,0.0,0.0
2000-07-04 00:00:00+05:30,80.58033143789525,82.24428723788891,80.40271817834537,81.79417419433594,22397056,0.0,0.0
2000-07-05 00:00:00+05:30,82.1508267034645,82.37518034944574,79.9820747923125,80.39759826660156,15825792,0.0,0.0
2000-07-06 00:00:00+05:30,80.06621465766602,80.06621465766602,78.24334111905016,79.16178894042969,13693696,0.0,0.0
2000-07-07 00:00:00+05:30,79.3641651717798,80.57893929000235,79.04819317415513,79.34313201904297,16222208,0.0,0.0
2000-07-10 00:00:00+05:30,79.5520794545411,80.01948297660068,77.25245412600795,77.55719757080078,15590016,0.0,0.0
2000-07-11 00:00:00+05:30,77.89746777912549,79.69229722993457,77.02809726388983,77.33892059326172,26963328,0.0,0.0
2000-07-12 00:00:00+05:30,77.35527123868447,78.51443179863574,75.6258784677894,78.16434478759766,29184832,0.0,0.0
2000-07-13 00:00:00+05:30,78.97248014095506,79.73855615561696,74.31714217810047,75.07573699951172,27476480,0.0,0.0
2000-07-14 00:00:00+05:30,73.85020524038987,75.13977308978939,71.80251270249717,72.63495635986328,54850688,0.0,0.0
2000-07-17 00:00:00+05:30,72.44752021770681,73.10094919683773,71.13879082022567,71.91094207763672,26524928,0.0,0.0
2000-07-18 00:00:00+05:30,71.95207933831178,71.97077547429679,68.9139572407476,69.68563842773438,38106752,0.0,0.0
2000-07-19 00:00:00+05:30,66.37687651407471,69.92353174334689,66.20487301733571,68.47551727294922,30771840,0.0,0.0
2000-07-20 00:00:00+05:30,68.15675789042164,68.93685592331458,67.35282411198573,68.68258666992188,22578560,0.0,0.0
2000-07-21 00:00:00+05:30,68.93686691731901,70.20399580136116,68.25024944683592,68.7017593383789,28321024,0.0,0.0
2000-07-24 00:00:00+05:30,67.88564932917089,67.88564932917089,63.24900900043655,64.05107116699219,33885440,0.0,0.0
2000-07-25 00:00:00+05:30,60.762426329446484,67.72673519335997,59.37891262225293,66.54373931884766,49228288,0.0,0.0
2000-07-26 00:00:00+05:30,67.94174939651663,68.23153946686502,61.707990147754444,62.2216682434082,34172416,0.0,0.0
2000-07-27 00:00:00+05:30,61.69723342640883,64.02490177840517,59.40695733709517,63.44719314575195,39879680,0.0,0.0
2000-07-28 00:00:00+05:30,63.800565782820904,66.04410216199702,62.82836668517792,63.99032974243164,44182464,0.0,0.0
2000-07-31 00:00:00+05:30,64.0342536089843,64.58578951598139,62.173988431146654,63.204612731933594,21621248,0.0,0.0
2000-08-01 00:00:00+05:30,63.94078573131048,64.4829736804941,62.749842769621644,63.0821647644043,23805504,0.0,0.0
2000-08-02 00:00:00+05:30,61.92160448696209,62.2394388095099,60.62222299184015,61.950584411621094,26991616,0.0,0.0
2000-08-03 00:00:00+05:30,61.51029070071984,61.51029070071984,58.8928315219658,60.30065155029297,26974272,0.0,0.0
2000-08-04 00:00:00+05:30,59.93046900088757,61.968347996706235,58.477780024104995,59.1284065246582,45206336,0.0,0.0
2000-08-07 00:00:00+05:30,59.53783727048399,60.668953349888696,59.079781998658945,60.190330505371094,24836928,0.0,0.0
2000-08-08 00:00:00+05:30,60.668954579157436,69.82117771187221,60.668954579157436,69.72956848144531,75971520,0.0,0.0
2000-08-09 00:00:00+05:30,71.88666430366179,73.28887492076832,70.3442326248446,70.78031921386719,45188416,0.0,0.0
2000-08-10 00:00:00+05:30,70.20399593603757,71.73707920281656,67.5052066765899,67.9655990600586,34988928,0.0,0.0
2000-08-11 00:00:00+05:30,67.65196136923397,70.06376267271088,66.6984585283245,67.6384048461914,51963008,0.0,0.0
2000-08-14 00:00:00+05:30,68.19416363924859,68.68026322927476,67.03500307841695,68.0586166381836,30925184,0.0,0.0
2000-08-15 00:00:00+05:30,68.0586166381836,68.0586166381836,68.0586166381836,68.0586166381836,0,0.0,0.0
2000-08-16 00:00:00+05:30,69.4094081875169,72.81210510068271,69.27853522931822,72.31011199951172,42290944,0.0,0.0
2000-08-17 00:00:00+05:30,72.61578568800043,73.139277448882,70.39094570425377,70.68868255615234,23591296,0.0,0.0
2000-08-18 00:00:00+05:30,70.59847175586616,74.92428965795307,70.59847175586616,74.51250457763672,75263168,0.0,0.0
2000-08-21 00:00:00+05:30,74.77517351890042,75.56975906073146,72.92425660969398,74.46575164794922,43158912,0.0,0.0
2000-08-22 00:00:00+05:30,74.64431275162009,80.42141798399344,74.64431275162009,77.55015563964844,42816704,0.0,0.0
2000-08-23 00:00:00+05:30,76.12131387175769,76.74576295676191,74.7938882829342,75.21315002441406,25796928,0.0,0.0
2000-08-24 00:00:00+05:30,74.78453850833391,77.3552570195579,74.41996388310578,76.7574462890625,36830464,0.0,0.0
2000-08-25 00:00:00+05:30,77.3552534459978,77.77498530057439,75.71934174170178,76.2414321899414,35749120,0.0,0.0
2000-08-28 00:00:00+05:30,76.09329286640616,76.65417708900866,72.6812471789076,72.89531707763672,25876480,0.0,0.0
2000-08-29 00:00:00+05:30,72.44798928309991,73.94321451750046,71.7090263670981,73.30240631103516,31858112,0.0,0.0
2000-08-30 00:00:00+05:30,72.92428537248466,74.50410901406266,72.91493730359959,73.40290832519531,24905024,0.0,0.0
2000-08-31 00:00:00+05:30,73.14863398064456,79.17813799566254,73.0135525687771,77.83949279785156,93071232,0.0,0.0
2000-09-01 00:00:00+05:30,77.83949279785156,77.83949279785156,77.83949279785156,77.83949279785156,0,0.0,0.0
2000-09-04 00:00:00+05:30,78.52379540112517,81.32821666545108,78.52379540112517,80.48128509521484,43716224,0.0,0.0
2000-09-05 00:00:00+05:30,80.58032748355532,80.85142139272273,79.22485793771826,79.75862884521484,25474368,0.0,0.0
2000-09-06 00:00:00+05:30,78.63595127881153,79.16879117692046,77.30899114535795,78.15452575683594,26717312,0.0,0.0
2000-09-07 00:00:00+05:30,77.44873998883475,78.97247500611658,76.851394818201,78.132080078125,32404992,0.0,0.0
2000-09-08 00:00:00+05:30,78.43031437581391,80.75798401581125,78.43031437581391,80.231689453125,51575296,0.0,0.0
2000-09-11 00:00:00+05:30,80.39338062473229,82.49669581549563,79.36509319813688,81.15758514404297,53541568,0.0,0.0
2000-09-12 00:00:00+05:30,81.32820374980366,83.3286906006609,80.11388588360492,82.6500244140625,56493952,0.0,0.0
2000-09-13 00:00:00+05:30,82.3377744842014,83.65585193677548,81.0944815679436,81.47868347167969,56983296,0.0,0.0
2000-09-14 00:00:00+05:30,81.5618780989468,82.59016538730029,78.15918198112256,80.31437683105469,83144704,0.0,0.0
2000-09-15 00:00:00+05:30,79.56139221149355,80.6177237024933,78.99116016767954,79.43799591064453,54026048,0.0,0.0
2000-09-18 00:00:00+05:30,79.00985723140658,79.00985723140658,74.45734889353447,74.84669494628906,53970496,0.0,0.0
2000-09-19 00:00:00+05:30,73.89649502275643,74.27041783122073,69.26920026801076,71.43561553955078,52265984,0.0,0.0
2000-09-20 00:00:00+05:30,73.38233636692354,74.55084490779811,70.81161757699947,72.88127899169922,22970176,0.0,0.0
2000-09-21 00:00:00+05:30,72.41945903831801,72.55033194738428,70.57789024645682,70.85599517822266,21081664,0.0,0.0
2000-09-22 00:00:00+05:30,70.35355859126925,70.35355859126925,65.20277320942107,65.82161712646484,51416128,0.0,0.0
2000-09-25 00:00:00+05:30,68.51198661801865,71.08737921090501,68.24089266087272,70.49517822265625,36492672,0.0,0.0
2000-09-26 00:00:00+05:30,71.51272469945418,71.51272469945418,67.23224500583123,67.7529296875,33702976,0.0,0.0
2000-09-27 00:00:00+05:30,67.3060829092889,70.29746437192398,65.6795192389811,69.74732971191406,42644736,0.0,0.0
2000-09-28 00:00:00+05:30,69.55896423557188,70.99856650573423,67.78844131750311,68.95881652832031,33791104,0.0,0.0
2000-09-29 00:00:00+05:30,69.29720842669464,70.20397076547643,68.4839267413955,68.81344604492188,29249344,0.0,0.0
2000-10-02 00:00:00+05:30,68.81344604492188,68.81344604492188,68.81344604492188,68.81344604492188,0,0.0,0.0
2000-10-03 00:00:00+05:30,68.47458351794917,71.13878233059293,66.8386719663258,69.83566284179688,41659520,0.0,0.0
2000-10-04 00:00:00+05:30,68.24089304951757,71.90533552560126,68.24089304951757,71.52861022949219,44959680,0.0,0.0
2000-10-05 00:00:00+05:30,70.90510824842491,72.21383799856063,69.96095321439842,70.26990509033203,41379840,0.0,0.0
2000-10-06 00:00:00+05:30,69.92355911938473,70.80975427280352,67.69124197222378,70.42975616455078,66243904,0.0,0.0
2000-10-09 00:00:00+05:30,70.1105167650522,70.21428124276183,68.71765449865316,69.11915588378906,32816768,0.0,0.0
2000-10-10 00:00:00+05:30,69.63375720950414,70.47508331352553,67.6332706954977,68.62276458740234,61546048,0.0,0.0
2000-10-11 00:00:00+05:30,66.37127740372703,66.82933269848515,63.42663622313914,63.70193862915039,64735168,0.0,0.0
2000-10-12 00:00:00+05:30,63.47337169087243,64.03331996270039,61.28592412450069,63.51169967651367,69716096,0.0,0.0
2000-10-13 00:00:00+05:30,62.81899836918661,62.81899836918661,60.57592829061191,60.920875549316406,63712512,0.0,0.0
2000-10-16 00:00:00+05:30,61.31396702888649,65.79449339289945,60.481989125917906,60.962013244628906,62009536,0.0,0.0
2000-10-17 00:00:00+05:30,60.54740664991871,61.48221299004406,58.75257847687805,60.428218841552734,63538624,0.0,0.0
2000-10-18 00:00:00+05:30,59.45324355015836,59.71405371975547,57.210638511817265,58.23892593383789,53980160,0.0,0.0
2000-10-19 00:00:00+05:30,58.014107545392875,62.893798834257694,57.210173731518594,62.326839447021484,66756928,0.0,0.0
2000-10-20 00:00:00+05:30,63.56685812094811,67.21073295626334,63.56685812094811,66.59423065185547,79272448,0.0,0.0
2000-10-23 00:00:00+05:30,66.50964006032356,66.7452132269192,63.616412680249134,64.22403717041016,51312896,0.0,0.0
2000-10-24 00:00:00+05:30,63.86599686996434,66.26517747004668,62.81901331471902,65.62577056884766,47601344,0.0,0.0
2000-10-25 00:00:00+05:30,67.78827371641103,68.17168097567064,66.8624854562476,67.17108154296875,45920448,0.039063,0.0
2000-10-26 00:00:00+05:30,66.76899403892823,67.32914196925347,66.00217926145034,66.7876968383789,9681344,0.0,0.0
2000-10-27 00:00:00+05:30,67.04018731001923,67.78829931794245,66.70353690645379,67.3389663696289,20547520,0.0,0.0
2000-10-30 00:00:00+05:30,67.69476713648173,67.76957831718236,66.07697535383063,66.5029296875,20664064,0.0,0.0
2000-10-31 00:00:00+05:30,66.40522099060743,67.08693707103956,65.23536005123668,66.70306396484375,28122240,0.0,0.0
2000-11-01 00:00:00+05:30,68.73182057930262,68.90108175035347,67.89019498788952,68.29230499267578,28271168,0.0,0.0
2000-11-02 00:00:00+05:30,68.45222767529171,69.64920651988697,68.45222767529171,69.26953887939453,33982400,0.0,0.0
2000-11-03 00:00:00+05:30,69.48091154715816,71.15481237716372,69.0133414829108,70.79010772705078,42469760,0.0,0.0
2000-11-06 00:00:00+05:30,70.780705161436,71.58492509060545,70.22897288444767,71.06779479980469,36256064,0.0,0.0
2000-11-07 00:00:00+05:30,70.61240403760574,72.35784150520958,70.18738118566635,72.10816192626953,35621504,0.0,0.0
2000-11-08 00:00:00+05:30,72.0057590813005,74.94209782825223,71.78132554650165,74.35763549804688,51512384,0.0,0.0
2000-11-09 00:00:00+05:30,74.07239566621125,75.14686997859798,73.65158291466732,74.09671020507812,34871168,0.0,0.0
2000-11-10 00:00:00+05:30,73.97002304481305,74.2407478401422,72.14603471302395,72.36205291748047,31773312,0.0,0.0
2000-11-13 00:00:00+05:30,72.28630329832136,72.28630329832136,68.40593904579133,68.83470153808594,42099072,0.0,0.0
2000-11-14 00:00:00+05:30,68.51770182094046,71.89355692635324,68.50835042175649,71.52745056152344,33883136,0.0,0.0
2000-11-15 00:00:00+05:30,72.80062977352507,73.40847061299574,70.827484894628,71.14215850830078,32892992,0.0,0.0
2000-11-16 00:00:00+05:30,71.07998778132298,71.95901933657154,70.3318758194093,70.57501220703125,23760768,0.0,0.0
2000-11-17 00:00:00+05:30,70.2383490807701,71.71586993748181,69.03201876104978,71.41148376464844,32750912,0.0,0.0
2000-11-20 00:00:00+05:30,71.81875053293454,72.1834551254846,71.10804414745238,71.59525299072266,21192640,0.0,0.0
2000-11-21 00:00:00+05:30,71.35116250028227,71.72428234508887,70.60398675770224,71.37828063964844,26636928,0.0,0.0
2000-11-22 00:00:00+05:30,72.48268626102339,72.72582261024112,69.3406165172866,69.68428039550781,49501056,0.0,0.0
2000-11-23 00:00:00+05:30,69.25644728043872,69.9952076551558,68.42417293423847,69.54680633544922,23804032,0.0,0.0
2000-11-24 00:00:00+05:30,69.75209224000527,70.20095943768864,69.3032250423219,69.74554443359375,24187200,0.0,0.0
2000-11-27 00:00:00+05:30,70.1167963777396,70.97618911443884,69.9045177737837,70.8167495727539,32601024,0.0,0.0
2000-11-28 00:00:00+05:30,70.69658310863034,70.69658310863034,69.38738712513718,69.72357177734375,27703936,0.0,0.0
2000-11-29 00:00:00+05:30,68.90718374880473,69.47154157874245,68.08753455846328,69.03108978271484,32305216,0.0,0.0
2000-11-30 00:00:00+05:30,69.10683285573866,69.18819184670933,66.95601126482934,67.18184661865234,45687872,0.0,0.0
2000-12-01 00:00:00+05:30,66.86251068824994,68.59111790926603,65.93672207872032,68.15580749511719,54182464,0.0,0.0
2000-12-04 00:00:00+05:30,68.35871348343137,68.44287605817158,66.956003904428,67.16500854492188,29766208,0.0,0.0
2000-12-05 00:00:00+05:30,67.18978860588581,67.68541265544906,66.22004689378616,67.15705871582031,43453632,0.0,0.0
2000-12-06 00:00:00+05:30,71.0706377268819,71.0706377268819,68.08754122229304,68.30823516845703,41569856,0.0,0.0
2000-12-07 00:00:00+05:30,67.89113129842104,68.58313456509916,67.61105517688189,68.14128112792969,23706944,0.0,0.0
2000-12-08 00:00:00+05:30,67.90329271967,69.37520616303178,67.90329271967,69.12318420410156,39107712,0.0,0.0
2000-12-11 00:00:00+05:30,69.15359825441456,70.09808958959994,68.84500207559161,69.85261535644531,39128768,0.0,0.0
2000-12-12 00:00:00+05:30,69.9484498388708,70.88358954259901,69.34060903144746,69.70063781738281,34921984,0.0,0.0
2000-12-13 00:00:00+05:30,70.12522224698691,75.20303314938512,69.85403160947394,71.28292846679688,52094400,0.0,0.0
2000-12-14 00:00:00+05:30,71.30442021030285,71.39980631034084,70.13596103234588,70.4197769165039,27747008,0.0,0.0
2000-12-15 00:00:00+05:30,70.46277647445699,70.46277647445699,67.07476716398125,67.35250091552734,50494144,0.0,0.0
2000-12-18 00:00:00+05:30,66.45432210571423,66.75029300161191,64.88001300717056,66.33976745605469,42354176,0.0,0.0
2000-12-19 00:00:00+05:30,66.30142145506798,66.30142145506798,64.16462670154428,64.42506408691406,46559552,0.0,0.0
2000-12-20 00:00:00+05:30,63.54274398174869,63.54274398174869,61.39192262548641,62.10403060913086,60485184,0.0,0.0
2000-12-21 00:00:00+05:30,61.73792894160914,61.73792894160914,58.30596591198621,58.692176818847656,57950976,0.0,0.0
2000-12-22 00:00:00+05:30,58.86517939968412,58.86517939968412,54.051547189582145,54.350791931152344,88193152,0.0,0.0
2000-12-25 00:00:00+05:30,54.350791931152344,54.350791931152344,54.350791931152344,54.350791931152344,0,0.0,0.0
2000-12-26 00:00:00+05:30,54.004342707552155,54.93948284101626,51.24567931383304,51.620201110839844,87180288,0.0,0.0
2000-12-27 00:00:00+05:30,51.76934808614568,53.910818590431695,50.703288533793696,51.322818756103516,93331008,0.0,0.0
2000-12-28 00:00:00+05:30,51.71323643036641,53.11594627929135,51.353207569142334,51.87594985961914,68453056,0.0,0.0
2000-12-29 00:00:00+05:30,51.6197158354269,53.77053732856969,50.79913067880395,53.24779510498047,89329728,0.0,0.0
2001-01-01 00:00:00+05:30,53.34972438417191,54.23717112109109,51.9937717048196,52.307979583740234,59981248,0.0,0.0
2001-01-02 00:00:00+05:30,52.37718364512689,53.58351406651975,51.43269238496659,53.12389373779297,68767872,0.0,0.0
2001-01-03 00:00:00+05:30,52.36784463518537,52.83541467657095,51.28027854536798,52.50156784057617,64125952,0.0,0.0
2001-01-04 00:00:00+05:30,52.6483665216919,57.88514898210886,52.6483665216919,57.056148529052734,71192960,0.0,0.0
2001-01-05 00:00:00+05:30,57.03418042748158,59.839600025488544,56.65077308242063,59.67501449584961,67941888,0.0,0.0
2001-01-08 00:00:00+05:30,59.02602483257337,59.33462097000603,55.463142154941806,55.96484375,76229504,0.0,0.0
2001-01-09 00:00:00+05:30,55.50990939173939,56.80975396812951,54.57664151513622,55.43416213989258,64873024,0.0,0.0
2001-01-10 00:00:00+05:30,56.10933720772315,56.376788166448854,52.66848768047924,52.98596954345703,91550336,0.0,0.0
2001-01-11 00:00:00+05:30,53.0692036378904,53.677044736826595,51.64779060653193,51.884849548339844,68442560,0.0,0.0
2001-01-12 00:00:00+05:30,51.993773364901955,54.705678810193604,51.921300029726055,54.24418640136719,92083584,0.0,0.0
2001-01-15 00:00:00+05:30,54.47189236296748,58.11566361441976,54.42513537381472,57.692047119140625,102845952,0.0,0.0
2001-01-16 00:00:00+05:30,57.88422729662828,58.34338192882918,56.44598386892158,57.02670669555664,41221824,0.0,0.0
2001-01-17 00:00:00+05:30,59.38135872715353,59.46552128282981,58.07403552209299,58.89368438720703,51214528,0.0,0.0
2001-01-18 00:00:00+05:30,59.1475933023617,60.64381700645306,59.1475933023617,60.132293701171875,43274496,0.0,0.0
2001-01-19 00:00:00+05:30,60.29781492347527,63.53947616025633,60.29781492347527,63.1214714050293,56089536,0.0,0.0
2001-01-22 00:00:00+05:30,63.54273607751913,64.75841756244591,63.1406260478895,63.93175506591797,46704576,0.0,0.0
2001-01-23 00:00:00+05:30,63.41230135924067,63.68209012934483,62.46828038479398,63.17851638793945,32817280,0.0,0.0
2001-01-24 00:00:00+05:30,63.49600913195385,64.05709315962943,62.85169855339575,63.85791015625,40703168,0.0,0.0
2001-01-25 00:00:00+05:30,63.5993213282055,63.96262404108506,62.190068438314725,63.4688720703125,30341568,0.0,0.0
2001-01-26 00:00:00+05:30,63.4688720703125,63.4688720703125,63.4688720703125,63.4688720703125,0,0.0,0.0
2001-01-29 00:00:00+05:30,63.1313097035453,63.1313097035453,60.45680895177312,62.05449676513672,32839808,0.0,0.0
2001-01-30 00:00:00+05:30,62.373843179752434,64.89591779564006,62.373843179752434,64.41806030273438,32835392,0.0,0.0
2001-01-31 00:00:00+05:30,64.0790613784422,64.49660044052328,63.23416154542822,63.5217170715332,32945152,0.0,0.0
2001-02-01 00:00:00+05:30,63.22481081521848,63.411838801656046,62.00211535388291,63.13503646850586,32992448,0.0,0.0
2001-02-02 00:00:00+05:30,62.897488907468336,64.61814575536815,62.89327895286319,64.18470764160156,36933888,0.0,0.0
2001-02-05 00:00:00+05:30,63.91680898423735,63.91680898423735,62.10263766851796,62.325199127197266,27276480,0.0,0.0
2001-02-06 00:00:00+05:30,62.20783604724267,62.93490722656893,62.10263282193823,62.4163703918457,21435776,0.0,0.0
2001-02-07 00:00:00+05:30,62.84140377144069,62.84140377144069,60.41050567856901,60.75090026855469,35805888,0.0,0.0
2001-02-08 00:00:00+05:30,60.363278939264966,61.3358244093941,59.39119921262833,61.118404388427734,34458240,0.0,0.0
2001-02-09 00:00:00+05:30,60.87759869983932,61.17684342463115,59.84941070180501,60.08506774902344,27061504,0.0,0.0
2001-02-12 00:00:00+05:30,59.86765913889198,59.86765913889198,58.773545405800704,59.55906295776367,27284224,0.0,0.0
2001-02-13 00:00:00+05:30,59.75543805825759,60.87760590911689,59.21492903653876,59.60301208496094,29327680,0.0,0.0
2001-02-14 00:00:00+05:30,59.245768986937655,59.84893402515997,58.93763866422298,59.55296325683594,21451776,0.0,0.0
2001-02-15 00:00:00+05:30,59.393551965476256,60.968331563222634,59.381396970494755,60.74296188354492,29909440,0.0,0.0
2001-02-16 00:00:00+05:30,60.99917133576988,61.17684790412488,58.35272560711391,58.86284255981445,40206656,0.0,0.0
2001-02-19 00:00:00+05:30,58.352722277025016,59.306564852707155,57.66633059166835,58.87873840332031,30336704,0.0,0.0
2001-02-20 00:00:00+05:30,58.96055976597996,59.24110168397828,58.31531335458383,58.55517578125,23045696,0.0,0.0
2001-02-21 00:00:00+05:30,57.97867705713469,57.97867705713469,54.799201218517624,55.260223388671875,65310336,0.0,0.0
2001-02-22 00:00:00+05:30,55.079717675724616,55.079717675724616,51.94700028669783,54.17918014526367,54486912,0.0,0.0
2001-02-23 00:00:00+05:30,54.05110677917271,54.59348812747583,52.27901599463063,52.57919692993164,46992000,0.0,0.0
2001-02-26 00:00:00+05:30,52.741886762896854,54.22875910248916,52.46134481203038,53.52506637573242,40402176,0.0,0.0
2001-02-27 00:00:00+05:30,53.461947357111384,54.22876206469983,51.772147754309806,52.69279479980469,50862080,0.0,0.0
2001-02-28 00:00:00+05:30,52.603499792507336,59.38139303215765,51.94702965254107,58.368167877197266,77895168,0.0,0.0
2001-03-01 00:00:00+05:30,58.446235972303825,58.446235972303825,51.80674356585011,52.95509338378906,63365312,0.0,0.0
2001-03-02 00:00:00+05:30,53.77053931126629,55.12649204172431,45.86860788204542,46.385738372802734,74829568,0.0,0.0
2001-03-05 00:00:00+05:30,45.83261046452748,46.710240215431405,43.10995143005781,44.83294677734375,81282816,0.0,0.0
2001-03-06 00:00:00+05:30,44.83294677734375,44.83294677734375,44.83294677734375,44.83294677734375,0,0.0,0.0
2001-03-07 00:00:00+05:30,46.838347982313955,48.81429651079852,45.419739109760236,48.55666732788086,68337792,0.0,0.0
2001-03-08 00:00:00+05:30,49.04806989633135,49.655910610013244,46.897248909456955,47.983882904052734,36073088,0.0,0.0
2001-03-09 00:00:00+05:30,47.13105043521067,47.13105043521067,44.14515059420284,45.914432525634766,31186368,0.0,0.0
2001-03-12 00:00:00+05:30,45.35426997815453,45.69092022953877,40.9609860240347,41.619789123535156,28695744,0.0,0.0
2001-03-13 00:00:00+05:30,40.687935650695074,43.942222390856394,35.209417821600404,39.20246505737305,43740032,0.0,0.0
2001-03-14 00:00:00+05:30,40.3045323719608,44.877366787248235,39.55735645536448,44.153099060058594,27935360,0.0,0.0
2001-03-15 00:00:00+05:30,43.20345714514008,46.008876440279046,42.36183135659839,45.55954360961914,26508288,0.0,0.0
2001-03-16 00:00:00+05:30,45.775078992647366,46.71021850220094,43.12863418061076,43.948753356933594,26217472,0.0,0.0
2001-03-19 00:00:00+05:30,43.31567733086865,44.419142340592856,40.595822196643745,41.66655731201172,26609344,0.0,0.0
2001-03-20 00:00:00+05:30,41.56789591086338,42.78264147357936,39.56622663405537,40.8296012878418,21592512,0.0,0.0
2001-03-21 00:00:00+05:30,40.02397951906657,42.717181879228065,37.60196767433801,41.89004898071289,32702976,0.0,0.0
2001-03-22 00:00:00+05:30,41.66046625171146,41.84749415856538,39.631213462346395,40.28955078125,22650624,0.0,0.0
2001-03-23 00:00:00+05:30,40.30453510952048,41.5202171429863,37.40560102971739,39.39464569091797,34882176,0.0,0.0
2001-03-26 00:00:00+05:30,38.855058011242534,40.64117499804093,38.57685392560247,40.380271911621094,20275776,0.0,0.0
2001-03-27 00:00:00+05:30,40.061381374832486,44.47524038718564,39.74670780550036,43.55880355834961,40293184,0.0,0.0
2001-03-28 00:00:00+05:30,45.35428478464774,46.05563970399796,43.689735776056544,44.0348014831543,29183360,0.0,0.0
2001-03-29 00:00:00+05:30,43.556009381525016,43.556009381525016,40.91423938038495,41.247615814208984,31557248,0.0,0.0
2001-03-30 00:00:00+05:30,40.91236895656673,40.91236895656673,37.976029790312566,38.18877410888672,30498944,0.0,0.0
2001-04-02 00:00:00+05:30,37.98537983697128,38.98597945355324,35.13367138632393,38.460899353027344,40333248,0.0,0.0
2001-04-03 00:00:00+05:30,37.92926736930672,39.07013783751565,37.08764161407063,38.10226821899414,28847232,0.0,0.0
2001-04-04 00:00:00+05:30,36.93802083911554,36.93802083911554,35.815853117420886,36.60511016845703,20771456,0.0,0.0
2001-04-05 00:00:00+05:30,36.60511016845703,36.60511016845703,36.60511016845703,36.60511016845703,0,0.0,0.0
2001-04-06 00:00:00+05:30,36.9380285889979,39.53350773340743,36.9380285889979,37.6777229309082,32048448,0.0,0.0
2001-04-09 00:00:00+05:30,36.93802598576485,37.54586691970782,36.02439476166494,37.12739181518555,15911040,0.0,0.0
2001-04-10 00:00:00+05:30,37.4055992359034,37.86381782654322,34.157389599033,35.79762649536133,35273920,0.0,0.0
2001-04-11 00:00:00+05:30,37.54586302867934,38.32530296641997,30.07035636901855,30.070356369018555,41200640,0.0,0.0
2001-04-12 00:00:00+05:30,27.664710580231386,28.400199500514876,25.259063125009966,26.758092880249023,80036608,0.0,0.0
2001-04-13 00:00:00+05:30,26.758092880249027,26.758092880249027,26.758092880249027,26.758092880249023,0,0.0,0.0
2001-04-16 00:00:00+05:30,26.41771520186108,28.89583715884982,25.959496424908444,28.63072395324707,43891264,0.0,0.0
2001-04-17 00:00:00+05:30,28.720482951113464,29.56912237408898,27.408949297424034,28.574600219726562,40648000,0.0,0.0
2001-04-18 00:00:00+05:30,28.86776351976347,33.1464958190918,28.605924394867657,33.1464958190918,43391808,0.0,0.0
2001-04-19 00:00:00+05:30,35.441800739696355,38.45014749964016,34.03909094788779,35.76255416870117,49591872,0.0,0.0
2001-04-20 00:00:00+05:30,36.23667591211558,37.349492540126356,34.7030462735125,35.70878982543945,31406144,0.0,0.0
2001-04-23 00:00:00+05:30,35.67559503880213,35.79248755203543,34.32899328635455,34.776458740234375,21476224,0.0,0.0
2001-04-24 00:00:00+05:30,34.18450133720826,36.64812653391688,33.39617807712444,35.94817352294922,27698688,0.0,0.0
2001-04-25 00:00:00+05:30,36.479805987135144,37.25597207196781,35.30246353199495,35.96267318725586,26131968,0.0,0.0
2001-04-26 00:00:00+05:30,35.946752729743366,37.21854210831909,33.957243977596406,34.362159729003906,25135680,0.0,0.0
2001-04-27 00:00:00+05:30,34.02437686532587,34.02437686532587,29.98568052025414,30.439682006835938,36926080,0.117188,0.0
2001-04-30 00:00:00+05:30,30.73531730119094,35.22098647537758,30.566647876977086,34.755271911621094,35136960,0.0,0.0
2001-05-01 00:00:00+05:30,34.755271911621094,34.755271911621094,34.755271911621094,34.755271911621094,0,0.0,0.0
2001-05-02 00:00:00+05:30,36.32952074167295,38.511448121735704,35.9828113613681,36.969058990478516,42003456,0.0,0.0
2001-05-03 00:00:00+05:30,36.554428787677175,36.82523612482032,35.384048497947994,35.631900787353516,31680704,0.0,0.0
2001-05-04 00:00:00+05:30,35.44400105194094,36.142104972197274,34.403873063371094,35.81132507324219,31076864,0.0,0.0
2001-05-07 00:00:00+05:30,36.07652570427437,37.71542981403524,36.07652570427437,37.42166519165039,30507648,0.0,0.0
2001-05-08 00:00:00+05:30,37.2478393955048,37.82881198481834,36.648125754923086,37.188804626464844,23583936,0.0,0.0
2001-05-09 00:00:00+05:30,37.50318337448057,38.391040610968055,35.88911045643341,36.19880676269531,37691648,0.0,0.0
2001-05-10 00:00:00+05:30,36.00624702357927,36.965787994035864,35.13947334767008,36.164608001708984,33075968,0.0,0.0
2001-05-11 00:00:00+05:30,35.70169576997869,36.676230247689396,35.42995057907859,36.435874938964844,24473280,0.0,0.0
2001-05-14 00:00:00+05:30,36.31171274198678,37.292339358382215,35.66514664719983,36.3454475402832,22221056,0.0,0.0
2001-05-15 00:00:00+05:30,36.32015869218825,36.826167095020594,33.795739908703986,36.568477630615234,29911936,0.0,0.0
2001-05-16 00:00:00+05:30,36.91048941610226,37.36964503463209,35.37372367245139,35.82257080078125,26481280,0.0,0.0
2001-05-17 00:00:00+05:30,35.607995035117575,36.919868536411386,35.607995035117575,36.544578552246094,28624640,0.0,0.0
2001-05-18 00:00:00+05:30,36.91049196977808,37.547687566108344,36.66029945052879,36.99998092651367,34144768,0.0,0.0
2001-05-21 00:00:00+05:30,37.20097426747469,37.47271941955448,36.87300598048184,37.04448699951172,19321984,0.0,0.0
2001-05-22 00:00:00+05:30,37.004182650428454,37.67886007530332,37.004182650428454,37.23282241821289,23764224,0.0,0.0
2001-05-23 00:00:00+05:30,37.19161470635214,39.77787967459432,37.07073355802703,39.566104888916016,55238144,0.0,0.0
2001-05-24 00:00:00+05:30,39.3571394791288,39.9652855826348,38.89704582731935,38.98794174194336,37843072,0.0,0.0
2001-05-25 00:00:00+05:30,39.07696221647214,39.58109459299213,38.75648845563813,39.12474822998047,26164032,0.0,0.0
2001-05-28 00:00:00+05:30,39.21422806402223,40.553741375705265,38.88766447257817,40.143314361572266,30142272,0.0,0.0
2001-05-29 00:00:00+05:30,40.28387726981866,40.48065824741024,39.5632849860139,39.79145812988281,18814912,0.0,0.0
2001-05-30 00:00:00+05:30,39.16880627632505,39.699179065874986,36.60830955024711,36.81211853027344,40161728,0.0,0.0
2001-05-31 00:00:00+05:30,35.139463683928795,35.98281081234309,34.67093750147641,35.348426818847656,33537984,0.0,0.0
2001-06-01 00:00:00+05:30,35.46743473071377,35.88910832724802,35.0035937745261,35.19756317138672,28304768,0.0,0.0
2001-06-04 00:00:00+05:30,35.42057923767879,35.51381549003182,33.734353971991005,33.90114974975586,29582400,0.0,0.0
2001-06-05 00:00:00+05:30,33.733885597965426,36.0202933996053,33.547410802163576,35.53630447387695,48417472,0.0,0.0
2001-06-06 00:00:00+05:30,37.435248357293524,37.435248357293524,35.42152110931822,35.661407470703125,27025280,0.0,0.0
2001-06-07 00:00:00+05:30,35.42057722662437,36.535669472647726,34.68030590363407,36.238155364990234,36873792,0.0,0.0
2001-06-08 00:00:00+05:30,36.5356722943129,37.14475634128144,36.09057241383589,36.94516372680664,36826752,0.0,0.0
2001-06-11 00:00:00+05:30,36.71371391225568,36.73245496070502,35.47961632941181,35.6820182800293,27544128,0.0,0.0
2001-06-12 00:00:00+05:30,35.52366228923366,36.03904119345626,35.13947074244955,35.9369010925293,26409152,0.0,0.0
2001-06-13 00:00:00+05:30,36.07652196718347,36.50756612575241,35.538654736581265,35.95330047607422,30776768,0.0,0.0
2001-06-14 00:00:00+05:30,35.71716215426598,35.87974168472064,35.011094439426024,35.61455535888672,28833856,0.0,0.0
2001-06-15 00:00:00+05:30,35.42996085312546,35.42996085312546,31.588044971141475,31.903362274169922,66734656,0.0,0.0
2001-06-18 00:00:00+05:30,31.672373925492305,32.18775279114381,29.407985227680733,31.236175537109375,50334208,0.0,0.0
2001-06-19 00:00:00+05:30,31.859789049779202,32.684395354597015,31.11951748068139,32.45856475830078,44176448,0.0,0.0
2001-06-20 00:00:00+05:30,32.32831733386255,32.32831733386255,30.970995617087993,31.520578384399414,41332864,0.0,0.0
2001-06-21 00:00:00+05:30,31.625525098328193,32.37516717473301,31.392666613254523,31.918354034423828,32749120,0.0,0.0
2001-06-22 00:00:00+05:30,32.00970509295276,32.309561815134984,31.49432635170205,32.162445068359375,28011200,0.0,0.0
2001-06-25 00:00:00+05:30,31.962852804339512,31.962852804339512,30.566644927515533,31.23382568359375,53216832,0.0,0.0
2001-06-26 00:00:00+05:30,31.016429011407805,34.72996748019783,30.7915364747692,33.63783264160156,57623680,0.0,0.0
2001-06-27 00:00:00+05:30,34.005635023228415,34.005635023228415,32.337681583125175,33.18758773803711,38507200,0.0,0.0
2001-06-28 00:00:00+05:30,33.09668828741826,34.249262653033334,32.656273692427135,33.86366653442383,37874304,0.0,0.0
2001-06-29 00:00:00+05:30,34.10870922278659,35.60799314466732,34.10870922278659,35.12681579589844,40621184,0.0,0.0
2001-07-02 00:00:00+05:30,35.70170476000157,35.70170476000157,33.26536795223243,34.98814010620117,10349184,0.0,0.0
2001-07-03 00:00:00+05:30,33.73390036757119,33.77138247909071,29.985689215618834,30.861833572387695,36732608,0.0,0.0
2001-07-04 00:00:00+05:30,30.21057000148252,33.359066130669284,30.21057000148252,32.498382568359375,37540288,0.0,0.0
2001-07-05 00:00:00+05:30,32.93739609046302,33.34969919941903,31.70985728879854,32.65909194946289,28821504,0.0,0.0
2001-07-06 00:00:00+05:30,32.19712507085157,34.83680160179849,31.739373992865072,34.10121536254883,55840448,0.0,0.0
2001-07-09 00:00:00+05:30,33.44339503003052,33.44339503003052,32.094039780850245,32.820255279541016,34657536,0.0,0.0
2001-07-10 00:00:00+05:30,33.68985026451996,33.89319020716707,32.10341986446071,32.82635498046875,46978176,0.0,0.0
2001-07-11 00:00:00+05:30,32.42202171677966,36.02967442225948,32.30957539868678,35.10573959350586,69567552,0.0,0.0
2001-07-12 00:00:00+05:30,35.7485529102562,36.985462211476076,35.23317403474792,36.544578552246094,60139648,0.0,0.0
2001-07-13 00:00:00+05:30,37.32279696153594,37.38557901457137,33.940037809360575,34.61143493652344,59455168,0.0,0.0
2001-07-16 00:00:00+05:30,34.774017449778334,35.31422728811829,33.88381759590365,34.0234375,39718336,0.0,0.0
2001-07-17 00:00:00+05:30,33.265360229098405,35.37372813094267,33.265360229098405,34.45682144165039,50187776,0.0,0.0
2001-07-18 00:00:00+05:30,34.558492044668185,35.07059025925289,34.071224803257465,34.53084945678711,41571712,0.0,0.0
2001-07-19 00:00:00+05:30,34.108708923557785,34.95205612221718,33.832278452886094,34.64376449584961,35498048,0.0,0.0
2001-07-20 00:00:00+05:30,34.952059208149194,35.60799597613055,33.858519368216896,35.24769973754883,55835008,0.0,0.0
2001-07-23 00:00:00+05:30,34.65220371847705,34.66157424409048,33.49962906802473,33.941917419433594,2029568,0.0,0.0
2001-07-24 00:00:00+05:30,33.78074104528574,34.92394504182523,33.746537257999734,34.64798355102539,32382272,0.0,0.0
2001-07-25 00:00:00+05:30,34.38045404530451,34.75527502154114,33.88381625179098,34.53975296020508,35721088,0.0,0.0
2001-07-26 00:00:00+05:30,34.42730605442792,35.09261327540354,33.31314934976437,34.2174072265625,52569920,0.0,0.0
2001-07-27 00:00:00+05:30,34.13072681578621,34.50226946607773,33.733886495893486,33.909114837646484,35253888,0.0,0.0
2001-07-30 00:00:00+05:30,34.12933440700493,34.521022909506065,33.9686307773349,34.259117126464844,20011712,0.0,0.0
2001-07-31 00:00:00+05:30,34.222554715074146,35.60798745796977,34.062320144148494,35.166168212890625,30586304,0.0,0.0
2001-08-01 00:00:00+05:30,35.37373105535347,36.06714988928623,33.5933313466072,34.17523956298828,42687616,0.0,0.0
2001-08-02 00:00:00+05:30,34.577230478227186,35.935956337127706,34.342967399106406,35.18490982055664,38093376,0.0,0.0
2001-08-03 00:00:00+05:30,35.420589682081435,36.535682320221035,35.33859757633588,36.21052551269531,31857024,0.0,0.0
2001-08-06 00:00:00+05:30,36.21707078188051,36.34825810165964,35.20505431501296,35.5400505065918,20862464,0.0,0.0
2001-08-07 00:00:00+05:30,35.158216532581136,35.415437035542105,34.914582835926794,35.19429397583008,16592640,0.0,0.0
2001-08-08 00:00:00+05:30,34.90521235783334,34.90521235783334,34.249744465195924,34.53273391723633,19657088,0.0,0.0
2001-08-09 00:00:00+05:30,33.83836621982201,34.65875603883411,33.83836621982201,34.509765625,16467584,0.0,0.0
2001-08-10 00:00:00+05:30,34.43667776632629,34.642360322922876,34.06419941497623,34.20709991455078,11152384,0.0,0.0
2001-08-13 00:00:00+05:30,34.436674103542785,34.436674103542785,33.664074893104996,33.91520309448242,18800576,0.0,0.0
2001-08-14 00:00:00+05:30,34.01500514165963,35.739181710823644,33.9212998933355,35.49835968017578,37428032,0.0,0.0
2001-08-15 00:00:00+05:30,35.49835968017578,35.49835968017578,35.49835968017578,35.49835968017578,0,0.0,0.0
2001-08-16 00:00:00+05:30,35.04576095201261,35.486175594992446,34.81149784404461,35.200374603271484,19617856,0.0,0.0
2001-08-17 00:00:00+05:30,35.16757594721801,35.41964212324961,34.01500151569448,34.39638137817383,18481984,0.0,0.0
2001-08-20 00:00:00+05:30,31.859783910124126,34.848981282868124,31.859783910124126,34.35655975341797,28190848,0.0,0.0
2001-08-21 00:00:00+05:30,34.57724457276565,35.214440407710924,34.502280356889734,35.05514144897461,20295552,0.0,0.0
2001-08-22 00:00:00+05:30,35.05514144897461,35.05514144897461,35.05514144897461,35.05514144897461,0,0.0,0.0
2001-08-23 00:00:00+05:30,35.02702407173946,35.56114402146903,34.68312624586227,35.284244537353516,17717248,0.0,0.0
2001-08-24 00:00:00+05:30,35.149771315122074,35.87973650967002,34.774014674167,35.66608810424805,16439680,0.0,0.0
2001-08-27 00:00:00+05:30,33.73622808761348,36.90112248011163,33.73622808761348,36.70668411254883,29598848,0.0,0.0
2001-08-28 00:00:00+05:30,36.07652349528485,37.05105815593671,36.07652349528485,36.860836029052734,25300608,0.0,0.0
2001-08-29 00:00:00+05:30,36.37918372958139,36.50755944359103,34.95298822709236,35.1984977722168,36475264,0.0,0.0
2001-08-30 00:00:00+05:30,35.5142989719208,35.93316109064065,33.836974561373616,34.74216842651367,40934464,0.0,0.0
2001-08-31 00:00:00+05:30,34.577233949908624,34.577233949908624,33.01235642426235,33.15900421142578,43462592,0.0,0.0
2001-09-03 00:00:00+05:30,33.359059504176905,33.47806468025632,31.588030783309083,32.0809211730957,51990272,0.0,0.0
2001-09-04 00:00:00+05:30,31.850424591191324,33.4059322352448,31.625531919761904,32.11982727050781,63444928,0.0,0.0
2001-09-05 00:00:00+05:30,31.766082307846887,32.796840140844864,30.997699195975663,31.523853302001953,55561984,0.0,0.0
2001-09-06 00:00:00+05:30,31.39125687699716,31.775448379073843,30.54790967731664,30.822933197021484,33253632,0.0,0.0
2001-09-07 00:00:00+05:30,30.73532973487729,31.578677197114775,30.219950730176603,31.076416015625,43670400,0.0,0.0
2001-09-10 00:00:00+05:30,31.23195768545264,32.703130009669884,30.639741003567654,32.5443000793457,50323840,0.0,0.0
2001-09-11 00:00:00+05:30,32.749982390020534,33.12480336158014,31.953487825456374,32.83291244506836,46679744,0.0,0.0
2001-09-12 00:00:00+05:30,30.501991571963675,30.894617903702816,29.54994769770301,29.898061752319336,38298368,0.0,0.0
2001-09-13 00:00:00+05:30,29.751404425566484,30.407340901090784,29.095467950042185,29.692838668823242,55163136,0.0,0.0
2001-09-14 00:00:00+05:30,29.423451636615205,29.423451636615205,26.723802181235335,27.24152374267578,55850304,0.0,0.0
2001-09-17 00:00:00+05:30,26.97773913610006,26.97773913610006,24.517507553100582,24.517507553100586,17588032,0.0,0.0
2001-09-18 00:00:00+05:30,23.894828050348647,26.18123512653887,23.576230343010664,24.917150497436523,100096704,0.0,0.0
2001-09-19 00:00:00+05:30,24.72881426637008,25.487826754273062,23.632462894954656,24.17361068725586,40674944,0.0,0.0
2001-09-20 00:00:00+05:30,23.41693842521032,23.51720256996604,21.756482104465192,23.139101028442383,53192960,0.0,0.0
2001-09-21 00:00:00+05:30,21.741486245588366,22.020728278753356,20.825517654418945,20.825517654418945,28133504,0.0,0.0
2001-09-24 00:00:00+05:30,20.38088742704894,22.751629734655094,19.82006071310415,22.493940353393555,47482816,0.0,0.0
2001-09-25 00:00:00+05:30,23.42630822429651,23.866722818913285,22.498626418614368,23.3260440826416,55670016,0.0,0.0
2001-09-26 00:00:00+05:30,23.06085844225928,24.222803361739228,22.686037500491555,23.910295486450195,52010176,0.0,0.0
2001-09-27 00:00:00+05:30,23.707422647052713,23.707422647052713,21.936393840612805,22.23999786376953,40467392,0.0,0.0
2001-09-28 00:00:00+05:30,22.910933913261207,22.9390454886149,21.599060396755455,22.18050193786621,39388544,0.0,0.0
2001-10-01 00:00:00+05:30,22.47989244881971,22.72352613104952,21.43132918997189,21.803340911865234,30558464,0.0,0.0
2001-10-02 00:00:00+05:30,21.803340911865234,21.803340911865234,21.803340911865234,21.803340911865234,0,0.0,0.0
2001-10-03 00:00:00+05:30,22.48925358716028,22.48925358716028,20.21737090628573,20.496610641479492,44075392,0.0,0.0
2001-10-04 00:00:00+05:30,21.19940809258107,22.479891841251305,21.19940809258107,22.201587677001953,59927808,0.0,0.0
2001-10-05 00:00:00+05:30,22.208144319581564,23.46379467351571,21.936399093730145,23.195327758789062,55935552,0.0,0.0
2001-10-08 00:00:00+05:30,22.254997029912243,22.957786409804207,21.31794452338962,22.40070915222168,46894592,0.0,0.0
2001-10-09 00:00:00+05:30,22.50799770264829,23.179863787684326,22.348698801338955,22.73757553100586,38199360,0.0,0.0
2001-10-10 00:00:00+05:30,23.801134512389947,24.12207500729127,22.817229345539182,23.500808715820312,67315392,0.0,0.0
2001-10-11 00:00:00+05:30,24.36336418812125,25.850934982299805,24.082248447489082,25.850934982299805,42996032,0.0,0.0
2001-10-12 00:00:00+05:30,27.174523435746302,28.240420691200146,26.424881409932613,27.649608612060547,77625792,0.0,0.0
2001-10-15 00:00:00+05:30,28.870592542468984,28.870592542468984,26.831096049135947,27.26214027404785,38956224,0.0,0.0
2001-10-16 00:00:00+05:30,27.174523108657947,28.055352478386858,26.705996848163842,27.83983039855957,42279872,0.0,0.0
2001-10-17 00:00:00+05:30,28.111566269061235,29.028003786977653,27.830450606370622,28.15888786315918,43997824,0.0,0.0
2001-10-18 00:00:00+05:30,27.439787532157407,27.440725553127308,26.744633722715555,26.870512008666992,31931328,0.117188,0.0
2001-10-19 00:00:00+05:30,27.01095483658459,28.134944913454248,26.913728606693294,27.765291213989258,43506496,0.0,0.0
2001-10-22 00:00:00+05:30,29.06494282643471,29.121306645749062,28.050394078776353,28.25988006591797,42448960,0.0,0.0
2001-10-23 00:00:00+05:30,28.57832683793593,28.839479587351594,28.18237203394523,28.396554946899414,31108096,0.0,0.0
2001-10-24 00:00:00+05:30,28.181906196083087,28.601816139714845,27.87284324872974,28.39327049255371,53390784,0.0,0.0
2001-10-25 00:00:00+05:30,28.651606438848578,28.651606438848578,28.27584766588007,28.36556053161621,31819072,0.0,0.0
2001-10-26 00:00:00+05:30,28.36556053161621,28.36556053161621,28.36556053161621,28.36556053161621,0,0.0,0.0
2001-10-29 00:00:00+05:30,28.46373020866649,28.698579467813904,28.229818970485788,28.33926010131836,22941888,0.0,0.0
2001-10-30 00:00:00+05:30,27.840916874684048,28.266464303445947,27.580704285449418,27.881311416625977,51813248,0.0,0.0
2001-10-31 00:00:00+05:30,27.524324306139057,27.806143326338432,26.633305586562408,27.396095275878906,73453568,0.0,0.0
2001-11-01 00:00:00+05:30,27.386701733716144,28.08796278260207,27.29135388111471,27.771854400634766,45274112,0.0,0.0
2001-11-02 00:00:00+05:30,27.994026884326104,28.17955776720041,26.78220491517239,27.320947647094727,61585280,0.0,0.0
2001-11-05 00:00:00+05:30,26.409731214316242,27.233113905962778,26.409263350664038,26.709400177001953,30546496,0.0,0.0
2001-11-06 00:00:00+05:30,27.157970720314772,28.06918592608113,27.157970720314772,27.710336685180664,26058368,0.0,0.0
2001-11-07 00:00:00+05:30,28.11050477328695,28.172505870307727,26.32189444768331,26.555803298950195,33943424,0.0,0.0
2001-11-08 00:00:00+05:30,26.88554282669872,27.399392540133306,26.540784577583,26.93345069885254,29282368,0.0,0.0
2001-11-09 00:00:00+05:30,27.467966029703796,27.84372479891999,27.104887742878937,27.549222946166992,25132288,0.0,0.0
2001-11-12 00:00:00+05:30,27.70281389221272,28.125542486702233,27.30826720402251,27.854995727539062,15525248,0.0,0.0
2001-11-13 00:00:00+05:30,27.99403434598924,27.99403434598924,27.111001047827163,27.25425910949707,24560576,0.0,0.0
2001-11-14 00:00:00+05:30,27.712212670766235,27.900092078703633,27.496151351638225,27.756834030151367,8900288,0.0,0.0
2001-11-15 00:00:00+05:30,27.853589550105674,30.532749176025387,27.853119392943704,30.53274917602539,64260928,0.0,0.0
2001-11-16 00:00:00+05:30,30.532749176025387,30.532749176025387,30.532749176025387,30.53274917602539,0,0.0,0.0
2001-11-19 00:00:00+05:30,31.14102502199813,33.58627700805664,30.88738771412665,33.58627700805664,39461696,0.0,0.0
2001-11-20 00:00:00+05:30,34.10010183059664,34.72949764950848,32.644036876397614,33.79385757446289,68126912,0.0,0.0
2001-11-21 00:00:00+05:30,33.363152708389336,33.583440833629105,30.41767312427721,32.968135833740234,48465536,0.0,0.0
2001-11-22 00:00:00+05:30,32.9916262435106,34.14708467971556,32.32465430066059,32.71873092651367,44250048,0.0,0.0
2001-11-23 00:00:00+05:30,32.76617971827952,33.80891078156192,32.69478460197184,33.38148498535156,38425600,0.0,0.0
2001-11-26 00:00:00+05:30,34.28799204701688,36.719622208607845,34.19405234277848,36.68251419067383,41223616,0.0,0.0
2001-11-27 00:00:00+05:30,39.35697119445889,39.35697119445889,35.22738174027278,35.469276428222656,68089856,0.0,0.0
2001-11-28 00:00:00+05:30,35.133449508810514,36.32319494979713,34.992539951957,35.84222412109375,51204032,0.0,0.0
2001-11-29 00:00:00+05:30,35.15410291272542,37.15313955265544,35.13343664397758,36.569305419921875,75322816,0.0,0.0
2001-11-30 00:00:00+05:30,36.569305419921875,36.569305419921875,36.569305419921875,36.569305419921875,0,0.0,0.0
2001-12-03 00:00:00+05:30,35.06158383261185,36.88401407910113,35.06158383261185,35.68111801147461,37064640,0.0,0.0
2001-12-04 00:00:00+05:30,35.92254101581438,38.0455782202009,35.69426708780324,37.44248580932617,41452224,0.0,0.0
2001-12-05 00:00:00+05:30,38.966190513017594,40.149830822718705,38.62142995313046,39.92343521118164,56921024,0.0,0.0
2001-12-06 00:00:00+05:30,41.31468929151364,43.915879248353676,41.145597793731184,42.41378402709961,74881856,0.0,0.0
2001-12-07 00:00:00+05:30,42.27287646351621,43.29587915655318,41.82525458901045,42.584285736083984,40283968,0.0,0.0
2001-12-10 00:00:00+05:30,42.75194678758778,43.193463267266225,41.15497228662317,41.39405059814453,35611904,0.0,0.0
2001-12-11 00:00:00+05:30,40.20619588247407,41.746807126568875,39.413813511195336,39.73884582519531,44337728,0.0,0.0
2001-12-12 00:00:00+05:30,39.905572962859836,41.75618451504519,39.905572962859836,41.446651458740234,46744128,0.0,0.0
2001-12-13 00:00:00+05:30,41.88771230514376,41.88771230514376,38.515277069093834,40.31328201293945,52044160,0.0,0.0
2001-12-14 00:00:00+05:30,38.759525840327015,39.642559148371305,38.57164641308355,39.12495040893555,27590720,0.0,0.0
2001-12-17 00:00:00+05:30,39.12495040893555,39.12495040893555,39.12495040893555,39.12495040893555,0,0.0,0.0
2001-12-18 00:00:00+05:30,39.91498061112666,40.37434485069756,38.72382698778088,39.680599212646484,38919232,0.0,0.0
2001-12-19 00:00:00+05:30,39.42133050868211,39.53922300719382,36.845972043654655,37.48992919921875,39056960,0.0,0.0
2001-12-20 00:00:00+05:30,37.20951201100655,38.98497219027447,36.791950538646404,38.641624450683594,49476032,0.0,0.0
2001-12-21 00:00:00+05:30,38.036189856308425,38.04558382762389,36.75203443617468,37.52891540527344,37109760,0.0,0.0
2001-12-24 00:00:00+05:30,37.34103517477659,38.505887592807355,36.55241175851753,38.1024169921875,29208768,0.0,0.0
2001-12-25 00:00:00+05:30,38.1024169921875,38.1024169921875,38.1024169921875,38.1024169921875,0,0.0,0.0
2001-12-26 00:00:00+05:30,38.27102932039993,38.93800111267985,36.78678223335447,37.14375305175781,32219776,0.0,0.0
2001-12-27 00:00:00+05:30,36.542536247988394,37.43402291156861,36.375323155567386,36.7200813293457,38225728,0.0,0.0
2001-12-28 00:00:00+05:30,36.685807546774576,38.17710053648086,35.62522677834018,37.875553131103516,54474176,0.0,0.0
2001-12-31 00:00:00+05:30,37.951637054661646,39.17285309849977,37.90466720682172,38.363563537597656,37016000,0.0,0.0
2002-01-01 00:00:00+05:30,38.4870905994019,40.196792939917195,37.54158625315167,38.01692199707031,59381504,0.0,0.0
2002-01-02 00:00:00+05:30,37.86992052426734,39.01974409566571,37.450010426330174,37.93896484375,47854528,0.0,0.0
2002-01-03 00:00:00+05:30,38.881640154078916,40.631266991164495,38.32739594796859,40.167205810546875,51961664,0.0,0.0
2002-01-04 00:00:00+05:30,41.14747144860054,42.507248679458364,41.09862096720537,42.12303161621094,56709376,0.0,0.0
2002-01-07 00:00:00+05:30,43.09952407162942,44.3179235245427,42.7425532968426,43.9088134765625,40557120,0.0,0.0
2002-01-08 00:00:00+05:30,44.62136116726074,45.46681853674568,43.543870884946124,45.24981689453125,54785984,0.0,0.0
2002-01-09 00:00:00+05:30,45.78621080038124,45.78621080038124,41.11411879938016,41.67259216308594,59799296,0.0,0.0
2002-01-10 00:00:00+05:30,40.159218268342194,40.751038327033555,39.36073088756814,39.87223434448242,80367424,0.0,0.0
2002-01-11 00:00:00+05:30,38.045584418425186,38.98498156455914,35.93381917522604,36.93286895751953,72600192,0.0,0.0
2002-01-14 00:00:00+05:30,38.50589080511571,38.94740748426683,37.44719063103275,37.84925079345703,47085248,0.0,0.0
2002-01-15 00:00:00+05:30,37.51951908940946,37.54770100159479,36.16678730451337,36.320377349853516,45791104,0.0,0.0
2002-01-16 00:00:00+05:30,36.824378871637876,37.566502833591805,36.11983080649175,36.508270263671875,60796288,0.0,0.0
2002-01-17 00:00:00+05:30,34.99488466700896,39.16345860727746,34.99488466700896,38.78206253051758,71925696,0.0,0.0
2002-01-18 00:00:00+05:30,39.40770605842302,39.40770605842302,36.730894635981244,37.128257751464844,43093184,0.0,0.0
2002-01-21 00:00:00+05:30,37.3316298364882,37.481933328532435,35.9882923763428,36.760005950927734,39499264,0.0,0.0
2002-01-22 00:00:00+05:30,36.88072775818213,37.94224641245482,36.7802127336799,37.540184020996094,39699968,0.0,0.0
2002-01-23 00:00:00+05:30,37.15597446872951,37.3880050969477,36.188395442351215,36.46316909790039,32495232,0.0,0.0
2002-01-24 00:00:00+05:30,37.472549429280384,37.472549429280384,36.1667874912834,36.25039291381836,27712192,0.0,0.0
2002-01-25 00:00:00+05:30,36.61770565863652,36.72949301661239,35.69709633217516,35.95355224609375,36054912,0.0,0.0
2002-01-28 00:00:00+05:30,37.33162574283729,37.33162574283729,35.22831510561506,35.628028869628906,31417344,0.0,0.0
2002-01-29 00:00:00+05:30,35.6148990919644,36.3358864985739,35.25276098474278,35.457550048828125,38412608,0.0,0.0
2002-01-30 00:00:00+05:30,35.227396665163205,35.227396665163205,34.128301889210114,34.454742431640625,41227072,0.0,0.0
2002-01-31 00:00:00+05:30,35.227381212822415,36.81496185948028,35.06063827508172,36.4269905090332,54036416,0.0,0.0
2002-02-01 00:00:00+05:30,37.11744372353163,37.378596477287694,35.47162108525718,35.92346954345703,40670656,0.0,0.0
2002-02-04 00:00:00+05:30,35.838471741481634,35.838471741481634,34.626179250172314,34.84881591796875,33707712,0.0,0.0
2002-02-05 00:00:00+05:30,34.43830569024425,35.5561884990656,34.20439438190798,35.19076156616211,34441600,0.0,0.0
2002-02-06 00:00:00+05:30,35.28375611044641,37.10618653787628,35.28375611044641,36.81309509277344,33731840,0.0,0.0
2002-02-07 00:00:00+05:30,37.10617983212885,37.200119527906395,34.28798895880261,34.504520416259766,68846912,0.0,0.0
2002-02-08 00:00:00+05:30,34.475861060154905,35.87368389643357,34.38192138424167,34.7201042175293,38923904,0.0,0.0
2002-02-11 00:00:00+05:30,35.69707171555085,35.97607205421684,34.945554416276096,35.18510055541992,38867520,0.0,0.0
2002-02-12 00:00:00+05:30,35.42466338147404,35.76942164622615,35.021660663832854,35.27060317993164,26924736,0.0,0.0
2002-02-13 00:00:00+05:30,35.60315213931156,36.29266873302004,35.34012093617152,35.59046936035156,42209536,0.0,0.0
2002-02-14 00:00:00+05:30,36.33588255397045,36.87133894114117,35.763320437256006,36.017425537109375,21775936,0.0,0.0
2002-02-15 00:00:00+05:30,36.16678367113322,36.392238945966255,35.83799472866837,36.04184341430664,21985472,0.0,0.0
2002-02-18 00:00:00+05:30,35.86618085538316,35.86618085538316,34.8243881076888,35.032936096191406,22691968,0.0,0.0
2002-02-19 00:00:00+05:30,35.229739737079186,35.55618022927664,34.551025332438435,34.8253288269043,26101504,0.0,0.0
2002-02-20 00:00:00+05:30,34.10011549879102,34.66375377149831,33.921630045767046,34.284706115722656,21700800,0.0,0.0
2002-02-21 00:00:00+05:30,34.936160041862266,35.16913086060531,34.241006548154864,34.36453628540039,25527616,0.0,0.0
2002-02-22 00:00:00+05:30,34.090714526842994,35.077081301524316,33.93101704903744,34.73326110839844,24593024,0.0,0.0
2002-02-25 00:00:00+05:30,34.74830680529555,35.4124602506699,34.40401631205465,35.19076156616211,24080192,0.0,0.0
2002-02-26 00:00:00+05:30,35.36970763305193,36.2391200743568,35.274359748448724,36.045135498046875,31268096,0.0,0.0
2002-02-27 00:00:00+05:30,36.26073681695039,36.63649574769599,35.69709842083199,36.02541732788086,30092928,0.0,0.0
2002-02-28 00:00:00+05:30,35.97891399961251,35.97891399961251,32.77556943724492,33.19172286987305,54657216,0.0,0.0
2002-03-01 00:00:00+05:30,32.97283601622345,34.27859789834739,32.83192646059856,33.954505920410156,29193024,0.0,0.0
2002-03-04 00:00:00+05:30,34.75769629040209,35.321334608624824,34.02684481241657,34.24102783203125,32084096,0.0,0.0
2002-03-05 00:00:00+05:30,34.99254422096448,36.48571554856233,34.99254422096448,35.999107360839844,57384832,0.0,0.0
2002-03-06 00:00:00+05:30,36.17852450029758,37.12966389806587,35.556174030152896,36.841739654541016,46348032,0.0,0.0
2002-03-07 00:00:00+05:30,37.20106303046336,39.17239104766459,37.106185299817334,38.7623405456543,67763264,0.0,0.0
2002-03-08 00:00:00+05:30,39.26680012693812,39.961954004783436,38.12073562562558,39.74119567871094,67260352,0.0,0.0
2002-03-11 00:00:00+05:30,39.689519841801065,40.347097685333864,38.7876987992418,39.80647659301758,66345920,0.0,0.0
2002-03-12 00:00:00+05:30,39.45467710926692,39.965708200159376,38.84406901114731,39.35932922363281,55556480,0.0,0.0
2002-03-13 00:00:00+05:30,38.89009674946215,39.1244781433388,37.904670181817856,38.099124908447266,42688128,0.0,0.0
2002-03-14 00:00:00+05:30,37.57589036373831,38.505893650240836,37.57589036373831,37.95024108886719,36547648,0.0,0.0
2002-03-15 00:00:00+05:30,37.951642177128925,38.44952263143284,37.218912451926926,37.52797317504883,52188032,0.0,0.0
2002-03-18 00:00:00+05:30,38.305800018048686,38.305800018048686,37.218917892154614,37.50637435913086,29203072,0.0,0.0
2002-03-19 00:00:00+05:30,37.49134398008751,37.65104151144844,36.7961900200458,37.093040466308594,33368640,0.0,0.0
2002-03-20 00:00:00+05:30,37.15315235505446,37.416183522169895,36.47678649675764,36.674530029296875,33572544,0.0,0.0
2002-03-21 00:00:00+05:30,36.53315299350616,36.53315299350616,35.79102928908677,35.92442321777344,21713280,0.0,0.0
2002-03-22 00:00:00+05:30,36.57072784708334,36.711637407244204,35.74452858469677,36.00614929199219,37824896,0.0,0.0
2002-03-25 00:00:00+05:30,36.00614929199219,36.00614929199219,36.00614929199219,36.00614929199219,0,0.0,0.0
2002-03-26 00:00:00+05:30,35.978904602469626,36.21375384922204,34.25135216728907,34.5327033996582,35463232,0.0,0.0
2002-03-27 00:00:00+05:30,37.57588329461723,37.57588329461723,34.39320552087317,34.574039459228516,25979840,0.0,0.0
2002-03-28 00:00:00+05:30,34.66468391399888,36.01553712592361,34.63603414307442,35.2142333984375,47676096,0.0,0.0
2002-03-29 00:00:00+05:30,35.2142333984375,35.2142333984375,35.2142333984375,35.2142333984375,0,0.0,0.0
2002-04-01 00:00:00+05:30,35.54677436083508,35.54677436083508,33.1715086714847,33.50029754638672,37424832,0.0,0.0
2002-04-02 00:00:00+05:30,33.51487301783921,34.10011792465766,33.20675028148284,33.4524040222168,37710784,0.0,0.0
2002-04-03 00:00:00+05:30,33.06677136870207,33.34859044286714,32.83708928194743,33.071468353271484,28006400,0.0,0.0
2002-04-04 00:00:00+05:30,32.99395913794309,34.52282719964149,32.99395913794309,34.29267501831055,39785664,0.0,0.0
2002-04-05 00:00:00+05:30,34.51344678404889,34.879811624707,33.865262835192226,34.09447479248047,25505152,0.0,0.0
2002-04-08 00:00:00+05:30,34.278599080955274,34.75769158660853,33.932900500539034,34.044219970703125,23750016,0.0,0.0
2002-04-09 00:00:00+05:30,33.8934466861508,34.13768992723726,33.00101945910415,33.81923294067383,38507264,0.0,0.0
2002-04-10 00:00:00+05:30,34.00616191375882,35.68768207468777,33.40823451398475,35.4951057434082,59726784,0.0,0.0
2002-04-11 00:00:00+05:30,35.94132628781301,36.63553969679739,35.717749361363055,36.47020721435547,50717504,0.0,0.0
2002-04-12 00:00:00+05:30,36.051233458333094,37.096782640207344,35.72667137892425,36.61393356323242,33804032,0.0,0.0
2002-04-15 00:00:00+05:30,36.63648383346446,36.63648383346446,35.69708681209357,35.79243469238281,23741376,0.0,0.0
2002-04-16 00:00:00+05:30,35.68768564766396,36.06344438046379,35.36829072478411,35.812625885009766,24408512,0.0,0.0
2002-04-17 00:00:00+05:30,36.2621221589027,37.36920212879061,36.2621221589027,37.15736770629883,39309184,0.0,0.0
2002-04-18 00:00:00+05:30,37.200113844676125,37.56647860223733,36.73041543754638,37.215145111083984,20418880,0.0,0.0
2002-04-19 00:00:00+05:30,37.10617903072004,37.27339214428256,35.88496301198748,36.175235748291016,29110336,0.0,0.0
2002-04-22 00:00:00+05:30,36.26073338473429,37.29407034647542,35.481033677238706,37.02023696899414,30009600,0.0,0.0
2002-04-23 00:00:00+05:30,34.194047927370995,37.095844099212314,34.194047927370995,36.908905029296875,32510208,0.0,0.0
2002-04-24 00:00:00+05:30,36.58952257691885,36.960114330208114,36.213763680108386,36.48524856567383,19379840,0.0,0.0
2002-04-25 00:00:00+05:30,36.343390713788516,36.35466301882535,35.38050881212712,35.657630920410156,16325056,0.0,0.0
2002-04-26 00:00:00+05:30,35.744058885176386,36.024937694647086,35.462239761245954,35.752044677734375,15962560,0.0,0.0
2002-04-29 00:00:00+05:30,35.60315171930394,35.678303490743104,34.02496451908149,34.14755630493164,25777664,0.0,0.0
2002-04-30 00:00:00+05:30,34.1940481309016,34.96435361077356,34.064410896330806,34.607852935791016,22117888,0.0,0.0
2002-05-01 00:00:00+05:30,34.607852935791016,34.607852935791016,34.607852935791016,34.607852935791016,0,0.0,0.0
2002-05-02 00:00:00+05:30,34.94558363017235,35.55619194629095,34.94558363017235,35.20720672607422,19447552,0.0,0.0
2002-05-03 00:00:00+05:30,34.942748182211474,35.55617485437315,34.80794380138111,35.263553619384766,12833344,0.0,0.0
2002-05-06 00:00:00+05:30,35.27436040282632,35.31945192141871,34.80466186217617,35.024009704589844,11473408,0.0,0.0
2002-05-07 00:00:00+05:30,34.701332013795636,35.152242662594276,34.3819369708966,34.958255767822266,12131328,0.0,0.0
2002-05-08 00:00:00+05:30,35.23867808235917,35.9225599117543,35.22740577120256,35.757225036621094,17206272,0.0,0.0
2002-05-09 00:00:00+05:30,36.692855917622694,37.106190700104875,35.7468833627683,36.09821701049805,19235264,0.0,0.0
2002-05-10 00:00:00+05:30,35.74405162135706,36.15738625245817,35.274823334058304,35.81873321533203,12516096,0.0,0.0
2002-05-13 00:00:00+05:30,35.74405871505213,36.16678739893579,35.415269738698164,35.980316162109375,10276352,0.0,0.0
2002-05-14 00:00:00+05:30,36.373443025963255,36.443427626814604,35.614409975202705,36.08504867553711,16525824,0.0,0.0
2002-05-15 00:00:00+05:30,36.16679133918459,36.99346085550881,36.16679133918459,36.377685546875,34005760,0.0,0.0
2002-05-16 00:00:00+05:30,36.46738724145476,36.49556914813285,35.56086924330938,35.78585433959961,17889088,0.0,0.0
2002-05-17 00:00:00+05:30,35.791039160490854,36.01649452528135,35.13346101318525,35.52894592285156,19457344,0.0,0.0
2002-05-20 00:00:00+05:30,35.22739310244263,36.06956172949834,35.22739310244263,35.48666763305664,25773184,0.0,0.0
2002-05-21 00:00:00+05:30,34.177509486155564,35.1087156114451,33.74206762120093,34.05733871459961,30125440,0.195313,0.0
2002-05-22 00:00:00+05:30,33.74206112496202,34.75997805275417,33.50643220649162,34.41124725341797,31285632,0.0,0.0
2002-05-23 00:00:00+05:30,34.40184427337702,34.5903475296695,33.90231064420196,34.31607437133789,18053120,0.0,0.0
2002-05-24 00:00:00+05:30,35.016816730176565,35.815598835790574,34.85423276177725,35.62568283081055,20045184,0.0,0.0
2002-05-27 00:00:00+05:30,35.54226644067216,35.579967068029006,34.54319981571558,34.742069244384766,19675584,0.0,0.0
2002-05-28 00:00:00+05:30,34.58091248239726,34.58091248239726,32.997485582140314,33.12331008911133,31493312,0.0,0.0
2002-05-29 00:00:00+05:30,33.10020824657774,33.77976299283568,32.516791943438356,33.40888214111328,46020928,0.0,0.0
2002-05-30 00:00:00+05:30,33.12943199732023,33.647815712783284,33.0069049373017,33.41642761230469,21895872,0.0,0.0
2002-05-31 00:00:00+05:30,33.17655611725493,33.412185066951345,31.595957582904187,31.938091278076172,45376704,0.0,0.0
2002-06-03 00:00:00+05:30,32.22461890272125,32.468729602529685,30.97201388003192,31.382951736450195,38760000,0.0,0.0
2002-06-04 00:00:00+05:30,30.961643723343943,31.57427898727617,30.961643723343943,31.403682708740234,28173440,0.0,0.0
2002-06-05 00:00:00+05:30,31.56296287635673,32.78069257147305,31.56296287635673,32.44515609741211,36407872,0.0,0.0
2002-06-06 00:00:00+05:30,32.58465783745797,32.884378341019726,31.91688443051434,32.21754837036133,33779456,0.0,0.0
2002-06-07 00:00:00+05:30,31.574280352171044,31.574280352171044,30.537512937622143,30.598304748535156,47699456,0.0,0.0
2002-06-10 00:00:00+05:30,31.112447178705352,32.036112681132835,31.112447178705352,31.8160343170166,27366592,0.0,0.0
2002-06-11 00:00:00+05:30,32.51679745017855,33.459313318299664,32.42254586336644,33.27693557739258,29698560,0.0,0.0
2002-06-12 00:00:00+05:30,33.317932031812674,33.317932031812674,32.52621879541317,32.786354064941406,18887680,0.0,0.0
2002-06-13 00:00:00+05:30,33.09361091930777,33.27080433176903,32.43526278002277,32.60821533203125,17408576,0.0,0.0
2002-06-14 00:00:00+05:30,32.51680601405914,32.56298838333437,31.832066674892356,31.952709197998047,19107968,0.0,0.0
2002-06-17 00:00:00+05:30,32.093595042634746,32.460234965713575,31.66946305266462,31.86220932006836,19762240,0.0,0.0
2002-06-18 00:00:00+05:30,32.234037043241976,32.309438299483475,30.832516653065806,30.975778579711914,29418944,0.0,0.0
2002-06-19 00:00:00+05:30,30.810839187640227,31.149673132075883,29.510167481340332,29.701026916503906,55495616,0.0,0.0
2002-06-20 00:00:00+05:30,29.453616259745328,30.905090469025577,29.453616259745328,30.725069046020508,41968640,0.0,0.0
2002-06-21 00:00:00+05:30,30.484732289429214,30.484732289429214,29.415920216410164,29.590757369995117,34686080,0.0,0.0
2002-06-24 00:00:00+05:30,29.38764660442004,30.23025492274839,29.173224231023454,30.04693603515625,34772736,0.0,0.0
2002-06-25 00:00:00+05:30,30.266066693011158,30.433834964424552,29.547870118758432,30.120920181274414,40680960,0.0,0.0
2002-06-26 00:00:00+05:30,29.594988045409014,29.73683709482022,28.768402374544493,28.9295711517334,42938944,0.0,0.0
2002-06-27 00:00:00+05:30,29.07661710196508,30.146372706850993,29.07661710196508,29.888593673706055,48195712,0.0,0.0
2002-06-28 00:00:00+05:30,30.265126513640467,31.055898729920976,30.265126513640467,30.91876220703125,32555328,0.0,0.0
2002-07-01 00:00:00+05:30,31.103024700853958,31.45175558386353,30.76371897684464,31.273618698120117,27086208,0.0,0.0
2002-07-02 00:00:00+05:30,30.804701627419796,31.05588336975841,30.528074729786795,30.76605987548828,26694464,0.0,0.0
2002-07-03 00:00:00+05:30,30.726952004807522,31.988038432620215,30.726952004807522,31.854673385620117,39028032,0.0,0.0
2002-07-04 00:00:00+05:30,32.17090093913859,32.48852838920013,31.414060087381497,31.652986526489258,38403712,0.0,0.0
2002-07-05 00:00:00+05:30,31.762783032558954,32.2802232956608,31.489453445631888,32.143558502197266,25354688,0.0,0.0
2002-07-08 00:00:00+05:30,32.54790812826068,32.705307852814904,32.04601831755106,32.300025939941406,25224064,0.0,0.0
2002-07-09 00:00:00+05:30,32.28116700099874,32.32546478455373,31.867401173252638,31.961652755737305,20608000,0.0,0.0
2002-07-10 00:00:00+05:30,32.519623535522236,32.799550271592864,31.256652346903433,31.420177459716797,50155200,0.0,0.0
2002-07-11 00:00:00+05:30,31.09076536852045,31.28209651849683,30.726012247755246,31.1195125579834,34490048,0.0,0.0
2002-07-12 00:00:00+05:30,31.35136931521314,31.57427565683168,31.118098982692786,31.29670524597168,24250432,0.0,0.0
2002-07-15 00:00:00+05:30,31.055895695070177,31.055895695070177,30.28444559023139,30.604429244995117,22052608,0.0,0.0
2002-07-16 00:00:00+05:30,30.44326106070993,30.857968022527647,29.76700595820035,29.86455726623535,37083136,0.0,0.0
2002-07-17 00:00:00+05:30,29.76465223813713,30.30188630323334,29.437599679773864,30.014890670776367,30291904,0.0,0.0
2002-07-18 00:00:00+05:30,30.499820867644516,30.499820867644516,29.809899545560924,30.232147216796875,36041792,0.0,0.0
2002-07-19 00:00:00+05:30,29.87774404211059,29.962098726748653,29.56341417411285,29.84051513671875,19835584,0.0,0.0
2002-07-22 00:00:00+05:30,29.406494726407445,29.406494726407445,28.898477299053162,29.118083953857422,32212608,0.0,0.0
2002-07-23 00:00:00+05:30,28.863135764384896,30.424414813504605,28.863135764384896,30.275968551635742,37871680,0.0,0.0
2002-07-24 00:00:00+05:30,29.68924451261666,29.877747652379306,28.79903889530031,28.95785140991211,38318400,0.0,0.0
2002-07-25 00:00:00+05:30,29.68925340877538,29.96258304333236,28.964457238570123,29.253339767456055,40477504,0.0,0.0
2002-07-26 00:00:00+05:30,28.556347807110306,28.7278852443539,28.03984862268794,28.43052101135254,43441472,0.0,0.0
2002-07-29 00:00:00+05:30,28.734484281485365,28.734484281485365,28.08791739744216,28.317420959472656,32498816,0.0,0.0
2002-07-30 00:00:00+05:30,28.93524604918755,29.546468698046652,28.445137647051475,28.6364688873291,47862272,0.0,0.0
2002-07-31 00:00:00+05:30,28.202900296423003,29.020061021853177,28.04125745864766,28.590272903442383,37706880,0.0,0.0
2002-08-01 00:00:00+05:30,28.840983253169085,29.048336727538274,28.52146901884365,28.79574203491211,29534016,0.0,0.0
2002-08-02 00:00:00+05:30,28.41686127536735,28.51111288822097,27.681698695109088,28.320253372192383,37549888,0.0,0.0
2002-08-05 00:00:00+05:30,28.55822983514955,29.302817345702955,28.473403409896633,29.06200408935547,29216704,0.0,0.0
2002-08-06 00:00:00+05:30,28.652486381472873,29.73449520898612,28.55823478153382,29.50310707092285,27908544,0.0,0.0
2002-08-07 00:00:00+05:30,30.066251276245488,30.066251276245488,29.313179840130115,29.502626419067383,30529792,0.0,0.0
2002-08-08 00:00:00+05:30,29.50074889476608,29.815548298009745,29.07661672215762,29.21186637878418,32257728,0.0,0.0
2002-08-09 00:00:00+05:30,29.59404708664446,30.018179116428257,28.86265634481096,29.805171966552734,46943936,0.0,0.0
2002-08-12 00:00:00+05:30,29.83062806437869,30.537043267175388,29.642124885456866,30.424884796142578,37460928,0.0,0.0
2002-08-13 00:00:00+05:30,30.306598846831157,30.62234167418891,30.235910154139123,30.433366775512695,20659456,0.0,0.0
2002-08-14 00:00:00+05:30,30.157690716486574,30.20528824531298,29.704341800035436,29.77832794189453,24419776,0.0,0.0
2002-08-15 00:00:00+05:30,29.77832794189453,29.77832794189453,29.77832794189453,29.77832794189453,0,0.0,0.0
2002-08-16 00:00:00+05:30,30.078509783359085,30.396608893331884,30.00122164023288,30.264184951782227,22782144,0.0,0.0
2002-08-19 00:00:00+05:30,30.396621734534452,30.57240010024849,30.260898009637074,30.427722930908203,23862720,0.0,0.0
2002-08-20 00:00:00+05:30,30.651555425095438,31.746760642480652,30.594063341044876,31.320741653442383,35347648,0.0,0.0
2002-08-21 00:00:00+05:30,31.103501349511095,32.09267148317762,31.103501349511095,31.9649600982666,44908736,0.0,0.0
2002-08-22 00:00:00+05:30,32.14308451045518,32.34714055103812,31.63082858079369,31.775033950805664,37726144,0.0,0.0
2002-08-23 00:00:00+05:30,31.90652390481931,33.41219326270865,31.90652390481931,33.29909133911133,83209536,0.0,0.0
2002-08-26 00:00:00+05:30,32.036118677970016,33.17515017863488,32.036118677970016,32.88014221191406,38972928,0.0,0.0
2002-08-27 00:00:00+05:30,32.80285093640764,33.459314645226456,32.1209420594174,32.24535369873047,69991616,0.0,0.0
2002-08-28 00:00:00+05:30,32.04553286467492,32.49794038747033,31.792938204234748,32.29859924316406,35725504,0.0,0.0
2002-08-29 00:00:00+05:30,32.08323854726702,33.364588345720776,32.013021578814396,32.8702392578125,56262848,0.0,0.0
2002-08-30 00:00:00+05:30,32.95977352834724,34.2576171673205,32.79954586178107,33.9720344543457,48156160,0.0,0.0
2002-09-02 00:00:00+05:30,34.35753575115862,34.53378578060109,33.56535060348408,33.7222785949707,35940608,0.0,0.0
2002-09-03 00:00:00+05:30,33.542256334953684,33.553566065549454,32.82123167090466,32.93810272216797,36863232,0.0,0.0
2002-09-04 00:00:00+05:30,32.50548897441382,33.15770952011106,32.249125108604204,33.01491928100586,42330432,0.0,0.0
2002-09-05 00:00:00+05:30,32.99135092714061,34.02434918009941,32.98805350242876,33.75856018066406,58222144,0.0,0.0
2002-09-06 00:00:00+05:30,33.3839103681991,33.6760902726074,32.85939893335678,33.292015075683594,51598848,0.0,0.0
2002-09-09 00:00:00+05:30,33.438583918562564,34.21191877551643,32.80898275509193,33.95083999633789,43699968,0.0,0.0
2002-09-10 00:00:00+05:30,33.95083999633789,33.95083999633789,33.95083999633789,33.95083999633789,0,0.0,0.0
2002-09-11 00:00:00+05:30,34.166205626978126,34.94566591306898,34.166205626978126,34.79439163208008,45339776,0.0,0.0
2002-09-12 00:00:00+05:30,34.5893889420996,34.73170975868704,34.18505055488681,34.35329055786133,26804352,0.0,0.0
2002-09-13 00:00:00+05:30,34.005962573218255,34.005962573218255,33.51679560013284,33.65251922607422,27315648,0.0,0.0
2002-09-16 00:00:00+05:30,33.55545283862059,33.83537961928614,33.091735445257086,33.55686569213867,33621952,0.0,0.0
2002-09-17 00:00:00+05:30,33.76421094791662,34.7222795702252,33.76421094791662,34.579017639160156,43982464,0.0,0.0
2002-09-18 00:00:00+05:30,34.225583965340874,34.225583965340874,33.525294117186746,33.63274002075195,47365760,0.0,0.0
2002-09-19 00:00:00+05:30,33.600687717297404,33.647813506522226,32.82829649211538,32.94846725463867,46434112,0.0,0.0
2002-09-20 00:00:00+05:30,32.045529792390305,33.16712333512396,32.045529792390305,33.04742431640625,37551744,0.0,0.0
2002-09-23 00:00:00+05:30,33.08231298458428,33.22180581863532,32.67703108762213,32.83254623413086,29428416,0.0,0.0
2002-09-24 00:00:00+05:30,32.28069700069208,32.488050493192674,31.811323634727906,32.08842468261719,39022336,0.0,0.0
2002-09-25 00:00:00+05:30,31.385770444462917,32.752418106459054,31.385770444462917,32.68927001953125,42394944,0.0,0.0
2002-09-26 00:00:00+05:30,32.96921633473231,33.26139635370792,32.62331335312577,32.78683853149414,34179392,0.0,0.0
2002-09-27 00:00:00+05:30,32.866941881841996,33.24489167351523,32.866941881841996,33.068641662597656,44959616,0.0,0.0
2002-09-30 00:00:00+05:30,32.723207038258195,32.93904454961869,31.905102816181913,32.10633087158203,37461184,0.0,0.0
2002-10-01 00:00:00+05:30,31.932426852223294,32.290582761427686,31.574270943018902,32.11056137084961,46234880,0.0,0.0
2002-10-02 00:00:00+05:30,32.11056137084961,32.11056137084961,32.11056137084961,32.11056137084961,0,0.0,0.0
2002-10-03 00:00:00+05:30,32.23404604066808,32.76185498168487,32.10209380541389,32.67891311645508,40588288,0.0,0.0
2002-10-04 00:00:00+05:30,32.66053675827929,33.193058315697314,32.480986994193586,32.99230194091797,40793152,0.0,0.0
2002-10-07 00:00:00+05:30,32.846682690459716,32.93574999249212,32.431975649317614,32.5662841796875,26232256,0.0,0.0
2002-10-08 00:00:00+05:30,32.37541863821906,33.62896468738445,32.28635135283327,33.4376335144043,49633408,0.0,0.0
2002-10-09 00:00:00+05:30,33.709561168459324,34.005982031665404,32.56628864049664,32.773170471191406,51109952,0.0,0.0
2002-10-10 00:00:00+05:30,32.998426936564265,34.39240950828985,32.550734128929456,34.22511291503906,115910336,0.0,0.0
2002-10-11 00:00:00+05:30,34.234060586598034,35.81560265896186,34.234060586598034,35.54368591308594,70623808,0.0,0.0
2002-10-14 00:00:00+05:30,35.629929833036144,36.54134226871833,35.307587547100866,36.01117706298828,72795648,0.0,0.0
2002-10-15 00:00:00+05:30,36.01117706298828,36.01117706298828,36.01117706298828,36.01117706298828,0,0.0,0.0
2002-10-16 00:00:00+05:30,36.663863710527195,36.82409139255263,35.15677960307309,35.33538818359375,68785472,0.0,0.0
2002-10-17 00:00:00+05:30,35.27081696686482,36.2585737378994,35.081370418123434,36.0799674987793,63703872,0.0,0.0
2002-10-18 00:00:00+05:30,36.475357791746454,36.73926218920612,35.94000841097267,36.145477294921875,52909376,0.0,0.0
2002-10-21 00:00:00+05:30,36.24302192684928,36.47535340085456,35.71332862449659,36.08750915527344,47170176,0.0,0.0
2002-10-22 00:00:00+05:30,36.268005515475515,36.41880803321138,35.77978190409289,35.916446685791016,46875008,0.0,0.0
2002-10-23 00:00:00+05:30,35.639826232269584,36.09647706034665,35.49562312978669,35.8005256652832,43332288,0.0,0.0
2002-10-24 00:00:00+05:30,36.0870502841723,36.0870502841723,35.448024025258945,35.65631866455078,38613440,0.0,0.0
2002-10-25 00:00:00+05:30,35.55971451789784,35.624275480883455,35.15678664166035,35.38581848144531,38481344,0.0,0.0
2002-10-28 00:00:00+05:30,35.4409498618325,35.71192315045099,35.16667684753569,35.3198356628418,26654208,0.0,0.0
2002-10-29 00:00:00+05:30,35.107766471715166,35.8721476266443,34.92209133858979,35.759986877441406,45538368,0.0,0.0
2002-10-30 00:00:00+05:30,35.69757294104044,36.10135694674557,35.6138836677638,35.81577682495117,31792320,0.195313,0.0
2002-10-31 00:00:00+05:30,35.933986206494794,36.337770273975885,35.60301528090866,35.90467071533203,42567680,0.0,0.0
2002-11-01 00:00:00+05:30,35.933983990029645,36.83233358978039,35.933983990029645,36.58174133300781,43334784,0.0,0.0
2002-11-04 00:00:00+05:30,36.83233523477007,37.34297608269757,36.69994686678887,37.12500762939453,15291712,0.0,0.0
2002-11-05 00:00:00+05:30,37.494281039778265,38.486247349872045,37.29002375553864,38.28624725341797,60623104,0.0,0.0
2002-11-06 00:00:00+05:30,38.28624725341797,38.28624725341797,38.28624725341797,38.28624725341797,0,0.0,0.0
2002-11-07 00:00:00+05:30,38.002095692058354,38.900447998143854,37.82810040550112,38.2867317199707,86927232,0.0,0.0
2002-11-08 00:00:00+05:30,37.81580010608032,37.995470074076195,37.50941645254499,37.799251556396484,35027328,0.0,0.0
2002-11-11 00:00:00+05:30,37.69286391912413,37.76851442372849,37.045106473449266,37.28955078125,36256064,0.0,0.0
2002-11-12 00:00:00+05:30,36.879615959855045,37.339664604706826,36.75100919611683,37.255977630615234,33467328,0.0,0.0
2002-11-13 00:00:00+05:30,37.30988487379161,37.73069082408529,37.30988487379161,37.522178649902344,39895488,0.0,0.0
2002-11-14 00:00:00+05:30,37.657876165010094,39.38554410871727,37.600191731562866,38.96095657348633,57805120,0.0,0.0
2002-11-15 00:00:00+05:30,39.44512067460729,41.37137368008853,39.44512067460729,40.7794075012207,74473344,0.0,0.0
2002-11-18 00:00:00+05:30,40.66214552777864,40.66214552777864,39.73731997178063,40.238975524902344,59826560,0.0,0.0
2002-11-19 00:00:00+05:30,40.238975524902344,40.238975524902344,40.238975524902344,40.238975524902344,0,0.0,0.0
2002-11-20 00:00:00+05:30,39.997379188027544,41.882021004726525,39.95529673746235,41.6858024597168,102082368,0.0,0.0
2002-11-21 00:00:00+05:30,42.553412872806774,42.96759757783244,42.03331560436136,42.807315826416016,79159296,0.0,0.0
2002-11-22 00:00:00+05:30,43.477299596477714,44.186523193323005,43.26453251742413,43.784629821777344,93242560,0.0,0.0
2002-11-25 00:00:00+05:30,43.47728586156766,43.54631508958379,42.951514011068056,43.136383056640625,57428288,0.0,0.0
2002-11-26 00:00:00+05:30,42.94111980071115,43.451760732056314,42.26972153912769,42.569488525390625,60546688,0.0,0.0
2002-11-27 00:00:00+05:30,42.64798025903955,43.376116507364614,41.94821295545442,42.09525680541992,87585664,0.0,0.0
2002-11-28 00:00:00+05:30,42.827638618391354,43.39501735919583,42.577517309884044,43.235206604003906,66792192,0.0,0.0
2002-11-29 00:00:00+05:30,43.158602760828366,43.49902995175515,42.42479211469612,43.10422897338867,41319488,0.0,0.0
2002-12-02 00:00:00+05:30,43.34773449716884,44.16097733459391,43.168064567970276,43.9363899230957,46553024,0.0,0.0
2002-12-03 00:00:00+05:30,43.68816319481108,44.10424093952357,42.94253204019354,43.11558532714844,57039872,0.0,0.0
2002-12-04 00:00:00+05:30,42.789817710065,42.789817710065,41.51463293727044,41.73212814331055,63060288,0.0,0.0
2002-12-05 00:00:00+05:30,41.74443109389263,42.53166930812296,41.740173905257585,41.970436096191406,47861760,0.0,0.0
2002-12-06 00:00:00+05:30,42.08060032320009,43.110867654454,41.949158472625065,42.82575607299805,48366144,0.0,0.0
2002-12-09 00:00:00+05:30,43.97185770372699,44.908032738709565,42.799274831627606,43.28438186645508,96934272,0.0,0.0
2002-12-10 00:00:00+05:30,42.75199043075492,42.91274774933993,41.72125232923926,42.667354583740234,58733760,0.0,0.0
2002-12-11 00:00:00+05:30,43.125045159748176,44.577060197260316,43.05459377983161,44.25743865966797,100537024,0.0,0.0
2002-12-12 00:00:00+05:30,44.591711934859795,45.78746448059193,44.458852593040675,45.657440185546875,85993216,0.0,0.0
2002-12-13 00:00:00+05:30,45.62670753647726,45.683445411134024,44.019134421202416,44.180362701416016,76834688,0.0,0.0
2002-12-16 00:00:00+05:30,44.58650849017796,44.58650849017796,43.14914914966746,43.26309585571289,52601728,0.0,0.0
2002-12-17 00:00:00+05:30,43.867832239248365,43.97279822800104,43.03567676672113,43.238040924072266,41560768,0.0,0.0
2002-12-18 00:00:00+05:30,43.073505293407166,43.770908370331156,42.93166059979551,43.23473358154297,48287360,0.0,0.0
2002-12-19 00:00:00+05:30,43.4498601810822,43.49950581868277,42.99359313075316,43.250335693359375,43798720,0.0,0.0
2002-12-20 00:00:00+05:30,43.50374886383526,44.16049136039418,43.42856936154346,43.64512252807617,53898944,0.0,0.0
2002-12-23 00:00:00+05:30,43.69004866041899,43.96617016319708,43.13023321853974,43.50801467895508,34117568,0.0,0.0
2002-12-24 00:00:00+05:30,43.49904109366505,44.42575979522574,43.26263326163426,44.33970642089844,48553984,0.0,0.0
2002-12-25 00:00:00+05:30,44.33970642089844,44.33970642089844,44.33970642089844,44.33970642089844,0,0.0,0.0
2002-12-26 00:00:00+05:30,44.55719722982351,45.276823522986426,44.44466803634842,44.902828216552734,46062272,0.0,0.0
2002-12-27 00:00:00+05:30,44.96995779799491,45.45648684446207,44.93638974097853,45.086273193359375,38477376,0.0,0.0
2002-12-30 00:00:00+05:30,44.77563702371341,44.95247190387921,44.26026802312368,44.84183120727539,33077440,0.0,0.0
2002-12-31 00:00:00+05:30,44.78510253671393,45.37139399728746,44.70945202567218,45.137821197509766,38066752,0.0,0.0
2003-01-01 00:00:00+05:30,45.20116482396418,45.62575224790136,45.15482982533213,45.38130569458008,32066112,0.0,0.0
2003-01-02 00:00:00+05:30,45.71181312624217,45.753895562423445,44.53875944601424,44.65696334838867,42260032,0.0,0.0
2003-01-03 00:00:00+05:30,45.29575212498426,45.617266858230494,44.91749949763575,45.393150329589844,60483072,0.0,0.0
2003-01-06 00:00:00+05:30,45.702370502052084,45.85083649483637,45.07825371059017,45.41205978393555,51750400,0.0,0.0
2003-01-07 00:00:00+05:30,45.800694691247045,46.06831105662447,44.790762547256634,44.955772399902344,57016320,0.0,0.0
2003-01-08 00:00:00+05:30,45.22007544491751,45.569958922847654,45.01818229837381,45.282958984375,41112960,0.0,0.0
2003-01-09 00:00:00+05:30,45.3903065017096,45.52269489567292,45.16335496920105,45.37517547607422,31291392,0.0,0.0
2003-01-10 00:00:00+05:30,45.48487670350428,45.48487670350428,41.61866126023812,42.06452560424805,123995904,0.0,0.0
2003-01-13 00:00:00+05:30,41.787448570706054,41.787448570706054,40.34536078907386,40.630943298339844,77507200,0.0,0.0
2003-01-14 00:00:00+05:30,40.520296163807146,42.28862647480643,40.49334475164215,42.05931091308594,76166208,0.0,0.0
2003-01-15 00:00:00+05:30,42.62905473733615,43.77705009716733,42.37656935857082,43.61156463623047,93352256,0.0,0.0
2003-01-16 00:00:00+05:30,43.291003517210704,43.98131440772105,42.932134570344765,43.59265899658203,41649024,0.0,0.0
2003-01-17 00:00:00+05:30,43.29099762197784,44.159085242428816,43.17752187460699,43.69005584716797,56276544,0.0,0.0
2003-01-20 00:00:00+05:30,43.590768392282904,43.590768392282904,42.714166320005916,42.82905960083008,25981632,0.0,0.0
2003-01-21 00:00:00+05:30,42.92221842894474,42.997868957129704,42.198810253176006,42.2985725402832,29442688,0.0,0.0
2003-01-22 00:00:00+05:30,42.55340562718126,43.01676493289946,42.19406575744062,42.533546447753906,32516288,0.0,0.0
2003-01-23 00:00:00+05:30,42.269726076234555,42.439939738286505,41.70234720272805,41.87114334106445,31185280,0.0,0.0
2003-01-24 00:00:00+05:30,42.69619705706547,42.69619705706547,41.28767747760983,41.45930862426758,62248576,0.0,0.0
2003-01-27 00:00:00+05:30,40.99027465225567,41.08767281221648,40.30279897023399,40.618167877197266,39281216,0.0,0.0
2003-01-28 00:00:00+05:30,40.6612040404871,41.13213125267049,40.331179602146385,40.736854553222656,45866368,0.0,0.0
2003-01-29 00:00:00+05:30,41.04039728229287,41.04039728229287,39.52738724423599,39.74441146850586,50043776,0.0,0.0
2003-01-30 00:00:00+05:30,39.952932940511836,40.74726344157764,39.5401656928906,40.27728271484375,60421760,0.0,0.0
2003-01-31 00:00:00+05:30,39.83140473284194,40.9458320553214,39.829987209471994,40.66403579711914,31424896,0.0,0.0
2003-02-03 00:00:00+05:30,39.90801212070116,41.844192555915555,39.90801212070116,41.7047119140625,36261888,0.0,0.0
2003-02-04 00:00:00+05:30,41.98082669795201,42.06167631966108,41.19311312776665,41.67869567871094,32406528,0.0,0.0
2003-02-05 00:00:00+05:30,41.41770910527651,41.84418979364716,40.8323641873375,41.639461517333984,33350848,0.0,0.0
2003-02-06 00:00:00+05:30,41.598316923681075,42.97610344344729,41.430467383923094,42.72267150878906,36238144,0.0,0.0
2003-02-07 00:00:00+05:30,42.553409521318855,42.818186291673726,42.22243855837526,42.43567657470703,31858560,0.0,0.0
2003-02-10 00:00:00+05:30,42.175163820348885,42.3614550680165,40.55057079187372,40.712745666503906,43655168,0.0,0.0
2003-02-11 00:00:00+05:30,41.02147705211371,41.27679744870363,39.97324405597945,40.12643814086914,54007296,0.0,0.0
2003-02-12 00:00:00+05:30,40.189331065696976,40.331646732299326,39.25362702841946,39.472068786621094,56339200,0.0,0.0
2003-02-13 00:00:00+05:30,39.472068786621094,39.472068786621094,39.472068786621094,39.472068786621094,0,0.0,0.0
2003-02-14 00:00:00+05:30,39.52738960135492,40.113681026064015,38.96095735804762,39.252685546875,54123776,0.0,0.0
2003-02-17 00:00:00+05:30,40.29664960882487,40.59121275696555,39.91745063490759,40.287193298339844,51686720,0.0,0.0
2003-02-18 00:00:00+05:30,40.56757568596698,40.63802705245068,39.82998340076758,40.12785720825195,43271296,0.0,0.0
2003-02-19 00:00:00+05:30,40.425728031298355,40.98365035968353,39.81106783900961,40.0730094909668,48530816,0.0,0.0
2003-02-20 00:00:00+05:30,39.90564024421757,40.325499611470676,39.433771156267035,40.203514099121094,38198592,0.0,0.0
2003-02-21 00:00:00+05:30,40.132589450043604,40.43329833461359,39.77419613690542,39.95197296142578,35078080,0.0,0.0
2003-02-24 00:00:00+05:30,40.20115342146675,40.38791561613278,39.7278667700215,39.85789108276367,28459904,0.0,0.0
2003-02-25 00:00:00+05:30,39.48151834104973,39.50657664325057,38.9127221233944,38.998775482177734,35228864,0.0,0.0
2003-02-26 00:00:00+05:30,39.19641317759564,39.32880154538486,38.50610240269468,38.6332893371582,36492416,0.0,0.0
2003-02-27 00:00:00+05:30,38.61391185708971,39.37609169276657,38.490506497038965,38.82147979736328,44340608,0.0,0.0
2003-02-28 00:00:00+05:30,41.27680949609007,41.27680949609007,38.865920459914804,40.524085998535156,66299904,0.0,0.0
2003-03-03 00:00:00+05:30,40.72029947525579,40.85127032790007,39.7685225379592,39.93259048461914,44389248,0.0,0.0
2003-03-04 00:00:00+05:30,39.61675425707855,39.6786912632821,39.1207687693513,39.27159881591797,30929984,0.0,0.0
2003-03-05 00:00:00+05:30,38.866397587158595,39.6578883085793,38.69712817921234,39.51793670654297,40163584,0.0,0.0
2003-03-06 00:00:00+05:30,39.51793073130541,39.51793073130541,38.629981584516955,38.75007629394531,37748800,0.0,0.0
2003-03-07 00:00:00+05:30,38.34534715948646,38.420997659431194,37.751963550544964,38.03423309326172,38211200,0.0,0.0
2003-03-10 00:00:00+05:30,33.90088303875796,38.51272655415146,33.90088303875796,38.18506622314453,46785024,0.0,0.0
2003-03-11 00:00:00+05:30,37.995469761151796,39.193586595330025,37.87253767879864,39.024314880371094,45810944,0.0,0.0
2003-03-12 00:00:00+05:30,38.880580253585926,39.22431817935238,37.929274173825874,38.06260681152344,45766912,0.0,0.0
2003-03-13 00:00:00+05:30,38.21816538605509,38.84653697445553,37.9500779671571,38.442752838134766,43299264,0.0,0.0
2003-03-14 00:00:00+05:30,38.442752838134766,38.442752838134766,38.442752838134766,38.442752838134766,0,0.0,0.0
2003-03-17 00:00:00+05:30,38.411544534669595,38.52502029400392,37.41201268293378,38.159061431884766,45345088,0.0,0.0
2003-03-18 00:00:00+05:30,38.159061431884766,38.159061431884766,38.159061431884766,38.159061431884766,0,0.0,0.0
2003-03-19 00:00:00+05:30,38.307522922392934,39.78270771032018,38.279153984163564,39.60493087768555,61463040,0.0,0.0
2003-03-20 00:00:00+05:30,39.385538909482605,41.60777219729255,39.385538909482605,41.23802947998047,71270784,0.0,0.0
2003-03-21 00:00:00+05:30,41.29570581134266,42.080579542128426,40.92076404293506,41.72502136230469,55244672,0.0,0.0
2003-03-24 00:00:00+05:30,41.97089064640961,42.14677895794521,41.19169152811517,41.39453125,55051712,0.0,0.0
2003-03-25 00:00:00+05:30,40.898546449811676,40.898546449811676,40.050313477662435,40.3193473815918,53456768,0.0,0.0
2003-03-26 00:00:00+05:30,40.756717988636616,40.92409661246384,40.113688563293856,40.28200912475586,36913088,0.0,0.0
2003-03-27 00:00:00+05:30,40.142049860013614,40.73685104165621,39.87869061178666,40.56521987915039,41770816,0.0,0.0
2003-03-28 00:00:00+05:30,40.28390245678246,40.66215506201046,40.00966931799215,40.389339447021484,34597248,0.0,0.0
2003-03-31 00:00:00+05:30,39.727385281315605,39.905637690676784,37.929268430640896,38.325016021728516,46685696,0.0,0.0
2003-04-01 00:00:00+05:30,37.96709859529287,39.30989510850123,37.96709859529287,38.37892150878906,51766784,0.0,0.0
2003-04-02 00:00:00+05:30,38.5841193863576,39.461192377739174,38.30137425514684,39.08010482788086,43910656,0.0,0.0
2003-04-03 00:00:00+05:30,39.716042135547426,40.85127062150765,39.435658771784624,40.61344528198242,75072832,0.0,0.0
2003-04-04 00:00:00+05:30,40.50139518425222,40.79454093506049,39.86971521976954,40.616764068603516,53412800,0.0,0.0
2003-04-07 00:00:00+05:30,40.67160054528074,41.607775493893335,40.506586043260945,41.44607162475586,46957184,0.0,0.0
2003-04-08 00:00:00+05:30,41.052682877695034,41.052682877695034,39.841804048568626,40.02383804321289,46038592,0.0,0.0
2003-04-09 00:00:00+05:30,39.69571045595698,39.69571045595698,38.98412287417778,39.262142181396484,46810240,0.0,0.0
2003-04-10 00:00:00+05:30,38.770882263859036,38.770882263859036,28.548608184046447,28.83938980102539,211021376,0.0,0.0
2003-04-11 00:00:00+05:30,27.30983339944412,27.30983339944412,21.749521059114084,25.09090805053711,276615040,0.0,0.0
2003-04-14 00:00:00+05:30,25.09090805053711,25.09090805053711,25.09090805053711,25.09090805053711,0,0.0,0.0
2003-04-15 00:00:00+05:30,26.00485836794632,27.55285620251517,26.00485836794632,27.04221534729004,151209472,0.0,0.0
2003-04-16 00:00:00+05:30,26.79636233472071,28.785026062183253,26.79636233472071,28.600627899169922,115537088,0.0,0.0
2003-04-17 00:00:00+05:30,27.186893998104395,28.160894026558225,26.666796895531963,28.022830963134766,98323200,0.0,0.0
2003-04-18 00:00:00+05:30,28.022830963134766,28.022830963134766,28.022830963134766,28.022830963134766,0,0.0,0.0
2003-04-21 00:00:00+05:30,28.605341048180854,28.74718571453547,27.614319184182662,27.731578826904297,56817536,0.0,0.0
2003-04-22 00:00:00+05:30,27.874373013066442,27.933948245941103,27.07342377390974,27.609596252441406,60418304,0.0,0.0
2003-04-23 00:00:00+05:30,28.009606918774256,28.141995337701616,27.09518165834587,27.262557983398438,48633472,0.0,0.0
2003-04-24 00:00:00+05:30,27.110300374471844,28.350023820580976,26.950489622633683,27.40297508239746,75865728,0.0,0.0
2003-04-25 00:00:00+05:30,27.13961982546701,27.773192831845506,26.870588167328407,27.516925811767578,35400448,0.0,0.0
2003-04-28 00:00:00+05:30,27.52023848329108,27.6786317466173,27.139621835596735,27.35569953918457,38235776,0.0,0.0
2003-04-29 00:00:00+05:30,27.80156955839098,27.896132720154213,26.820950032640425,27.114566802978516,43982080,0.0,0.0
2003-04-30 00:00:00+05:30,26.95049488364596,27.035601709594314,26.03323242620257,26.35096549987793,51476352,0.0,0.0
2003-05-01 00:00:00+05:30,26.350965499877926,26.350965499877926,26.350965499877926,26.35096549987793,0,0.0,0.0
2003-05-02 00:00:00+05:30,26.6545106302439,27.706998793591172,26.57224116381952,27.557588577270508,63601792,0.0,0.0
2003-05-05 00:00:00+05:30,26.666802584034375,28.264919476481825,26.666802584034375,27.862079620361328,50768960,0.0,0.0
2003-05-06 00:00:00+05:30,27.886667036085125,29.03088090904759,27.361841664602345,28.196834564208984,88804352,0.0,0.0
2003-05-07 00:00:00+05:30,28.17981212143467,28.728278263395477,28.056880055133107,28.591161727905273,55778368,0.0,0.0
2003-05-08 00:00:00+05:30,28.27248887896585,28.97130958036669,27.965629633829195,28.140100479125977,52410880,0.0,0.0
2003-05-09 00:00:00+05:30,27.896127024962635,28.084306754984873,27.485250632718888,27.671066284179688,41512768,0.0,0.0
2003-05-12 00:00:00+05:30,27.971768520548903,28.038435976221276,26.0540281480755,26.31029510498047,72951360,0.0,0.0
2003-05-13 00:00:00+05:30,26.572240064631526,27.375080131016542,26.572240064631526,27.18311882019043,42925440,0.0,0.0
2003-05-14 00:00:00+05:30,27.1396169807909,27.41385004435987,26.789733416927046,27.09611701965332,38633408,0.0,0.0
2003-05-15 00:00:00+05:30,27.234184876320207,27.3637359190325,26.8086507376277,27.26822853088379,36534016,0.0,0.0
2003-05-16 00:00:00+05:30,27.795892183371254,28.41433658728067,27.492816817209604,28.312681198120117,60834304,0.0,0.0
2003-05-19 00:00:00+05:30,28.614811278837593,28.813393908333822,26.242220286939677,26.390213012695312,97496320,0.0,0.0
2003-05-20 00:00:00+05:30,26.364203792983087,27.1963594363771,25.78122064169854,26.985483169555664,83440448,0.0,0.0
2003-05-21 00:00:00+05:30,27.224731786003606,27.64080965977372,26.196830773219308,26.36704444885254,82427008,0.0,0.0
2003-05-22 00:00:00+05:30,26.28855253038556,26.28855253038556,25.24788472837489,25.444103240966797,67289216,0.0,0.0
2003-05-23 00:00:00+05:30,25.647881576149608,25.853556356970422,24.586410580878965,24.699886322021484,84907968,0.0,0.0
2003-05-26 00:00:00+05:30,24.76041099896917,25.132044591069793,24.312182650697494,24.897056579589844,51406784,0.0,0.0
2003-05-27 00:00:00+05:30,24.822824286501945,25.465853639447516,24.454028039959628,24.704620361328125,58359424,0.0,0.0
2003-05-28 00:00:00+05:30,25.21715348108031,26.245086983211444,25.069762594036913,26.113861083984375,67304960,0.226563,0.0
2003-05-29 00:00:00+05:30,26.113873442054107,26.765246380145296,25.82955246047326,26.336387634277344,68530560,0.0,0.0
2003-05-30 00:00:00+05:30,26.425759898778686,26.52085079442021,25.30416324899796,25.42920684814453,48566848,0.0,0.0
2003-06-02 00:00:00+05:30,26.149991604504187,26.863173193717937,25.77105352481342,26.728620529174805,44774080,0.0,0.0
2003-06-03 00:00:00+05:30,27.081892400237287,27.081892400237287,25.674546868202484,25.918930053710938,48931648,0.0,0.0
2003-06-04 00:00:00+05:30,26.19754029663005,26.530358412921174,26.102449406261155,26.28264617919922,34656832,0.0,0.0
2003-06-05 00:00:00+05:30,26.883150287377475,27.56685533628838,26.883150287377475,27.19409942626953,51236992,0.0,0.0
2003-06-06 00:00:00+05:30,27.405202553539855,28.38416308953648,27.385708451048732,28.04183578491211,58527936,0.0,0.0
2003-06-09 00:00:00+05:30,27.59538561977365,28.517767565024528,27.386185590953865,28.22821617126465,40497024,0.0,0.0
2003-06-10 00:00:00+05:30,28.051822483884944,28.174488846802344,27.205513263184688,27.339590072631836,51281472,0.0,0.0
2003-06-11 00:00:00+05:30,27.674306249335576,28.280034843371105,27.524062156737614,27.945791244506836,67313600,0.0,0.0
2003-06-12 00:00:00+05:30,28.168297584615406,28.38462934933817,28.02708669088873,28.24104118347168,38948288,0.0,0.0
2003-06-13 00:00:00+05:30,28.327575054586834,28.41315685233483,27.86210563003509,28.252927780151367,50022016,0.0,0.0
2003-06-16 00:00:00+05:30,27.953876781671383,28.04231179998041,27.512655849486887,27.738496780395508,34414400,0.0,0.0
2003-06-17 00:00:00+05:30,28.387010397294677,29.478178454606315,28.387010397294677,29.407812118530273,71782848,0.0,0.0
2003-06-18 00:00:00+05:30,29.421134950959907,29.476764075918155,28.88482301234438,29.13300895690918,47006144,0.0,0.0
2003-06-19 00:00:00+05:30,28.764993899618062,29.097812010853314,28.726957544048318,28.938058853149414,23553536,0.0,0.0
2003-06-20 00:00:00+05:30,27.861645915736357,29.478191924499217,27.861645915736357,29.04362678527832,54427072,0.0,0.0
2003-06-23 00:00:00+05:30,29.243775524464994,29.851883624532555,29.05026695584267,29.42730140686035,60149312,0.0,0.0
2003-06-24 00:00:00+05:30,28.774505782685257,30.072496542545316,28.774505782685257,29.900381088256836,73830848,0.0,0.0
2003-06-25 00:00:00+05:30,29.964093584279986,30.178999957503994,29.677871354092943,29.866151809692383,43754368,0.0,0.0
2003-06-26 00:00:00+05:30,29.86329851595109,31.027686175594248,29.86329851595109,30.799943923950195,66023040,0.0,0.0
2003-06-27 00:00:00+05:30,31.334838040192817,31.845951778045897,31.10519205620531,31.66860580444336,45468864,0.0,0.0
2003-06-30 00:00:00+05:30,31.709968134741516,31.761316302120367,30.98062125399991,31.132766723632812,46577472,0.0,0.0
2003-07-01 00:00:00+05:30,31.154170883359985,31.807921130816986,31.12564359983459,31.409488677978516,52464576,0.0,0.0
2003-07-02 00:00:00+05:30,31.845941596531425,31.855450686288524,29.953632734868314,30.139535903930664,54311424,0.0,0.0
2003-07-03 00:00:00+05:30,31.379996330962488,31.379996330962488,27.253051358951055,29.655048370361328,114863424,0.0,0.0
2003-07-04 00:00:00+05:30,29.52287886548014,29.70355162203183,28.823960570398597,29.44062614440918,44229056,0.0,0.0
2003-07-07 00:00:00+05:30,29.3878543391275,29.65886351196851,28.765008696282376,29.432546615600586,47715840,0.0,0.0
2003-07-08 00:00:00+05:30,29.84904153940257,30.97777036171998,29.293711462640655,30.812313079833984,84823040,0.0,0.0
2003-07-09 00:00:00+05:30,30.761909043430656,31.37049086067318,30.543199952859123,30.917381286621094,51177536,0.0,0.0
2003-07-10 00:00:00+05:30,33.281818512736095,35.126582167442045,33.281818512736095,34.487571716308594,130798400,0.0,0.0
2003-07-11 00:00:00+05:30,34.03303848794578,34.10911121996689,33.210502072967486,33.423980712890625,71093952,0.0,0.0
2003-07-14 00:00:00+05:30,33.99499464790508,34.08723235089049,32.902874800314706,33.16057205200195,41390464,0.0,0.0
2003-07-15 00:00:00+05:30,32.806364216202944,33.04409149313195,31.965761493604152,32.39794921875,43521536,0.0,0.0
2003-07-16 00:00:00+05:30,32.923798761808605,33.069764232540955,32.44644287342048,32.76594924926758,36879232,0.0,0.0
2003-07-17 00:00:00+05:30,33.89991297524737,33.89991297524737,32.71127647541401,32.93378829956055,46267968,0.0,0.0
2003-07-18 00:00:00+05:30,31.998095953487912,32.65422332965156,31.85545956736538,32.22964096069336,41344768,0.0,0.0
2003-07-21 00:00:00+05:30,32.33090822733234,32.521090040434295,31.059067352213013,31.294893264770508,53580032,0.0,0.0
2003-07-22 00:00:00+05:30,31.06620045122449,32.03612773803958,30.534640868752373,31.745624542236328,60285696,0.0,0.0
2003-07-23 00:00:00+05:30,32.18826996532391,32.806360821378874,32.00854676963019,32.629966735839844,44868352,0.0,0.0
2003-07-24 00:00:00+05:30,32.90145659079865,33.18482798181664,32.222981983634966,32.90858840942383,51708032,0.0,0.0
2003-07-25 00:00:00+05:30,32.11505770659585,33.611787897487844,32.11505770659585,33.44062423706055,37355200,0.0,0.0
2003-07-28 00:00:00+05:30,33.66218714236571,34.175678132672985,33.300841630668,33.5342903137207,32978816,0.0,0.0
2003-07-29 00:00:00+05:30,33.2723102620954,34.30594801598658,32.997496132215964,34.09579849243164,48537280,0.0,0.0
2003-07-30 00:00:00+05:30,34.00878739926115,34.28027240648629,33.68310103867248,33.91654968261719,37567744,0.0,0.0
2003-07-31 00:00:00+05:30,34.13764020744091,34.63972072828488,33.86377789411187,34.2536506652832,59536064,0.0,0.0
2003-08-01 00:00:00+05:30,34.70818070705594,36.56245337496715,34.524654794074685,35.912506103515625,59051328,0.0,0.0
2003-08-04 00:00:00+05:30,35.426132101088946,36.19827012197656,35.42137755376629,35.587310791015625,39481472,0.0,0.0
2003-08-05 00:00:00+05:30,35.68143726568461,36.11267548378361,35.132289565910746,35.4427604675293,42462272,0.0,0.0
2003-08-06 00:00:00+05:30,34.808983895453885,34.808983895453885,33.142039565632835,33.33269500732422,70185792,0.0,0.0
2003-08-07 00:00:00+05:30,33.17721419006248,33.706870025661594,33.091632382177536,33.36121368408203,43469888,0.0,0.0
2003-08-08 00:00:00+05:30,33.66217876444864,34.61308776909408,33.43396060333373,33.830013275146484,33572352,0.0,0.0
2003-08-11 00:00:00+05:30,33.56709478953512,33.56757070844667,32.98561474184575,33.10875701904297,37693440,0.0,0.0
2003-08-12 00:00:00+05:30,33.640323368112526,33.640323368112526,32.29478648757207,32.41270065307617,46977920,0.0,0.0
2003-08-13 00:00:00+05:30,32.723638929866944,33.32936762902773,32.28336750372301,32.927608489990234,48048832,0.0,0.0
2003-08-14 00:00:00+05:30,32.965161523885236,32.9665892803047,32.378451140799115,32.48923110961914,25253504,0.0,0.0
2003-08-15 00:00:00+05:30,32.48923110961914,32.48923110961914,32.48923110961914,32.48923110961914,0,0.0,0.0
2003-08-18 00:00:00+05:30,32.69224791275285,33.59941407280936,32.47258702869615,33.18529510498047,37098304,0.0,0.0
2003-08-19 00:00:00+05:30,33.4815106075754,33.9854924485869,33.04504192214346,33.20717239379883,26576512,0.0,0.0
2003-08-20 00:00:00+05:30,33.60226801667776,35.17126773350804,33.53094984773093,34.965396881103516,55284032,0.0,0.0
2003-08-21 00:00:00+05:30,35.11041567905566,35.608691097765174,35.08569111487891,35.321041107177734,24144832,0.0,0.0
2003-08-22 00:00:00+05:30,35.52929661786009,35.697133494592066,34.37536962785038,34.629737854003906,31926912,0.0,0.0
2003-08-25 00:00:00+05:30,35.066689508269384,35.65910659684289,28.698448989139155,33.8604621887207,70433920,0.0,0.0
2003-08-26 00:00:00+05:30,33.899904964702806,35.74466837652675,33.899904964702806,35.34766387939453,39059328,0.0,0.0
2003-08-27 00:00:00+05:30,35.80172847387911,36.83631806380987,35.449892098438596,36.66563034057617,42242112,0.0,0.0
2003-08-28 00:00:00+05:30,37.09734008182245,37.45630825563567,36.53535189300533,37.07404327392578,53888192,0.0,0.0
2003-08-29 00:00:00+05:30,37.516697109452465,37.84618856108991,36.32806053404135,37.33127212524414,42512384,0.0,0.0
2003-09-01 00:00:00+05:30,38.036364501397586,38.036364501397586,36.524419012467035,36.79209899902344,24554304,0.0,0.0
2003-09-02 00:00:00+05:30,37.08545944572047,37.4468049480121,36.524423007951874,37.00796127319336,37691968,0.0,0.0
2003-09-03 00:00:00+05:30,37.50385871782898,37.72922373313564,36.13454947458168,36.26387405395508,41538368,0.0,0.0
2003-09-04 00:00:00+05:30,36.60999811782951,40.41363428591569,36.60999811782951,40.02994155883789,124075904,0.0,0.0
2003-09-05 00:00:00+05:30,40.394614149635125,40.461177779354394,39.291559714287274,39.91678237915039,65351936,0.0,0.0
2003-09-08 00:00:00+05:30,40.50873059127012,41.50718521851974,40.175912382186915,40.435508728027344,47580736,0.0,0.0
2003-09-09 00:00:00+05:30,41.31413216092472,43.028618690394566,40.93947041850357,42.583595275878906,90476544,0.0,0.0
2003-09-10 00:00:00+05:30,41.88754764466948,41.88754764466948,40.45310027740973,40.92047119140625,53212544,0.0,0.0
2003-09-11 00:00:00+05:30,39.93818451901426,41.05074823061537,39.84404544127023,40.171630859375,45146752,0.0,0.0
2003-09-12 00:00:00+05:30,41.602278652257084,41.602278652257084,39.36859380821305,39.575416564941406,53664192,0.0,0.0
2003-09-15 00:00:00+05:30,39.41518388398631,40.05229300828717,38.1314565439771,38.40864562988281,48679872,0.0,0.0
2003-09-16 00:00:00+05:30,38.33353553426665,40.33757711289529,38.16950366128282,40.02377700805664,52140800,0.0,0.0
2003-09-17 00:00:00+05:30,40.84440560694333,41.80672768288662,40.84440560694333,41.15678024291992,70697728,0.0,0.0
2003-09-18 00:00:00+05:30,40.5562796323413,41.3617016267159,40.05229772835206,40.32948684692383,50755584,0.0,0.0
2003-09-19 00:00:00+05:30,41.079275776916894,41.45963944151798,40.22345753156446,41.077850341796875,41664000,0.0,0.0
2003-09-22 00:00:00+05:30,41.573741026524004,41.79245009413838,40.83345744947676,41.582298278808594,52579648,0.0,0.0
2003-09-23 00:00:00+05:30,41.164860182446134,41.316532060459934,40.28051460680106,41.03839111328125,49601280,0.0,0.0
2003-09-24 00:00:00+05:30,41.12681824195866,43.19029097224884,41.07927278734368,42.8769645690918,68738432,0.0,0.0
2003-09-25 00:00:00+05:30,41.03172469390344,43.17127001397952,41.03172469390344,42.86222457885742,60743104,0.0,0.0
2003-09-26 00:00:00+05:30,42.695822296883556,43.50124423175523,42.22987679742981,43.281105041503906,50340608,0.0,0.0
2003-09-29 00:00:00+05:30,43.45654635732076,43.5231099950672,42.33922815229118,42.54795455932617,50245056,0.0,0.0
2003-09-30 00:00:00+05:30,43.24449743886938,43.43467926960415,42.71579102080451,43.057640075683594,43588480,0.0,0.0
2003-10-01 00:00:00+05:30,42.781406988152575,43.92249808363564,42.621177851539514,43.49363708496094,46230336,0.0,0.0
2003-10-02 00:00:00+05:30,43.493637084960945,43.493637084960945,43.493637084960945,43.49363708496094,0,0.0,0.0
2003-10-03 00:00:00+05:30,44.04611501537762,44.19826049038756,43.21835039764623,43.36003494262695,38165440,0.0,0.0
2003-10-06 00:00:00+05:30,43.56209312999148,43.88159948263093,35.278723901918866,43.44940948486328,33592384,0.0,0.0
2003-10-07 00:00:00+05:30,43.62770711011988,43.770343467280256,42.2517398608019,42.54176712036133,29565120,0.0,0.0
2003-10-08 00:00:00+05:30,42.790895778623,42.962059361737495,41.22712440786936,41.73871612548828,51334656,0.0,0.0
2003-10-09 00:00:00+05:30,42.07772051051307,42.88599310789016,41.51810967182469,42.287872314453125,51190784,0.0,0.0
2003-10-10 00:00:00+05:30,44.69271761254606,45.07308116669539,42.55317262045609,44.02280044555664,82874432,0.0,0.0
2003-10-13 00:00:00+05:30,44.70223517309596,45.4506024649547,44.2172715496482,45.14725875854492,53112512,0.0,0.0
2003-10-14 00:00:00+05:30,45.36360144359933,45.88137341115228,44.70367132253589,44.90336227416992,38866560,0.0,0.0
2003-10-15 00:00:00+05:30,44.90334200900454,45.21571649956353,44.33470036537062,45.029815673828125,33385344,0.0,0.0
2003-10-16 00:00:00+05:30,45.4404431687705,45.4404431687705,43.74262644248142,44.16851043701172,31405952,0.226563,0.0
2003-10-17 00:00:00+05:30,44.448477089584244,45.30692407200111,43.87617910130634,45.165279388427734,43538688,0.0,0.0
2003-10-20 00:00:00+05:30,45.1638430780667,45.54537501536821,43.694945119455866,44.09412384033203,29526016,0.0,0.0
2003-10-21 00:00:00+05:30,45.783822077641645,45.783822077641645,43.12263741937872,43.4173698425293,31924608,0.0,0.0
2003-10-22 00:00:00+05:30,43.864246544022485,43.864246544022485,42.779265180742776,43.04395294189453,37824192,0.0,0.0
2003-10-23 00:00:00+05:30,42.92232925988385,43.494626983348965,41.7872721083447,42.141143798828125,31692032,0.0,0.0
2003-10-24 00:00:00+05:30,49.59915464881639,49.59915464881639,42.14115961492368,43.441707611083984,33502976,0.0,0.0
2003-10-27 00:00:00+05:30,43.561412302573935,43.577629274109455,42.35004830817348,42.413002014160156,22341824,0.0,0.0
2003-10-28 00:00:00+05:30,42.82362637688732,43.256189200365554,42.350050727590535,42.60853958129883,35969600,0.0,0.0
2003-10-29 00:00:00+05:30,42.93187807933548,43.6825439735759,42.93187807933548,43.59288024902344,26779456,0.0,0.0
2003-10-30 00:00:00+05:30,43.97154643431266,44.581997404333485,43.351557167885254,44.03450012207031,32636544,0.0,0.0
2003-10-31 00:00:00+05:30,43.87615991521977,45.35221116454157,43.20847922085774,45.19912338256836,36349120,0.0,0.0
2003-11-03 00:00:00+05:30,45.35460153640906,47.805943827651355,45.35460153640906,47.49356460571289,47987264,0.0,0.0
2003-11-04 00:00:00+05:30,47.98955713999556,48.83035709535664,47.605640682875595,47.94377517700195,39572480,0.0,0.0
2003-11-05 00:00:00+05:30,48.07301099611902,48.07301099611902,47.07387450765801,47.62995529174805,30089216,0.0,0.0
2003-11-06 00:00:00+05:30,47.502144709809926,49.100289026515526,47.502144709809926,48.410667419433594,42925056,0.0,0.0
2003-11-07 00:00:00+05:30,48.35916624904224,48.9314640744747,47.10011103309085,47.521705627441406,26511744,0.0,0.0
2003-11-10 00:00:00+05:30,47.21456647185682,47.69148128470386,46.13816880778681,47.08436965942383,16134784,0.0,0.0
2003-11-11 00:00:00+05:30,46.64228402494694,47.497871343322984,46.387609568242,46.95990753173828,26501632,0.0,0.0
2003-11-12 00:00:00+05:30,47.02380996485254,47.2145759281988,46.07140996137191,46.43529510498047,32659520,0.0,0.0
2003-11-13 00:00:00+05:30,46.83496197097762,47.10680351777385,44.840022823590466,45.27973937988281,36438080,0.0,0.0
2003-11-14 00:00:00+05:30,45.25921528178296,45.46905779731493,43.69827404658411,44.12320327758789,30748096,0.0,0.0
2003-11-17 00:00:00+05:30,44.095551011895644,44.591542500673185,43.78078718247913,44.1046142578125,28108864,0.0,0.0
2003-11-18 00:00:00+05:30,44.160407595381116,45.1638383483502,43.69494054356753,43.999691009521484,38117888,0.0,0.0
2003-11-19 00:00:00+05:30,43.70447911529997,44.91584289697677,43.54232805791016,44.465633392333984,45068736,0.0,0.0
2003-11-20 00:00:00+05:30,44.84144427558632,45.18291344947345,43.78316834736025,44.08457946777344,24759616,0.0,0.0
2003-11-21 00:00:00+05:30,43.876157544111976,44.72506580963936,43.82942082950651,44.55767059326172,25343552,0.0,0.0
2003-11-24 00:00:00+05:30,44.33114546265483,44.5915391115232,42.350039284526844,44.124637603759766,21499136,0.0,0.0
2003-11-25 00:00:00+05:30,44.73461404894016,45.27352784291993,44.715537454463,45.14619064331055,23171392,0.0,0.0
2003-11-26 00:00:00+05:30,45.14619064331055,45.14619064331055,45.14619064331055,45.14619064331055,0,0.0,0.0
2003-11-27 00:00:00+05:30,45.593060759178826,47.3099542605705,45.593060759178826,47.0080680847168,44810880,0.0,0.0
2003-11-28 00:00:00+05:30,46.54689703346813,47.309960919262686,46.502544876580785,46.98518371582031,19407168,0.0,0.0
2003-12-01 00:00:00+05:30,47.30995798547403,49.551458010995475,47.30995798547403,49.24909210205078,35861120,0.0,0.0
2003-12-02 00:00:00+05:30,49.60869374011732,49.980687405924776,48.42213026065729,49.00873565673828,25256512,0.0,0.0
2003-12-03 00:00:00+05:30,48.97916540192758,49.11270158802826,48.31148447142419,48.591434478759766,27386560,0.0,0.0
2003-12-04 00:00:00+05:30,44.829996621196,48.63577718542094,44.829996621196,48.28047561645508,27833408,0.0,0.0
2003-12-05 00:00:00+05:30,47.91324759594087,48.376809734435035,46.66134618809391,46.838279724121094,23658048,0.0,0.0
2003-12-08 00:00:00+05:30,46.73766412759843,47.071504585652704,46.422900267147256,46.79059982299805,19881472,0.0,0.0
2003-12-09 00:00:00+05:30,47.03477699839347,47.77733442517632,47.03477699839347,47.495479583740234,19140608,0.0,0.0
2003-12-10 00:00:00+05:30,47.214571791827055,48.07301855167845,47.03668347806553,47.373863220214844,26606144,0.0,0.0
2003-12-11 00:00:00+05:30,48.06348587068202,48.06348587068202,47.13827092139523,47.479740142822266,20852800,0.0,0.0
2003-12-12 00:00:00+05:30,47.6914775584793,48.165532708358924,47.453020170686905,47.997657775878906,22952896,0.0,0.0
2003-12-15 00:00:00+05:30,48.16838923291762,49.19852508185922,48.16838923291762,49.01920700073242,18615168,0.0,0.0
2003-12-16 00:00:00+05:30,47.69530994761568,50.02360969230232,47.69530994761568,49.87433624267578,40511296,0.0,0.0
2003-12-17 00:00:00+05:30,49.02684637696717,49.58006760067614,48.64531449854719,48.85420227050781,28048256,0.0,0.0
2003-12-18 00:00:00+05:30,50.53389997932907,50.53389997932907,48.704456388137494,48.92049789428711,26063424,0.0,0.0
2003-12-19 00:00:00+05:30,49.49852329992403,50.77903982921209,49.29583446381698,50.1790771484375,37655744,0.0,0.0
2003-12-22 00:00:00+05:30,50.21913051737401,50.98219422893905,49.599141251727424,50.775211334228516,22904256,0.0,0.0
2003-12-23 00:00:00+05:30,50.75851531553395,52.22216864488555,50.74373282023582,52.00135803222656,38820544,0.0,0.0
2003-12-24 00:00:00+05:30,51.983728101175764,51.983728101175764,50.993174846158695,51.73430252075195,21936704,0.0,0.0
2003-12-25 00:00:00+05:30,51.73430252075195,51.73430252075195,51.73430252075195,51.73430252075195,0,0.0,0.0
2003-12-26 00:00:00+05:30,51.83779543351451,52.079112535243446,51.268832172318426,51.46198272705078,17095616,0.0,0.0
2003-12-29 00:00:00+05:30,51.745258600828684,52.68954995594058,51.53541607747048,52.44632339477539,19784704,0.0,0.0
2003-12-30 00:00:00+05:30,53.39252117840055,57.08670134215498,52.36524484017224,52.804481506347656,24877824,0.0,0.0
2003-12-31 00:00:00+05:30,52.69909035401399,53.55753707471286,52.69909035401399,53.077762603759766,16057728,0.0,0.0
2004-01-01 00:00:00+05:30,53.39540520234995,53.937178797688176,53.2523306975205,53.761199951171875,11811200,0.0,0.0
2004-01-02 00:00:00+05:30,53.89139416761175,54.46369215877223,53.567091972620815,54.0516357421875,17143168,0.0,0.0
2004-01-05 00:00:00+05:30,54.845210318709945,56.70517832082272,54.1775294974387,56.14909744262695,24806720,0.0,0.0
2004-01-06 00:00:00+05:30,56.75286849130112,57.325166324826846,53.72302930911802,54.2252197265625,24549504,0.0,0.0
2004-01-07 00:00:00+05:30,54.82612540775154,55.293501911749416,53.350074101758224,54.303428649902344,38803008,0.0,0.0
2004-01-08 00:00:00+05:30,54.570991625002904,56.22064225378875,54.570991625002904,55.78092575073242,37550336,0.0,0.0
2004-01-09 00:00:00+05:30,57.22978144158816,58.18361113228129,55.04551144990088,55.518611907958984,48744256,0.0,0.0
2004-01-12 00:00:00+05:30,56.26641110180765,56.26641110180765,54.196600759530604,54.56048583984375,22238464,0.0,0.0
2004-01-13 00:00:00+05:30,55.03596934326654,55.40796289688653,54.22616892339878,55.26107406616211,22870912,0.0,0.0
2004-01-14 00:00:00+05:30,55.26490051039532,55.376975515745194,54.1775345010434,54.42076110839844,22004800,0.0,0.0
2004-01-15 00:00:00+05:30,54.38021644802582,54.931053106631126,52.69909158085379,53.0467643737793,34165760,0.0,0.0
2004-01-16 00:00:00+05:30,52.93756445049198,53.031992688037185,52.19691639465475,52.68861389160156,26454976,0.0,0.0
2004-01-19 00:00:00+05:30,52.79448689736852,52.79448689736852,51.37328029434993,52.48544692993164,30427712,0.0,0.0
2004-01-20 00:00:00+05:30,52.699093323372644,53.60523157961163,51.27788700569255,51.6074333190918,23610944,0.0,0.0
2004-01-21 00:00:00+05:30,51.74526526717631,52.937552485314015,50.88681847011716,51.46865463256836,29010368,0.0,0.0
2004-01-22 00:00:00+05:30,51.50681937086064,52.889872853967084,48.20036864772249,49.35307312011719,51104832,0.0,0.0
2004-01-23 00:00:00+05:30,49.84094654685213,52.52740725575991,49.599149760296264,52.09103012084961,36731904,0.0,0.0
2004-01-26 00:00:00+05:30,52.09103012084961,52.09103012084961,52.09103012084961,52.09103012084961,0,0.0,0.0
2004-01-27 00:00:00+05:30,51.50680444101547,53.60522980713091,47.872713238788265,53.0467643737793,28154944,0.0,0.0
2004-01-28 00:00:00+05:30,52.50832044349302,52.97951134306484,50.93450157461448,51.67324447631836,24251072,0.0,0.0
2004-01-29 00:00:00+05:30,51.02989290137595,51.467224784163996,49.604392441397145,50.10563278198242,37042880,0.0,0.0
2004-01-30 00:00:00+05:30,51.399950000207554,51.399950000207554,49.36543402385699,49.72121047973633,25131136,0.0,0.0
2004-02-02 00:00:00+05:30,49.72121047973633,49.72121047973633,49.72121047973633,49.72121047973633,0,0.0,0.0
2004-02-03 00:00:00+05:30,49.98067373758676,50.1714396678829,48.86898714173459,49.577205657958984,37488448,0.0,0.0
2004-02-04 00:00:00+05:30,49.61201834062582,51.400923946908655,49.61201834062582,51.12431335449219,25612352,0.0,0.0
2004-02-05 00:00:00+05:30,51.31601849381606,52.880298611471424,50.55295502178906,51.88307189941406,47011712,0.0,0.0
2004-02-06 00:00:00+05:30,51.61458220886312,53.27138618096726,51.518724191575544,53.01909637451172,37574016,0.0,0.0
2004-02-09 00:00:00+05:30,53.40493594352228,54.46368712940029,53.22895246454219,53.89568328857422,32914240,0.0,0.0
2004-02-10 00:00:00+05:30,53.8913818267132,54.320605221793215,52.36620896100326,52.536468505859375,30173888,0.0,0.0
2004-02-11 00:00:00+05:30,52.93755835481548,53.15693922727688,51.936036980535185,52.18784713745117,24955968,0.0,0.0
2004-02-12 00:00:00+05:30,52.46063644807548,52.59417261357967,50.696051403912946,51.0599365234375,59246720,0.0,0.0
2004-02-13 00:00:00+05:30,51.20158069832336,51.783416842622486,50.79143390807971,51.2797966003418,40205760,0.0,0.0
2004-02-16 00:00:00+05:30,51.52158763281489,51.859722133177804,50.9550137078039,51.087120056152344,27349376,0.0,0.0
2004-02-17 00:00:00+05:30,51.125284189999476,51.69758214735022,50.95359480279426,51.48773956298828,23235904,0.0,0.0
2004-02-18 00:00:00+05:30,51.88833360539147,52.079099537764236,50.75327630777354,51.04323959350586,26329984,0.0,0.0
2004-02-19 00:00:00+05:30,51.02988713336591,51.02988713336591,48.4736236283674,48.70540237426758,36728384,0.0,0.0
2004-02-20 00:00:00+05:30,48.63576512386529,49.930113589541186,47.83454836167571,48.31289291381836,52873792,0.0,0.0
2004-02-23 00:00:00+05:30,48.416402554031166,49.25577281107505,48.26378978002319,48.482215881347656,31885440,0.0,0.0
2004-02-24 00:00:00+05:30,48.2628328447168,48.77885569506153,46.98565568124229,48.109745025634766,41712448,0.0,0.0
2004-02-25 00:00:00+05:30,54.082158843666946,54.082158843666946,47.03335542471282,47.38007354736328,28607872,0.0,0.0
2004-02-26 00:00:00+05:30,47.69147685559316,48.16839162414909,46.12815117574097,46.59552764892578,41546176,0.0,0.0
2004-02-27 00:00:00+05:30,46.64227759962772,48.58809040746495,46.357558470535935,48.28715896606445,37689664,0.0,0.0
2004-03-01 00:00:00+05:30,48.62623822129994,50.839123130547016,48.62623822129994,50.73754119873047,40953024,0.0,0.0
2004-03-02 00:00:00+05:30,50.73754119873047,50.73754119873047,50.73754119873047,50.73754119873047,0,0.0,0.0
2004-03-03 00:00:00+05:30,50.552981899927296,50.67697978005919,49.122237129174636,49.456077575683594,29994368,0.0,0.0
2004-03-04 00:00:00+05:30,49.74223115428394,51.26644952881415,49.24909921450331,50.409912109375,45102144,0.0,0.0
2004-03-05 00:00:00+05:30,50.543449533241024,50.823399557714396,49.83999993839737,50.06367492675781,22380416,0.0,0.0
2004-03-08 00:00:00+05:30,50.06651630747818,50.06651630747818,48.64531018634763,48.74593734741211,24954240,0.0,0.0
2004-03-09 00:00:00+05:30,55.56056999991429,55.56056999991429,46.45149800851203,47.547447204589844,50456320,0.0,0.0
2004-03-10 00:00:00+05:30,47.19550192095307,47.26227001178707,46.26217846260606,46.759124755859375,38215872,0.0,0.0
2004-03-11 00:00:00+05:30,46.63081656121137,46.91887494445293,45.831509271822796,46.31414794921875,28511424,0.0,0.0
2004-03-12 00:00:00+05:30,46.59458929852926,48.87424269512056,45.545376438173435,48.044410705566406,51212992,0.0,0.0
2004-03-15 00:00:00+05:30,49.14655083863568,49.44653214525103,46.73765577000965,47.12348175048828,30844672,0.0,0.0
2004-03-16 00:00:00+05:30,46.741006218454885,47.50073083130023,46.122921625262514,47.14208984375,30103616,0.0,0.0
2004-03-17 00:00:00+05:30,47.45303381445143,48.83322743477742,47.45303381445143,48.1002082824707,34600128,0.0,0.0
2004-03-18 00:00:00+05:30,48.63482340696204,48.64531646551719,46.928422943204815,47.09248352050781,24171648,0.0,0.0
2004-03-19 00:00:00+05:30,47.04288370883621,49.856681497584525,47.02380711365825,49.49613571166992,44321792,0.0,0.0
2004-03-22 00:00:00+05:30,49.599141734318096,49.599141734318096,47.9905089631976,48.41257858276367,18716864,0.0,0.0
2004-03-23 00:00:00+05:30,48.168381325927356,49.92151777737656,47.84693897769553,49.30916213989258,24403456,0.0,0.0
2004-03-24 00:00:00+05:30,48.982490580551115,49.40837457665362,47.628052513005784,48.14455032348633,28319680,0.0,0.0
2004-03-25 00:00:00+05:30,48.16841227371041,53.41447697678778,48.07302927910901,49.284393310546875,29444160,0.0,0.0
2004-03-26 00:00:00+05:30,49.93632897478478,51.02989390044801,49.88529814940992,50.643592834472656,27476544,0.0,0.0
2004-03-29 00:00:00+05:30,50.55201776863272,50.78189165066694,49.188996101143765,49.723140716552734,19412864,0.0,0.0
2004-03-30 00:00:00+05:30,50.17144815761744,50.524365188383946,47.89179490482836,48.05728530883789,29782976,0.0,0.0
2004-03-31 00:00:00+05:30,45.17384979286629,48.15886171180828,45.17384979286629,47.102020263671875,42513600,0.0,0.0
2004-04-01 00:00:00+05:30,47.224580330784754,49.0649964764169,47.224580330784754,48.7502326965332,26651008,0.0,0.0
2004-04-02 00:00:00+05:30,48.883781337738036,49.112700508880614,47.30996203613281,47.69149398803711,36836224,0.0,0.0
2004-04-05 00:00:00+05:30,48.14931790522206,49.966363281795914,48.0730115377019,49.354957580566406,32154304,0.0,0.0
2004-04-06 00:00:00+05:30,56.705176293197695,56.705176293197695,50.018830022124256,50.67601776123047,64156288,0.0,0.0
2004-04-07 00:00:00+05:30,51.50680511701861,51.50680511701861,50.266826475312605,50.79429244995117,26629568,0.0,0.0
2004-04-08 00:00:00+05:30,51.411436253220714,51.49728095197378,50.36222326846111,50.66840362548828,24899584,0.0,0.0
2004-04-09 00:00:00+05:30,50.66840362548828,50.66840362548828,50.66840362548828,50.66840362548828,0,0.0,0.0
2004-04-12 00:00:00+05:30,50.9345099656321,51.10619932506682,48.572351460217206,49.0578498840332,36248128,0.0,0.0
2004-04-13 00:00:00+05:30,56.170565130818424,56.170565130818424,51.03943556090128,52.40102767944336,78408320,0.0,0.0
2004-04-14 00:00:00+05:30,52.40102767944336,52.40102767944336,52.40102767944336,52.40102767944336,0,0.0,0.0
2004-04-15 00:00:00+05:30,53.2017473834967,53.2017473834967,50.55439093627345,50.90015411376953,71227328,0.0,0.0
2004-04-16 00:00:00+05:30,51.45911351724089,52.14587091728562,51.17820880107947,51.40999221801758,36977024,0.0,0.0
2004-04-19 00:00:00+05:30,51.506810879701355,51.506810879701355,50.71608688118928,51.134342193603516,22941888,0.0,0.0
2004-04-20 00:00:00+05:30,51.363725764576984,51.79008947370498,51.13719122661808,51.32795715332031,19525184,0.0,0.0
2004-04-21 00:00:00+05:30,51.30648835983466,51.93601582437251,51.0298778072347,51.75001907348633,21904064,0.0,0.0
2004-04-22 00:00:00+05:30,51.79296308298787,51.96465246337346,51.24069650755537,51.371368408203125,14137600,0.0,0.0
2004-04-23 00:00:00+05:30,51.697571646257174,52.02568814368158,50.459022803663544,50.62117385864258,34524800,0.0,0.0
2004-04-26 00:00:00+05:30,50.62117385864258,50.62117385864258,50.62117385864258,50.62117385864258,0,0.0,0.0
2004-04-27 00:00:00+05:30,50.53199328110966,50.53199328110966,48.69301128967092,48.98535919189453,28616000,0.0,0.0
2004-04-28 00:00:00+05:30,49.07453693713438,49.303456059873206,48.412100362760334,48.66677474975586,28258624,0.0,0.0
2004-04-29 00:00:00+05:30,48.63578633237672,49.252916137217234,47.79641602501269,48.06110382080078,43605184,0.0,0.0
2004-04-30 00:00:00+05:30,48.45454525507588,49.530463215901506,48.19796601580967,49.08550262451172,30273216,0.0,0.0
2004-05-03 00:00:00+05:30,48.36966227746719,49.779420811067055,48.36966227746719,49.4522590637207,22498048,0.0,0.0
2004-05-04 00:00:00+05:30,49.83759905986371,50.304975586932294,49.541911869269306,49.789432525634766,17846592,0.0,0.0
2004-05-05 00:00:00+05:30,50.06651839632986,50.343128995204616,49.69786416757968,50.180023193359375,20423104,0.0,0.0
2004-05-06 00:00:00+05:30,50.55297134315159,52.34331145536608,50.3636352265525,50.52674102783203,14392768,0.0,0.0
2004-05-07 00:00:00+05:30,50.31453118821175,50.55298868199475,49.646850205619366,49.78372573852539,11201984,0.0,0.0
2004-05-10 00:00:00+05:30,49.122224829335686,49.40837371183667,48.74069298600104,48.8880615234375,14165504,0.0,0.0
2004-05-11 00:00:00+05:30,48.63577383625345,48.83607806268242,47.834556930537566,48.13119888305664,26232064,0.0,0.0
2004-05-12 00:00:00+05:30,48.16839667094703,49.02684334429065,47.9828749435926,48.48649978637695,24579968,0.0,0.0
2004-05-13 00:00:00+05:30,48.632918410409516,50.26682687844323,46.74719516722017,49.53953170776367,33562048,0.0,0.0
2004-05-14 00:00:00+05:30,49.83760495159854,50.03695443993057,48.34009222865099,48.547550201416016,31301120,0.0,0.0
2004-05-17 00:00:00+05:30,48.16553958920876,48.16553958920876,39.346429367737,43.101654052734375,31777600,0.0,0.0
2004-05-18 00:00:00+05:30,45.27831574571917,47.42538827491064,44.36549845895145,46.555973052978516,45230720,0.0,0.0
2004-05-19 00:00:00+05:30,47.786866973735336,48.15886054897998,46.16535651754072,47.43061065673828,21176960,0.0,0.0
2004-05-20 00:00:00+05:30,48.301921174033005,48.301921174033005,46.90026699739534,47.00423812866211,18078592,0.0,0.0
2004-05-21 00:00:00+05:30,46.92841256637283,47.40532732822621,46.31796167120049,46.833984375,20265792,0.0,0.0
2004-05-24 00:00:00+05:30,47.691472520839454,50.885371367034146,47.523122554314966,50.73180389404297,38852608,0.0,0.0
2004-05-25 00:00:00+05:30,50.31167927841887,51.49728825641636,49.29394067589549,51.08523178100586,39751744,0.0,0.0
2004-05-26 00:00:00+05:30,52.45181877661798,52.45181877661798,51.10665040806692,51.50630187988281,23094400,1.796875,0.0
2004-05-27 00:00:00+05:30,51.17489485915951,52.51031592500805,51.08083148052283,51.640342712402344,22419584,0.0,0.0
2004-05-28 00:00:00+05:30,51.418584450548316,52.22763516322993,48.85691735084939,49.30091857910156,35431808,0.0,0.0
2004-05-31 00:00:00+05:30,49.61528496802029,51.17490099844922,47.76324093188594,50.696292877197266,34813312,0.0,0.0
2004-06-01 00:00:00+05:30,50.70262666112386,51.98395057951743,50.70262666112386,51.54092025756836,28710336,0.0,0.0
2004-06-02 00:00:00+05:30,51.6106062456428,52.39138499559786,51.15100321712203,52.027801513671875,17547008,0.0,0.0
2004-06-03 00:00:00+05:30,52.24712864793763,52.49081861364629,50.84347444545572,51.091552734375,30415040,0.0,0.0
2004-06-04 00:00:00+05:30,50.68751425461901,51.096913408214014,50.2196295076533,50.85663604736328,19523392,0.0,0.0
2004-06-07 00:00:00+05:30,51.27234892233812,51.779223854650205,50.220584389704094,50.75962448120117,21086016,0.0,0.0
2004-06-08 00:00:00+05:30,50.931198715918995,51.16903915131011,49.91842425221869,50.47257614135742,31877952,0.0,0.0
2004-06-09 00:00:00+05:30,50.700671512029686,51.11445420528525,50.5071807333173,50.90195846557617,16769088,0.0,0.0
2004-06-10 00:00:00+05:30,51.123223123441356,51.535059090518345,50.541289687436425,51.40053939819336,16670208,0.0,0.0
2004-06-11 00:00:00+05:30,51.467324372434014,51.467324372434014,49.5377851846054,49.81608200073242,29788544,0.0,0.0
2004-06-14 00:00:00+05:30,49.71176627926785,49.943271695401606,48.56496250662843,48.67949676513672,22198208,0.0,0.0
2004-06-15 00:00:00+05:30,48.884210793761014,49.85897072982804,48.884210793761014,49.538761138916016,22293952,0.0,0.0
2004-06-16 00:00:00+05:30,50.20013083477591,50.44382079028453,49.725911133270024,50.16114044189453,21901504,0.0,0.0
2004-06-17 00:00:00+05:30,50.20012915570364,50.88246100830544,50.02467239360604,50.68312072753906,19065792,0.0,0.0
2004-06-18 00:00:00+05:30,50.68751445737294,51.63888106525606,50.348785394412616,51.31623458862305,28632320,0.0,0.0
2004-06-21 00:00:00+05:30,51.418584955099725,52.393344859461806,51.32306038830018,52.16281509399414,26522560,0.0,0.0
2004-06-22 00:00:00+05:30,51.811888826102276,52.56293924445608,51.564786299012745,52.39772033691406,23141632,0.0,0.0
2004-06-23 00:00:00+05:30,52.58829074847741,52.62728114013523,51.61353095703205,51.89036178588867,26169152,0.0,0.0
2004-06-24 00:00:00+05:30,52.04924758093698,53.017182095960045,51.711979760017805,52.72621536254883,32614720,0.0,0.0
2004-06-25 00:00:00+05:30,52.73449897296793,53.61178268970861,52.315352308302934,53.4548454284668,28886528,0.0,0.0
2004-06-28 00:00:00+05:30,53.90422476703954,54.762013515592784,53.73120487741658,54.56608581542969,31393024,0.0,0.0
2004-06-29 00:00:00+05:30,54.635295978654405,55.1709284826657,54.20640159452224,54.45691680908203,44017472,0.0,0.0
2004-06-30 00:00:00+05:30,54.294120181072245,54.78150007497774,53.622511639184324,53.84670639038086,39124224,0.0,0.0
2004-07-01 00:00:00+05:30,54.391591536159694,55.19869066803,52.99573373484503,54.92966079711914,28275440,0.0,4.0
2004-07-02 00:00:00+05:30,53.23161942691038,55.795237062742174,53.23161942691038,55.4969596862793,24930048,0.0,0.0
2004-07-05 00:00:00+05:30,55.61199395730147,56.34111233069463,55.38584779636797,55.73480987548828,15505536,0.0,0.0
2004-07-06 00:00:00+05:30,55.63927668569132,55.990190133603875,54.82632814994087,55.619781494140625,19217968,0.0,0.0
2004-07-07 00:00:00+05:30,54.74836193756848,55.48332990249366,54.00559303820835,54.292171478271484,28427936,0.0,0.0
2004-07-08 00:00:00+05:30,54.58654543678649,55.34295994689577,51.9079075752518,52.724754333496094,37858080,0.0,0.0
2004-07-09 00:00:00+05:30,50.68751302377656,54.19079902969826,50.102657104271444,53.90422058105469,22787760,0.0,0.0
2004-07-12 00:00:00+05:30,54.07966860170484,54.56704845572165,53.192637267394254,53.65662384033203,22648144,0.0,0.0
2004-07-13 00:00:00+05:30,55.56131531860373,55.849845206207306,54.157661036870586,54.69377899169922,38728000,0.0,0.0
2004-07-14 00:00:00+05:30,55.366362084436425,56.34112198028918,55.132419709431765,55.39755630493164,29463584,0.0,0.0
2004-07-15 00:00:00+05:30,55.537909940752606,56.49317445228486,55.300069524488954,56.28067398071289,21826416,0.0,0.0
2004-07-16 00:00:00+05:30,56.28261756671098,57.892922280032664,56.28261756671098,57.618038177490234,34887056,0.0,0.0
2004-07-19 00:00:00+05:30,57.627802755432285,58.17366827544315,57.00395644684845,57.637550354003906,22012128,0.0,0.0
2004-07-20 00:00:00+05:30,57.47183703272358,57.69408036029785,56.26898440766354,56.45029067993164,21665664,0.0,0.0
2004-07-21 00:00:00+05:30,56.57506388403465,56.9259774436186,55.569109776066085,56.040897369384766,22177072,0.0,0.0
2004-07-22 00:00:00+05:30,56.692039175247345,56.92598156524149,55.76016770318999,56.25144577026367,19465920,0.0,0.0
2004-07-23 00:00:00+05:30,56.53606454030921,57.109221359752325,56.2631318149422,56.73686599731445,15554320,0.0,0.0
2004-07-26 00:00:00+05:30,56.09937756318971,57.12092392338429,55.84009050609462,56.90842819213867,14673152,0.0,0.0
2004-07-27 00:00:00+05:30,57.31588092071528,57.955324353649445,57.04489957801326,57.67849349975586,23371088,0.0,0.0
2004-07-28 00:00:00+05:30,57.7057891902505,58.99247232760068,57.55372568574055,58.80921936035156,31335104,0.0,0.0
2004-07-29 00:00:00+05:30,58.85795641336365,60.240164100051395,58.85795641336365,59.873653411865234,21491184,0.0,0.0
2004-07-30 00:00:00+05:30,60.088081989815024,61.01995315281647,59.65528966377585,60.571563720703125,25009120,0.0,0.0
2004-08-02 00:00:00+05:30,60.435098363685114,61.07064355998228,60.435098363685114,60.66904067993164,17539728,0.0,0.0
2004-08-03 00:00:00+05:30,60.82110734159086,61.68279396658065,60.78211695349568,61.483943939208984,23723440,0.0,0.0
2004-08-04 00:00:00+05:30,61.565838647444984,61.565838647444984,60.12319391663088,60.36103439331055,17101728,0.0,0.0
2004-08-05 00:00:00+05:30,60.201165607673964,60.980973452332954,60.201165607673964,60.739234924316406,18405328,0.0,0.0
2004-08-06 00:00:00+05:30,60.47409842626204,60.70804077994197,58.928128420446626,59.53053283691406,23971584,0.0,0.0
2004-08-09 00:00:00+05:30,58.94566689204884,60.11147561458834,58.407597666593254,59.82099914550781,19569968,0.0,0.0
2004-08-10 00:00:00+05:30,60.084196870818616,60.084196870818616,59.14842741922897,59.46424865722656,15133312,0.0,0.0
2004-08-11 00:00:00+05:30,59.85025471708717,60.228459634598586,58.29843513394985,58.645450592041016,21258032,0.0,0.0
2004-08-12 00:00:00+05:30,58.64154287293553,58.98855827403089,58.01769667215962,58.432945251464844,22696432,0.0,0.0
2004-08-13 00:00:00+05:30,58.09569322076484,59.61242066012031,57.51668676037795,57.6999397277832,21489920,0.0,0.0
2004-08-16 00:00:00+05:30,57.822761089668,58.21266507543785,57.39386670532117,57.98651885986328,16502032,0.0,0.0
2004-08-17 00:00:00+05:30,58.44658689450655,58.68052920362399,57.551759465959734,57.803245544433594,15134480,0.0,0.0
2004-08-18 00:00:00+05:30,57.822762769413885,58.407618765058665,57.666801170575276,57.97092819213867,17098976,0.0,0.0
2004-08-19 00:00:00+05:30,58.48559057962726,60.04520632841732,58.48559057962726,59.918487548828125,31323920,0.0,0.0
2004-08-20 00:00:00+05:30,59.85025613269535,60.60667074517886,59.46035218394815,60.31034469604492,24660640,0.0,0.0
2004-08-23 00:00:00+05:30,60.747039024027714,61.64381816237985,60.47995575430205,60.80747604370117,22006368,0.0,0.0
2004-08-24 00:00:00+05:30,60.82500551352341,61.31823487553082,60.32787806461481,60.66514587402344,17164864,0.0,0.0
2004-08-25 00:00:00+05:30,60.67294440108652,60.996566539108535,59.1094307275551,59.85219955444336,20150288,0.0,0.0
2004-08-26 00:00:00+05:30,60.16216928546595,60.74702511131299,59.748872120447814,60.2615966796875,20723296,0.0,0.0
2004-08-27 00:00:00+05:30,60.54818017866361,61.253905316004804,60.090043076522896,61.03166198730469,15277728,0.0,0.0
2004-08-30 00:00:00+05:30,61.2929020438817,61.71400022129354,60.66905571264627,61.50539779663086,12084944,0.0,0.0
2004-08-31 00:00:00+05:30,61.60482001660249,61.99082585343052,60.94783285631399,61.42936325073242,13549504,0.0,0.0
2004-09-01 00:00:00+05:30,61.40986138115398,61.95572681565313,61.21490944026143,61.6515998840332,8008016,0.0,0.0
2004-09-02 00:00:00+05:30,62.191627156400145,62.90709990335759,62.191627156400145,62.487953186035156,18522576,0.0,0.0
2004-09-03 00:00:00+05:30,62.57957266053869,62.84470920242957,62.10973658190773,62.6419563293457,14033472,0.0,0.0
2004-09-06 00:00:00+05:30,62.77453252912997,62.96948449350615,62.540590171878556,62.69265365600586,7469520,0.0,0.0
2004-09-07 00:00:00+05:30,62.62049874693251,63.14491742935107,62.38460505524033,62.98505783081055,11782048,0.0,0.0
2004-09-08 00:00:00+05:30,63.12544029353215,63.55433457594651,62.85250756835937,63.35938262939453,13429216,0.0,0.0
2004-09-09 00:00:00+05:30,63.398362802908565,63.6712954841019,63.008458972632376,63.26774597167969,13698032,0.0,0.0
2004-09-10 00:00:00+05:30,63.55825764175292,64.87808188669516,63.26778103105896,64.49208068847656,18587072,0.0,0.0
2004-09-13 00:00:00+05:30,65.69880401903681,66.27976175426431,64.33414043407166,65.342041015625,18370576,0.0,0.0
2004-09-14 00:00:00+05:30,65.49215048990172,66.50980338815398,65.39857736968564,66.32654571533203,30164176,0.0,0.0
2004-09-15 00:00:00+05:30,66.59557213802887,66.74568415609852,65.69879335631069,66.32263946533203,21460064,0.0,0.0
2004-09-16 00:00:00+05:30,66.17646419718754,66.36166861900911,65.50972923054411,66.08678436279297,16680048,0.0,0.0
2004-09-17 00:00:00+05:30,66.125762431984,66.125762431984,65.12371112467348,65.88207244873047,20388080,0.0,0.0
2004-09-20 00:00:00+05:30,65.54285356110218,65.54285356110218,64.52910329781326,64.62657928466797,20823424,0.0,0.0
2004-09-21 00:00:00+05:30,64.72989825388795,65.54284695034696,64.62267467916253,65.35374450683594,27698816,0.0,0.0
2004-09-22 00:00:00+05:30,65.3537334626905,65.49214647093136,64.52908588451847,64.86050415039062,23176304,0.0,0.0
2004-09-23 00:00:00+05:30,64.71626440774217,64.71626440774217,63.39838705347898,63.56604766845703,23091104,0.0,0.0
2004-09-24 00:00:00+05:30,63.76877636973529,64.20936963582383,62.69264266692282,62.928531646728516,20775696,0.0,0.0
2004-09-27 00:00:00+05:30,63.16443587947133,64.13139951775025,62.94024112249172,63.93254470825195,16671776,0.0,0.0
2004-09-28 00:00:00+05:30,63.893553387580205,63.893553387580205,62.42361751482523,62.84861373901367,18208848,0.0,0.0
2004-09-29 00:00:00+05:30,63.01823706616898,64.17430343433175,62.78429465478645,63.94036102294922,20993216,0.0,0.0
2004-09-30 00:00:00+05:30,65.11396025036402,66.361652901868,64.14309845399853,66.10821533203125,34462048,0.0,0.0
2004-10-01 00:00:00+05:30,67.64833007704998,67.72631086100046,65.93470425356568,66.41038513183594,20852576,0.0,0.0
2004-10-04 00:00:00+05:30,67.06345787556967,67.92124629025719,67.06345787556967,67.3714828491211,18128336,0.0,0.0
2004-10-05 00:00:00+05:30,67.463156679348,67.79652658757391,66.79252353339491,67.08300018310547,13884688,0.0,0.0
2004-10-06 00:00:00+05:30,66.67355999605518,66.67355999605518,65.50384841717701,65.73194122314453,29443040,0.0,0.0
2004-10-07 00:00:00+05:30,66.2836759819449,66.75156075358215,65.51556705233507,66.49812316894531,15432096,0.0,0.0
2004-10-08 00:00:00+05:30,66.59559038562941,67.42998573698851,66.32265763814732,66.59754180908203,20248128,0.0,0.0
2004-10-11 00:00:00+05:30,66.48836524492448,66.85877396495192,65.51750354262293,65.75924682617188,14722064,0.0,0.0
2004-10-12 00:00:00+05:30,67.53139504253362,67.8043279324284,66.36168265727034,66.72624206542969,36566784,0.0,0.0
2004-10-13 00:00:00+05:30,66.72624206542969,66.72624206542969,66.72624206542969,66.72624206542969,0,0.0,0.0
2004-10-14 00:00:00+05:30,67.14534917241694,71.15746122577296,66.71840630888993,70.74806213378906,49699776,0.0,0.0
2004-10-15 00:00:00+05:30,70.7890250100201,71.5863768130695,69.29569073585391,69.66609954833984,17571888,0.0,0.0
2004-10-18 00:00:00+05:30,70.41877700525029,70.41877700525029,68.47356092750948,68.86260223388672,25400864,0.3125,0.0
2004-10-19 00:00:00+05:30,69.59765269526572,69.78141986905497,68.38946776973474,69.12258911132812,31222048,0.0,0.0
2004-10-20 00:00:00+05:30,69.28486098782004,70.16460668320714,68.50677384042582,68.76874542236328,26192688,0.0,0.0
2004-10-21 00:00:00+05:30,68.82934576900753,69.78533893434611,68.62016275167164,69.58788299560547,21814288,0.0,0.0
2004-10-22 00:00:00+05:30,69.58788299560547,69.58788299560547,69.58788299560547,69.58788299560547,0,0.0,0.0
2004-10-25 00:00:00+05:30,69.79901887030414,71.62693478076537,69.79901887030414,71.17337799072266,31941936,0.0,0.0
2004-10-26 00:00:00+05:30,71.20074026280997,73.11663058289656,71.16164046035922,72.76473236083984,24678512,0.0,0.0
2004-10-27 00:00:00+05:30,73.19482638344716,73.50371576133836,71.64451834226834,73.03060913085938,18445424,0.0,0.0
2004-10-28 00:00:00+05:30,73.5076467765809,76.54570026876162,73.5076467765809,76.19771575927734,45555712,0.0,0.0
2004-10-29 00:00:00+05:30,76.0882342220269,76.44013253035077,74.32874268040757,74.53792572021484,26163552,0.0,0.0
2004-11-01 00:00:00+05:30,74.60242243434058,76.35604760458796,74.09412500685295,76.09017181396484,20272976,0.0,0.0
2004-11-02 00:00:00+05:30,76.01002850500922,76.01002850500922,74.56724460194933,74.70409393310547,20692816,0.0,0.0
2004-11-03 00:00:00+05:30,74.99341038484442,77.22209880608328,74.99341038484442,76.67274475097656,26833088,0.0,0.0
2004-11-04 00:00:00+05:30,77.43717224731347,78.53978495938735,77.43717224731347,77.71868896484375,25218416,0.0,0.0
2004-11-05 00:00:00+05:30,78.78610132577155,81.6286550326728,76.68448696038188,77.28466796875,17506880,0.0,0.0
2004-11-08 00:00:00+05:30,78.19960570648752,80.88576025333529,78.19960570648752,78.89558410644531,39839408,0.0,0.0
2004-11-09 00:00:00+05:30,79.37260433078558,79.95910140712144,78.39706610298379,79.63652801513672,23967216,0.0,0.0
2004-11-10 00:00:00+05:30,79.95909929928216,80.15459831957381,78.78610517753229,79.80465698242188,28240464,0.0,0.0
2004-11-11 00:00:00+05:30,79.76361169330849,79.76361169330849,78.6297172133546,78.86822509765625,21130096,0.0,0.0
2004-11-12 00:00:00+05:30,79.7636019703228,80.06466855878573,78.78610684813748,79.26312255859375,4572400,0.0,0.0
2004-11-15 00:00:00+05:30,79.26312255859375,79.26312255859375,79.26312255859375,79.26312255859375,0,0.0,0.0
2004-11-16 00:00:00+05:30,79.64631515500167,80.29928009074459,79.4508160996384,80.11746978759766,19068224,0.0,0.0
2004-11-17 00:00:00+05:30,80.15460932561042,81.42143933270857,79.76361123133915,81.20639038085938,14579280,0.0,0.0
2004-11-18 00:00:00+05:30,80.93856395577846,81.32760515781973,80.43612757672706,80.65509033203125,10655520,0.0,0.0
2004-11-19 00:00:00+05:30,80.81931495814901,81.13211346790479,80.23281775235692,80.46155548095703,8931520,0.0,0.0
2004-11-22 00:00:00+05:30,80.11550667441102,80.11550667441102,78.43421492868156,79.2944107055664,9862432,0.0,0.0
2004-11-23 00:00:00+05:30,79.3726090645221,79.94737432443974,79.05981060515452,79.41366577148438,11034512,0.0,0.0
2004-11-24 00:00:00+05:30,79.17710306807885,79.84179973581088,78.91122249181593,79.13409423828125,8668272,0.0,0.0
2004-11-25 00:00:00+05:30,79.38435973495085,79.90829346025586,79.02072953056278,79.35698699951172,9810368,0.0,0.0
2004-11-26 00:00:00+05:30,79.35698699951172,79.35698699951172,79.35698699951172,79.35698699951172,0,0.0,0.0
2004-11-29 00:00:00+05:30,79.77143133291378,81.91410285372336,79.48991460697833,81.74988555908203,14059680,0.0,0.0
2004-11-30 00:00:00+05:30,82.11351498860961,84.79967003263069,82.10960118925976,84.03330993652344,28184384,0.0,0.0
2004-12-01 00:00:00+05:30,84.06459183669334,84.26009088747634,82.15651919188076,82.43608856201172,20927696,0.0,0.0
2004-12-02 00:00:00+05:30,82.8915907701012,83.4389880676396,80.98938897949577,81.32368469238281,25157936,0.0,0.0
2004-12-03 00:00:00+05:30,81.32758770483902,81.56610031404418,79.92195173997587,80.20738220214844,25063136,0.0,0.0
2004-12-06 00:00:00+05:30,79.76361117189123,81.09300469142275,78.74701612754359,79.37847900390625,19835920,0.0,0.0
2004-12-07 00:00:00+05:30,77.80863052927076,80.69419873646157,77.80863052927076,79.75971221923828,16453888,0.0,0.0
2004-12-08 00:00:00+05:30,79.15365424245232,79.95910935274071,78.98161412837958,79.42735290527344,14876688,0.0,0.0
2004-12-09 00:00:00+05:30,79.72452239436183,80.54561850533858,79.56812313512816,79.84963989257812,12779168,0.0,0.0
2004-12-10 00:00:00+05:30,80.23278660934193,80.54558499768244,79.2005509732333,79.50553131103516,12232480,0.0,0.0
2004-12-13 00:00:00+05:30,80.54559824368759,80.54559824368759,78.79979099707307,79.66976165771484,6849888,0.0,0.0
2004-12-14 00:00:00+05:30,79.95908695571964,80.33835308736668,79.80268776363022,80.20346069335938,6764560,0.0,0.0
2004-12-15 00:00:00+05:30,80.53389694198857,82.55926951702831,80.53389694198857,82.1350326538086,17621776,0.0,0.0
2004-12-16 00:00:00+05:30,82.10961127427963,83.36080535084008,81.4840142359994,82.9052963256836,10711152,0.0,0.0
2004-12-17 00:00:00+05:30,82.30510144512289,82.77429917307607,81.32760617855372,81.68341827392578,11021392,0.0,0.0
2004-12-20 00:00:00+05:30,82.48887412414523,82.93070392314681,81.99622220458875,82.65309143066406,7299728,0.0,0.0
2004-12-21 00:00:00+05:30,82.89159745828741,83.65012995631014,82.49864245739256,82.70001220703125,10934976,0.0,0.0
2004-12-22 00:00:00+05:30,80.15461307706808,82.85250005380841,80.15461307706808,81.3843002319336,24453024,0.0,0.0
2004-12-23 00:00:00+05:30,79.02070599705462,81.48399371492421,79.02070599705462,80.78411102294922,11333920,0.0,0.0
2004-12-24 00:00:00+05:30,81.31587149020834,81.31587149020834,79.65608649463108,80.7489242553711,16076928,0.0,0.0
2004-12-27 00:00:00+05:30,80.54560136781848,81.32759749760312,80.00993592808624,80.47913360595703,6694624,0.0,0.0
2004-12-28 00:00:00+05:30,80.38920503525904,81.0108881624732,80.04708171616443,80.61402893066406,8115072,0.0,0.0
2004-12-29 00:00:00+05:30,80.93658523807348,82.44974557465886,80.74108623991388,81.05974578857422,12955248,0.0,0.0
2004-12-30 00:00:00+05:30,80.93661780407051,81.91019938829987,79.49969958943304,80.08228302001953,15631056,0.0,0.0
2004-12-31 00:00:00+05:30,80.54560271992061,81.9160528695439,80.07444813464595,81.78506469726562,12498704,0.0,0.0
2005-01-03 00:00:00+05:30,82.85250137300662,93.76134888743269,81.93365579383453,82.87400817871094,9104288,0.0,0.0
2005-01-04 00:00:00+05:30,83.08707907557607,83.08707907557607,81.32758798926974,81.72054290771484,10220864,0.0,0.0
2005-01-05 00:00:00+05:30,80.74109741656991,81.32759449223508,78.24261891965126,80.25234985351562,22197872,0.0,0.0
2005-01-06 00:00:00+05:30,79.81248302401387,81.87304099499814,78.1214163292001,79.91023254394531,27031104,0.0,0.0
2005-01-07 00:00:00+05:30,79.56810373583481,80.74109789410264,78.00411152481102,80.18588256835938,33500080,0.0,0.0
2005-01-10 00:00:00+05:30,80.54561035492056,82.10960278899668,77.4567252976202,78.00021362304688,24651840,0.0,0.0
2005-01-11 00:00:00+05:30,77.80860589965538,79.08716751456512,76.28762264884092,77.09112548828125,34083200,0.0,0.0
2005-01-12 00:00:00+05:30,79.17711421778945,79.17711421778945,73.31800872025822,74.53401184082031,63117008,0.0,0.0
2005-01-13 00:00:00+05:30,80.15654602759444,80.15654602759444,75.4626131794636,76.96208953857422,35060464,0.0,0.0
2005-01-14 00:00:00+05:30,77.4176050899239,78.52413135467205,76.2446110734099,77.1830062866211,19852096,0.0,0.0
2005-01-17 00:00:00+05:30,77.49582270302554,78.74701661144977,75.66594970278472,78.10968780517578,19508400,0.0,0.0
2005-01-18 00:00:00+05:30,78.59062189587603,78.98162001476098,76.31892377973968,76.84677124023438,18835760,0.0,0.0
2005-01-19 00:00:00+05:30,76.44599755438217,77.7988500802731,76.29546423440577,76.59457397460938,12037472,0.0,0.0
2005-01-20 00:00:00+05:30,76.32282753053825,77.33942256936713,75.14983325496644,76.82135009765625,18539120,0.0,0.0
2005-01-24 00:00:00+05:30,76.63564753576203,76.82723760918688,74.00031870163048,74.50470733642578,18662816,0.0,0.0
2005-01-25 00:00:00+05:30,74.64153517180239,75.14983268737778,73.58584033176119,74.79206848144531,16201056,0.0,0.0
2005-01-27 00:00:00+05:30,75.46263162298364,76.81157503800588,75.2886393815207,76.32673645019531,19668176,0.0,0.0
2005-01-28 00:00:00+05:30,76.6355994385239,80.07051553020146,76.05692055400208,79.67169952392578,17999552,0.0,0.0
2005-01-31 00:00:00+05:30,80.5846946442249,82.01965551692918,79.45080034792092,80.88380432128906,23864720,0.0,0.0
2005-02-01 00:00:00+05:30,80.93660234581041,81.87499773532706,80.3501052273625,80.61402893066406,22166592,0.0,0.0
2005-02-02 00:00:00+05:30,81.05388348692973,82.46147625370709,80.70198529523539,81.00696563720703,12938256,0.0,0.0
2005-02-03 00:00:00+05:30,80.9366012538442,82.50059354860447,80.63162084719566,82.16238403320312,14813472,0.0,0.0
2005-02-04 00:00:00+05:30,82.69610802740243,82.88378904698988,81.22986497727118,81.53874969482422,9580576,0.0,0.0
2005-02-07 00:00:00+05:30,81.32761412803266,82.30510949014844,78.9816252589548,79.37066650390625,31089440,0.0,0.0
2005-02-08 00:00:00+05:30,80.54561871747204,80.54561871747204,79.17712519557324,79.90438079833984,17364464,0.0,0.0
2005-02-09 00:00:00+05:30,80.1546131311244,80.7176465952655,79.68737229545735,79.95911407470703,8274208,0.0,0.0
2005-02-10 00:00:00+05:30,80.35009538608975,80.35009538608975,79.19860809374141,79.93563842773438,7435616,0.0,0.0
2005-02-11 00:00:00+05:30,80.9365787132968,82.41063913141753,80.9365787132968,82.25033569335938,18523056,0.0,0.0
2005-02-14 00:00:00+05:30,82.89159920584106,85.22585601015584,82.89159920584106,84.83290100097656,21044864,0.0,0.0
2005-02-15 00:00:00+05:30,84.84658286610298,85.55037940600614,83.86908767179304,85.3118667602539,15539824,0.0,0.0
2005-02-16 00:00:00+05:30,85.39397592078916,86.23462174601671,84.84657863924564,85.38028717041016,16757232,0.0,0.0
2005-02-17 00:00:00+05:30,84.8465952435954,85.22977532483382,83.48591982544919,85.00103759765625,17528720,0.0,0.0
2005-02-18 00:00:00+05:30,84.84655118652437,85.38025954500364,82.14866545755193,84.63932037353516,6471376,0.0,0.0
2005-02-21 00:00:00+05:30,84.53379071411506,84.6510901461883,83.2825967720005,83.82608032226562,8007472,0.0,0.0
2005-02-22 00:00:00+05:30,84.02546945736951,85.04206424838468,82.25424662385393,84.49466705322266,8232832,0.0,0.0
2005-02-23 00:00:00+05:30,84.17014627408031,84.26007773257058,83.47808165152584,83.6970443725586,7623536,0.0,0.0
2005-02-24 00:00:00+05:30,83.86908247986203,85.04207664041954,83.67358345310245,84.62371063232422,13470832,0.0,0.0
2005-02-25 00:00:00+05:30,84.27378001050147,85.47218537873806,84.27378001050147,85.21607971191406,10544240,0.0,0.0
2005-02-28 00:00:00+05:30,86.37147838457514,87.89441404130753,84.18384597250649,87.58748626708984,17478560,0.0,0.0
2005-03-01 00:00:00+05:30,87.58355905265043,87.58355905265043,85.04207184799762,85.28644561767578,11760288,0.0,0.0
2005-03-02 00:00:00+05:30,85.31577344815457,86.21506895196188,84.06653660312281,85.51322937011719,15075504,0.0,0.0
2005-03-03 00:00:00+05:30,85.27668511070696,87.07527636017626,85.27668511070696,86.5845718383789,14982720,0.0,0.0
2005-03-04 00:00:00+05:30,86.61584918697329,87.96674945497891,86.60607423502803,87.3567886352539,12496896,0.0,0.0
2005-03-07 00:00:00+05:30,87.38810611422585,88.44380135587421,86.90131521752573,88.05671691894531,12252080,0.0,0.0
2005-03-08 00:00:00+05:30,87.97457537826645,89.25313729792678,87.58357726547416,88.52588653564453,10757312,0.0,0.0
2005-03-09 00:00:00+05:30,87.97456519868965,88.86604270187328,87.04790168776704,88.0488510131836,8670176,0.0,0.0
2005-03-10 00:00:00+05:30,87.97457529835732,87.97457529835732,85.82408567995303,87.27273559570312,13265920,0.0,0.0
2005-03-11 00:00:00+05:30,87.58357598758091,87.97457409466833,86.22485756545215,86.59239196777344,9922640,0.0,0.0
2005-03-14 00:00:00+05:30,86.41057985251652,87.62267395904504,85.6285836547562,87.04203796386719,10515408,0.0,0.0
2005-03-15 00:00:00+05:30,86.01956136959485,87.18473733731659,84.45556934469313,86.44184112548828,6268288,0.0,0.0
2005-03-16 00:00:00+05:30,85.86319491184288,86.98535770848727,85.47611055640134,85.74980926513672,10693536,0.0,0.0
2005-03-17 00:00:00+05:30,85.8240773774411,86.17401874504898,84.88959579745782,85.28059387207031,8216112,0.0,0.0
2005-03-18 00:00:00+05:30,85.42134423067061,86.21507220137731,83.8671269426866,86.01761627197266,15457456,0.0,0.0
2005-03-21 00:00:00+05:30,86.3714679132824,87.92764203745871,85.82407065172245,87.44866943359375,14841488,0.0,0.0
2005-03-22 00:00:00+05:30,88.32646461731267,88.36556442458017,86.01957598852937,86.94819641113281,13384816,0.0,0.0
2005-03-23 00:00:00+05:30,86.70380304200599,86.95013368135155,84.11539829440885,84.54940032958984,11986160,0.0,0.0
2005-03-24 00:00:00+05:30,84.84658663215085,85.56993310804705,84.06459044199278,84.42040252685547,12574736,0.0,0.0
2005-03-28 00:00:00+05:30,85.04209291575049,86.68232815500096,84.72929441307186,85.4721908569336,10014304,0.0,0.0
2005-03-29 00:00:00+05:30,85.55035487493568,85.55035487493568,84.06456260562693,84.713623046875,8419616,0.0,0.0
2005-03-30 00:00:00+05:30,84.26207275020155,85.62860961084753,83.7518181673221,84.85834503173828,9733296,0.0,0.0
2005-03-31 00:00:00+05:30,86.98533692620099,90.51605133450998,85.55428974708398,88.2560806274414,17932432,0.0,0.0
2005-04-01 00:00:00+05:30,88.36166089155277,88.36166089155277,86.50247247665928,87.42131805419922,13726912,0.0,0.0
2005-04-04 00:00:00+05:30,87.4662883070148,88.248284626255,86.66082827985602,87.13980102539062,12920176,0.0,0.0
2005-04-05 00:00:00+05:30,87.97457792063992,94.73102741411559,86.52788486150051,86.8582763671875,7810144,0.0,0.0
2005-04-06 00:00:00+05:30,86.99708165345416,87.58357883314036,86.44968428574704,87.43891143798828,9296960,0.0,0.0
2005-04-07 00:00:00+05:30,87.11438688941556,87.7673518837697,85.06360352374334,85.56212615966797,11027536,0.0,0.0
2005-04-08 00:00:00+05:30,85.0616478788052,85.23759704702154,82.81340850715212,83.20049285888672,19671728,0.0,0.0
2005-04-11 00:00:00+05:30,83.20440108762307,83.20440108762307,80.94638691337013,81.24159240722656,11956640,0.0,0.0
2005-04-12 00:00:00+05:30,77.57403235262412,83.28260529792811,77.57403235262412,82.79581451416016,17246368,0.0,0.0
2005-04-13 00:00:00+05:30,83.67360926684158,83.67360926684158,81.60718009814836,82.16826629638672,19030976,0.0,0.0
2005-04-15 00:00:00+05:30,80.15460511522706,80.15460511522706,75.65812726729968,76.52223205566406,34920000,0.0,0.0
2005-04-18 00:00:00+05:30,76.24460204228845,76.24460204228845,74.28961224633234,74.83505249023438,26963280,0.0,0.0
2005-04-19 00:00:00+05:30,75.6190243961282,77.21038458257455,74.28963099929864,74.78228759765625,24550800,0.0,0.0
2005-04-20 00:00:00+05:30,76.24463486720404,76.6219490148501,74.02962952019462,76.16643524169922,26726288,0.0,0.0
2005-04-21 00:00:00+05:30,75.85360173004912,76.24459967711124,74.40690932591932,76.0412826538086,21352304,0.0,0.0
2005-04-22 00:00:00+05:30,77.41760925544833,78.5124037297678,76.15859751915099,78.17028045654297,24501168,0.0,0.0
2005-04-25 00:00:00+05:30,78.90340116899942,78.90340116899942,77.22210966738051,77.74604797363281,13649968,0.0,0.0
2005-04-26 00:00:00+05:30,77.37853933638897,77.40590729964642,76.34435106595012,76.58090209960938,9105984,0.0,0.0
2005-04-27 00:00:00+05:30,74.87612938872628,75.65812551811246,73.42943654936187,74.8428955078125,32434624,0.0,0.0
2005-04-28 00:00:00+05:30,74.68064609634114,74.87614516989176,73.8986498021386,74.50860595703125,22117360,0.0,0.0
2005-04-29 00:00:00+05:30,75.03255664093409,75.03255664093409,73.36690521776876,73.77354431152344,13801088,0.0,0.0
2005-05-02 00:00:00+05:30,74.17232614772641,77.6287496808349,74.17232614772641,74.88198852539062,11048400,0.0,0.0
2005-05-03 00:00:00+05:30,75.26712340798852,75.26712340798852,74.28962829879387,74.34632110595703,10467584,0.0,0.0
2005-05-04 00:00:00+05:30,74.28962917677069,76.12732000377501,74.28962917677069,75.75978088378906,11367104,0.0,0.0
2005-05-05 00:00:00+05:30,77.02663323456069,78.47332634607274,76.28960269855133,78.00999450683594,25562000,0.0,0.0
2005-05-06 00:00:00+05:30,78.31692526006704,79.37262020865506,78.08232638260303,79.04222869873047,15746112,0.0,0.0
2005-05-09 00:00:00+05:30,79.7245163314886,82.24645419484368,79.7245163314886,81.97666931152344,19673888,0.0,0.0
2005-05-10 00:00:00+05:30,82.1096021830858,82.8524985837899,80.15461165491708,80.51432800292969,18254896,0.0,0.0
2005-05-11 00:00:00+05:30,78.00411463288621,81.327598213736,78.00411463288621,80.77824401855469,16088160,0.0,0.0
2005-05-12 00:00:00+05:30,80.65116752125122,80.78019878957225,79.80270364449031,80.59056091308594,11528144,0.0,0.0
2005-05-13 00:00:00+05:30,80.15462120553875,80.15462120553875,78.99726762954654,79.48601531982422,17406320,0.0,0.0
2005-05-16 00:00:00+05:30,79.76361954384627,81.51919735173976,79.76361954384627,81.24549865722656,16266704,0.0,0.0
2005-05-17 00:00:00+05:30,81.48400344797851,82.73519735888797,80.37357267038716,80.7000503540039,21067296,0.0,0.0
2005-05-18 00:00:00+05:30,80.54557621909524,80.61986200989007,77.92979902710388,79.85155487060547,22171344,0.0,0.0
2005-05-19 00:00:00+05:30,80.74110217382673,82.50059350449123,80.74110217382673,81.9825210571289,16827280,0.0,0.0
2005-05-20 00:00:00+05:30,82.6569932217187,84.06458629455781,81.09300091856413,83.6931381225586,15354560,0.0,0.0
2005-05-23 00:00:00+05:30,83.98640084537357,83.98640084537357,82.74693864523397,83.46051025390625,5803728,0.0,0.0
2005-05-24 00:00:00+05:30,84.53770276130705,84.98735057493458,83.61494342978276,84.2796401977539,14293024,0.0,0.0
2005-05-25 00:00:00+05:30,83.32167593190216,86.01956220093138,82.54554106370382,84.89348602294922,26165456,0.0,0.0
2005-05-26 00:00:00+05:30,84.65306928547926,87.11440110593978,84.65306928547926,86.2229232788086,32570192,0.0,0.0
2005-05-27 00:00:00+05:30,83.86906786619123,88.53757999341015,83.86906786619123,87.28443908691406,21380368,0.0,0.0
2005-05-30 00:00:00+05:30,85.86708467597848,87.62070518427929,85.65203575073964,87.11436462402344,14170784,0.0,0.0
2005-05-31 00:00:00+05:30,86.60607827056178,88.28737008348917,86.48877884175289,87.9921646118164,13518880,0.0,0.0
2005-06-01 00:00:00+05:30,88.42550145517481,88.66077995128614,86.5824865689694,87.1314697265625,12398224,0.40625,0.0
2005-06-02 00:00:00+05:30,87.24907867444739,87.52357015791756,86.10405897238674,86.32169342041016,7483248,0.0,0.0
2005-06-03 00:00:00+05:30,86.62165777508068,89.205794845353,85.87660956424929,88.45879364013672,12687696,0.0,0.0
2005-06-06 00:00:00+05:30,87.65297326558601,88.50389493085866,86.39815508313697,86.91380310058594,7686736,0.0,0.0
2005-06-07 00:00:00+05:30,86.30794497643387,87.99410655480128,86.30794497643387,87.556884765625,9777760,0.0,0.0
2005-06-08 00:00:00+05:30,87.15886169176063,90.38609826467449,87.15886169176063,90.04298400878906,16625040,0.0,0.0
2005-06-09 00:00:00+05:30,89.31364191498646,89.79792714185578,87.33142895500254,87.70983123779297,12899920,0.0,0.0
2005-06-10 00:00:00+05:30,88.22941615738051,89.013677634335,86.26876246499427,86.7491226196289,11626192,0.0,0.0
2005-06-13 00:00:00+05:30,86.87066314618704,87.99411357431944,86.87066314618704,87.2118148803711,10288592,0.0,0.0
2005-06-14 00:00:00+05:30,87.83921394046284,88.62151254580198,87.24905549310151,87.64706420898438,7697024,0.0,0.0
2005-06-15 00:00:00+05:30,87.837294679635,88.7784085512025,87.45300460071051,88.49018859863281,13633088,0.0,0.0
2005-06-16 00:00:00+05:30,88.22941054723493,89.99007362164271,87.65101774475862,89.42344665527344,17220736,0.0,0.0
2005-06-17 00:00:00+05:30,89.40578192644561,90.1076919112921,88.77837293047055,89.7234115600586,15500416,0.0,0.0
2005-06-20 00:00:00+05:30,89.99397074822494,93.43099155328298,87.62942136680672,92.97808837890625,24363104,0.0,0.0
2005-06-21 00:00:00+05:30,92.15068494399505,94.11133781514387,91.41936525245667,93.85645294189453,19560928,0.0,0.0
2005-06-22 00:00:00+05:30,92.360505443663,94.65838553164373,92.360505443663,93.6819839477539,25721616,0.0,0.0
2005-06-23 00:00:00+05:30,93.91527169190886,93.91527169190886,91.68600556785947,91.92520904541016,16440688,0.0,0.0
2005-06-24 00:00:00+05:30,90.97431111455437,91.95463774294396,90.27240107802831,90.7017822265625,15599808,0.0,0.0
2005-06-27 00:00:00+05:30,89.40968741336425,92.5820196227096,89.40968741336425,91.69580078125,14611440,0.0,0.0
2005-06-28 00:00:00+05:30,91.91539430889418,91.91539430889418,89.71946338683868,89.90376281738281,14810544,0.0,0.0
2005-06-29 00:00:00+05:30,90.66062805471171,91.56252876632865,90.19203373011598,91.15666961669922,12836352,0.0,0.0
2005-06-30 00:00:00+05:30,91.83700790251602,93.71335708978894,91.75858176425596,92.4742202758789,19464224,0.0,0.0
2005-07-01 00:00:00+05:30,91.95466875126753,92.77814339680127,91.29588712013945,92.19190979003906,6114256,0.0,0.0
2005-07-04 00:00:00+05:30,92.15065826425005,94.10934800074173,91.45658926351246,93.88387298583984,7411168,0.0,0.0
2005-07-05 00:00:00+05:30,93.71923798592526,94.07215561850825,90.98020119697706,91.37821960449219,9015648,0.0,0.0
2005-07-06 00:00:00+05:30,91.36646750259321,92.53501908749902,90.89591058841675,91.98014831542969,18818304,0.0,0.0
2005-07-07 00:00:00+05:30,92.22911039526178,93.08787251724613,90.45079442452446,90.97036743164062,14838352,0.0,0.0
2005-07-08 00:00:00+05:30,92.07227163082636,92.38597613382747,90.59197850728987,91.56053924560547,10736608,0.0,0.0
2005-07-11 00:00:00+05:30,92.15072419747916,92.54285493874504,90.38809843018997,90.80963897705078,18666000,0.0,0.0
2005-07-12 00:00:00+05:30,90.97430244750633,90.97430244750633,86.08639817342338,87.10201263427734,48402112,0.0,0.0
2005-07-13 00:00:00+05:30,87.24907155861777,88.2588080047456,86.26874491189173,86.4804916381836,31356000,0.0,0.0
2005-07-14 00:00:00+05:30,86.85695326879346,87.14712616814548,83.33561753759714,83.75324249267578,29139952,0.0,0.0
2005-07-15 00:00:00+05:30,86.07270613882118,86.4648369184969,83.88265190493013,86.10799407958984,16012224,0.0,0.0
2005-07-18 00:00:00+05:30,86.11583363297594,89.4058066354671,86.11583363297594,89.09210205078125,23144736,0.0,0.0
2005-07-19 00:00:00+05:30,89.09208962268131,89.40579416360625,88.22940213513775,88.48036193847656,11030832,0.0,0.0
2005-07-20 00:00:00+05:30,88.80583332165985,88.80583332165985,87.48435484272535,87.57454681396484,10432608,0.0,0.0
2005-07-21 00:00:00+05:30,88.80583971755343,91.01941565428588,86.11190366248515,86.62167358398438,12175056,0.0,0.0
2005-07-22 00:00:00+05:30,86.73930424147647,88.1509746540864,85.37272502653495,87.78825378417969,17876544,0.0,0.0
2005-07-25 00:00:00+05:30,87.64121161348821,88.57055945952115,87.06281882990926,87.40200805664062,9055424,0.0,0.0
2005-07-26 00:00:00+05:30,87.44516413561561,87.6412295260542,86.62168949577348,87.30399322509766,8063296,0.0,0.0
2005-07-27 00:00:00+05:30,87.64120737663434,87.99412499023153,86.97458521761745,87.46867370605469,7306432,0.0,0.0
2005-07-28 00:00:00+05:30,87.46867370605469,87.46867370605469,87.46867370605469,87.46867370605469,0,0.0,0.0
2005-07-29 00:00:00+05:30,87.09222272530661,89.91556357907612,87.09222272530661,88.952880859375,28194400,0.0,0.0
2005-08-01 00:00:00+05:30,86.34717789593489,89.18620026075055,86.34717789593489,88.79995727539062,7299632,0.0,0.0
2005-08-02 00:00:00+05:30,89.18619023139414,90.50375303038814,88.64309503118392,90.15867614746094,13529184,0.0,0.0
2005-08-03 00:00:00+05:30,90.58219093888626,92.7389097707645,90.58219093888626,92.38795471191406,16539600,0.0,0.0
2005-08-04 00:00:00+05:30,92.73892533117012,93.40554762741955,90.3194804412482,90.71945190429688,11645728,0.0,0.0
2005-08-05 00:00:00+05:30,90.4253476846434,90.81944098886319,89.26856201391617,89.85675811767578,11954224,0.0,0.0
2005-08-08 00:00:00+05:30,89.87834260332019,89.87834260332019,88.22943066224242,89.03917694091797,9654112,0.0,0.0
2005-08-09 00:00:00+05:30,88.23921325104698,89.74695392028259,88.23921325104698,88.78231811523438,11292352,0.0,0.0
2005-08-10 00:00:00+05:30,89.56265407751755,91.24881612888937,89.32737565174473,90.77825927734375,12802928,0.0,0.0
2005-08-11 00:00:00+05:30,91.01352065228684,91.16841033886891,89.60185036211782,89.93123626708984,8460864,0.0,0.0
2005-08-12 00:00:00+05:30,90.58218686450105,90.58218686450105,88.3156696247926,88.67839050292969,11763968,0.0,0.0
2005-08-16 00:00:00+05:30,88.31565400877136,88.62151779906128,87.4451259698702,88.22742462158203,12505248,0.0,0.0
2005-08-17 00:00:00+05:30,88.15098551018642,91.32331919313988,87.74512638717702,90.89197540283203,20196512,0.0,0.0
2005-08-18 00:00:00+05:30,90.89591525920129,90.97434141559404,89.75285785917907,90.13713836669922,11132480,0.0,0.0
2005-08-19 00:00:00+05:30,90.97433929586421,90.97433929586421,89.13916536433281,90.2449722290039,7624864,0.0,0.0
2005-08-22 00:00:00+05:30,90.97432644996566,91.75858788487915,89.9547865845781,90.77629852294922,11903376,0.0,0.0
2005-08-23 00:00:00+05:30,90.58218137441602,91.17037735736677,89.50185950436267,89.60969543457031,14301312,0.0,0.0
2005-08-24 00:00:00+05:30,89.99401194277586,89.99401194277586,88.24118931114047,88.78624725341797,12144704,0.0,0.0
2005-08-25 00:00:00+05:30,89.01368121213378,90.44103332815993,88.87055731623863,89.08426666259766,9222448,0.0,0.0
2005-08-26 00:00:00+05:30,89.4057609192761,90.57431181441211,88.62149985858069,88.9861831665039,11712048,0.0,0.0
2005-08-29 00:00:00+05:30,89.60183383634558,90.45275524516796,88.23133943044152,90.2370834350586,11452032,0.0,0.0
2005-08-30 00:00:00+05:30,90.54295784587214,92.22715690106371,90.26846641888163,92.02912902832031,13123360,0.0,0.0
2005-08-31 00:00:00+05:30,92.2271928001032,93.44476073274448,91.37823352842926,93.1741943359375,12841792,0.0,0.0
2005-09-01 00:00:00+05:30,94.19373483714226,96.17007006223012,94.1545217606643,95.11719512939453,13538608,0.0,0.0
2005-09-02 00:00:00+05:30,95.09170438393967,96.06419053316496,93.32711605516553,93.55062866210938,10917808,0.0,0.0
2005-09-05 00:00:00+05:30,93.56237578480622,94.50348937191241,92.15070540414695,92.33696746826172,10117952,0.0,0.0
2005-09-06 00:00:00+05:30,93.71923924299263,93.71923924299263,91.95857619289183,92.69969940185547,9057808,0.0,0.0
2005-09-08 00:00:00+05:30,93.08007131539543,95.22502453642623,92.73891948821576,94.98974609375,11959088,0.0,0.0
2005-09-09 00:00:00+05:30,94.73875861781983,95.47204096891141,94.15056268269264,94.78581237792969,9509824,0.0,0.0
2005-09-12 00:00:00+05:30,95.09171837905515,95.64070149547031,94.72115669017607,95.0113296508789,6922720,0.0,0.0
2005-09-13 00:00:00+05:30,95.44464098589378,96.0720502939358,94.76233719280059,95.92696380615234,11051552,0.0,0.0
2005-09-14 00:00:00+05:30,95.78187232103608,96.93473303501132,94.8956528902619,95.90342712402344,12849776,0.0,0.0
2005-09-15 00:00:00+05:30,95.9935869189126,96.2680783847755,95.48381705373863,96.09358215332031,6199904,0.0,0.0
2005-09-16 00:00:00+05:30,96.26805961702762,96.62097714719188,95.67986373342053,95.952392578125,6707744,0.0,0.0
2005-09-19 00:00:00+05:30,96.07201254674347,96.46414321019957,95.3348049847455,96.08377838134766,6897808,0.0,0.0
2005-09-20 00:00:00+05:30,96.22885637537975,98.77770546437718,95.37400968929258,98.173828125,12896112,0.0,0.0
2005-09-21 00:00:00+05:30,98.38559581440056,98.42480888566975,95.09169782778851,96.54061889648438,13787296,0.0,0.0
2005-09-22 00:00:00+05:30,96.2602467687729,96.79353878009503,94.11333117248789,94.60153198242188,10259648,0.0,0.0
2005-09-23 00:00:00+05:30,94.85644048309622,95.67991516277586,93.0291071264048,94.05453491210938,13589840,0.0,0.0
2005-09-26 00:00:00+05:30,94.85642457070293,97.82485231288601,93.97413041905315,97.49742889404297,9939280,0.0,0.0
2005-09-27 00:00:00+05:30,97.49742118780024,98.30716726024329,96.4661155240192,97.16214752197266,14758576,0.0,0.0
2005-09-28 00:00:00+05:30,96.856277167289,97.02881083567574,95.09168912173111,96.88764953613281,16086176,0.0,0.0
2005-09-29 00:00:00+05:30,97.05235873690421,99.60120856231786,96.9405976459266,99.06006622314453,22313104,0.0,0.0
2005-09-30 00:00:00+05:30,99.60118253095386,100.42465687471372,98.11108609938842,98.63262176513672,14860080,0.0,0.0
2005-10-03 00:00:00+05:30,99.01301686057758,100.38547452003114,99.01301686057758,100.11294555664062,8202864,0.0,0.0
2005-10-04 00:00:00+05:30,100.38151574630369,103.38524018959512,99.40903944656075,103.04605102539062,21453312,0.0,0.0
2005-10-05 00:00:00+05:30,103.01274619135715,104.3459907176252,101.2991367590606,103.52055358886719,24255616,0.0,0.0
2005-10-06 00:00:00+05:30,102.73824015329458,104.49890311125324,101.32656967790581,102.31082153320312,25993216,0.0,0.0
2005-10-07 00:00:00+05:30,102.31078325609475,103.44011155509237,100.39522173438952,100.87361907958984,17069872,0.0,0.0
2005-10-10 00:00:00+05:30,102.93430354472666,103.75777797308447,101.248141619994,102.82843017578125,19278240,0.0,0.0
2005-10-11 00:00:00+05:30,104.38519309213682,107.05168187134993,103.13037484309535,105.20474243164062,31311840,0.0,0.0
2005-10-13 00:00:00+05:30,103.99305518966293,105.2478733518308,101.69909073694977,102.84214782714844,32686992,0.0,0.0
2005-10-14 00:00:00+05:30,103.28724235492143,103.67937311557034,101.56186700806626,102.0128173828125,18580464,0.0,0.0
2005-10-17 00:00:00+05:30,102.91696169052793,103.34545093114757,101.5115830119808,101.88504028320312,15537200,0.40625,0.0
2005-10-18 00:00:00+05:30,101.89487949648114,103.07225089524029,98.86790969662425,99.47920227050781,26224816,0.0,0.0
2005-10-19 00:00:00+05:30,98.86787970903413,99.22168126664101,97.13818320517827,98.42366027832031,24415248,0.0,0.0
2005-10-20 00:00:00+05:30,99.22170556830253,101.22658155244811,97.93819566450483,99.795654296875,20649696,0.0,0.0
2005-10-21 00:00:00+05:30,99.85069120427252,101.10865266826336,99.10377658502797,100.36959838867188,14781568,0.0,0.0
2005-10-24 00:00:00+05:30,100.63692382624048,101.21479799277698,98.09545222563818,98.72246551513672,8743696,0.0,0.0
2005-10-25 00:00:00+05:30,99.65410220731667,100.57594987234177,98.55338628550015,99.11553955078125,12948432,0.0,0.0
2005-10-26 00:00:00+05:30,98.23889100358076,100.03541462184519,96.39126080063227,98.67720794677734,10297408,0.0,0.0
2005-10-27 00:00:00+05:30,98.86988564303878,99.26103115323468,95.96870982290463,96.95149230957031,16793296,0.0,0.0
2005-10-28 00:00:00+05:30,96.3126430993226,96.86300105989017,94.34707895443847,94.95246887207031,12237088,0.0,0.0
2005-10-31 00:00:00+05:30,94.50431183697975,99.61477795129231,94.50431183697975,99.14107513427734,14165904,0.0,0.0
2005-11-02 00:00:00+05:30,100.24378031935841,102.36265481731203,98.16224962398813,101.67864227294922,16822304,0.0,0.0
2005-11-04 00:00:00+05:30,101.67864227294922,101.67864227294922,101.67864227294922,101.67864227294922,0,0.0,0.0
2005-11-07 00:00:00+05:30,99.61479771265593,104.56408473081528,99.61479771265593,103.71693420410156,17561600,0.0,0.0
2005-11-08 00:00:00+05:30,103.66384896973453,104.76456484806315,103.39456285336539,103.93116760253906,13967440,0.0,0.0
2005-11-09 00:00:00+05:30,104.76454639015923,105.31490423235894,102.13265848570715,102.56900787353516,11048208,0.0,0.0
2005-11-10 00:00:00+05:30,102.60248585884891,104.80391850562881,102.28996296509763,104.33021545410156,14055392,0.0,0.0
2005-11-11 00:00:00+05:30,104.56412147712615,106.0618858238627,104.25553353520314,105.39556121826172,11651168,0.0,0.0
2005-11-14 00:00:00+05:30,105.62943073205652,106.49427906704172,103.43193357442799,104.28105163574219,12823568,0.0,0.0
2005-11-16 00:00:00+05:30,104.76460759195226,108.05889623422804,104.37149461787364,107.74047088623047,22726016,0.0,0.0
2005-11-17 00:00:00+05:30,107.71295363028233,107.90951011500913,105.79063504864814,106.41764831542969,13644064,0.0,0.0
2005-11-18 00:00:00+05:30,106.9267205735614,107.88984728461001,106.14835502636,106.70657348632812,13989968,0.0,0.0
2005-11-21 00:00:00+05:30,106.88738688204242,107.31784354524494,104.48939843047765,105.23631286621094,14338112,0.0,0.0
2005-11-22 00:00:00+05:30,105.74736282431262,106.92670144317111,104.84320321652109,105.2186279296875,12690544,0.0,0.0
2005-11-23 00:00:00+05:30,105.19701648252958,105.96358666990227,104.72528098260793,105.47808837890625,10239136,0.0,0.0
2005-11-24 00:00:00+05:30,105.47221293364125,107.2805326484931,105.47221293364125,106.17784881591797,16120992,0.0,0.0
2005-11-25 00:00:00+05:30,107.1232874883698,108.49918292400024,106.45499541963503,107.73261260986328,13458752,0.0,0.0
2005-11-28 00:00:00+05:30,108.10603781188249,108.77432968199231,107.75223623358906,108.43624877929688,12002480,0.0,0.0
2005-11-29 00:00:00+05:30,108.1060526663797,108.1060526663797,106.62008391386878,107.55569458007812,12830160,0.0,0.0
2005-11-30 00:00:00+05:30,107.71291077119045,108.37726758622482,105.20681658810162,105.52916717529297,12375648,0.0,0.0
2005-12-01 00:00:00+05:30,105.74736221785433,109.4819344894886,104.80389132817831,108.80970764160156,19262256,0.0,0.0
2005-12-02 00:00:00+05:30,109.48194576201787,113.79439247810234,109.48194576201787,111.69123840332031,34275584,0.0,0.0
2005-12-05 00:00:00+05:30,112.62683842850123,112.99636069115856,109.20675642386612,109.57627868652344,10846704,0.0,0.0
2005-12-06 00:00:00+05:30,109.67849308446623,111.32956717390981,108.97482487105346,109.83377075195312,12751936,0.0,0.0
2005-12-07 00:00:00+05:30,110.071633663513,111.09372740467418,109.12816251782574,110.14436340332031,15383456,0.0,0.0
2005-12-08 00:00:00+05:30,110.46474648117066,111.71484766689582,109.87507701596869,110.90896606445312,12289840,0.0,0.0
2005-12-09 00:00:00+05:30,111.05438674022164,113.57030913008862,110.54530748864346,112.96295166015625,11613184,0.0,0.0
2005-12-12 00:00:00+05:30,113.33444159127237,115.41793982378621,112.67991249495667,115.02679443359375,12087616,0.0,0.0
2005-12-13 00:00:00+05:30,115.41793202336864,116.16484643360161,114.15997091139732,115.848388671875,17659152,0.0,0.0
2005-12-14 00:00:00+05:30,115.57517461187983,115.85035359905098,112.54820575299728,113.43467712402344,17530304,0.0,0.0
2005-12-15 00:00:00+05:30,112.62685093591635,115.32753476137516,112.62685093591635,114.69658660888672,24098512,0.0,0.0
2005-12-16 00:00:00+05:30,115.9683562610326,118.01254423580333,114.19934743671176,117.23811340332031,22891984,0.0,0.0
2005-12-19 00:00:00+05:30,115.33931981150205,119.30975992771259,115.33931981150205,118.86750793457031,11425008,0.0,0.0
2005-12-20 00:00:00+05:30,118.32702003622573,118.32702003622573,116.19438188441003,116.7624282836914,6876768,0.0,0.0
2005-12-21 00:00:00+05:30,116.55796912737179,118.20904322630926,115.4965643494834,116.91766357421875,10226992,0.0,0.0
2005-12-22 00:00:00+05:30,117.85522764733744,118.0124727809563,116.83313427881484,117.25769805908203,7761200,0.0,0.0
2005-12-23 00:00:00+05:30,117.54469958093559,118.52157944138372,116.95109522500184,117.19285583496094,10458144,0.0,0.0
2005-12-26 00:00:00+05:30,117.22629311842603,117.54078350908578,115.57915353633956,116.00370788574219,6277424,0.0,0.0
2005-12-27 00:00:00+05:30,116.16482360627285,117.93186358901106,114.8321751541471,117.71368408203125,6468448,0.0,0.0
2005-12-28 00:00:00+05:30,117.89459248185068,117.93390378311172,116.4400743351923,117.48771667480469,6864528,0.0,0.0
2005-12-29 00:00:00+05:30,117.73731577544652,119.11321095145341,116.79384479761322,117.44051361083984,17621552,0.0,0.0
2005-12-30 00:00:00+05:30,118.32699828547193,118.6768649729702,116.9196520009851,117.81005859375,13610048,0.0,0.0
2006-01-02 00:00:00+05:30,118.20901570619395,118.20901570619395,116.87243222298459,117.12206268310547,6648000,0.0,0.0
2006-01-03 00:00:00+05:30,117.54073653800154,118.52351861607848,117.1102799073001,118.20509338378906,7959936,0.0,0.0
2006-01-04 00:00:00+05:30,118.37022344194544,120.48909803163274,117.74516820263935,120.10778045654297,12552928,0.0,0.0
2006-01-05 00:00:00+05:30,120.44982346176376,120.68175629327366,119.55549138482019,120.09208679199219,7556560,0.0,0.0
2006-01-06 00:00:00+05:30,119.89943619743053,120.68566200856122,118.65130272226057,120.02523040771484,17007808,0.0,0.0
2006-01-09 00:00:00+05:30,120.6857084513016,121.07488653858309,118.92652752192187,119.34323120117188,16070784,0.0,0.0
2006-01-10 00:00:00+05:30,120.10583944231982,120.10583944231982,116.40074972218606,116.95700073242188,21501040,0.0,0.0
2006-01-12 00:00:00+05:30,115.96831965623646,115.96831965623646,108.61907501311178,111.5575942993164,78601776,0.0,0.0
2006-01-13 00:00:00+05:30,112.0372207533342,113.17724861363129,111.29030594831197,111.82494354248047,15359696,0.0,0.0
2006-01-16 00:00:00+05:30,111.26275926931291,112.23374632856056,108.98270417752428,109.29522705078125,22288528,0.0,0.0
2006-01-17 00:00:00+05:30,110.07163952426606,110.58071893756873,108.11000950173845,108.5856704711914,15081376,0.0,0.0
2006-01-18 00:00:00+05:30,108.89228101501163,108.89228101501163,106.1444254883194,107.7090072631836,20814656,0.0,0.0
2006-01-19 00:00:00+05:30,108.10604481203966,111.59295422884419,108.10604481203966,110.8932113647461,17848192,0.0,0.0
2006-01-20 00:00:00+05:30,111.8406175880771,112.62684337077008,110.15023215528717,110.60624694824219,11981008,0.0,0.0
2006-01-23 00:00:00+05:30,110.1502042470143,110.1502042470143,107.5635201578346,107.89569854736328,17982992,0.0,0.0
2006-01-24 00:00:00+05:30,108.6564066594992,111.29026311615131,108.49916149790802,110.93449401855469,12704704,0.0,0.0
2006-01-25 00:00:00+05:30,111.29026196617956,112.62684582589347,110.50797113434015,111.16643524169922,17247776,0.0,0.0
2006-01-27 00:00:00+05:30,112.23372295206218,114.4312200283129,111.95854394657552,114.11672973632812,16767456,0.0,0.0
2006-01-30 00:00:00+05:30,114.0027152472823,114.94618599415637,112.12166660670984,112.54230499267578,8504976,0.0,0.0
2006-01-31 00:00:00+05:30,109.34633450949904,113.60964253207975,109.34633450949904,113.22832489013672,4869184,0.0,0.0
2006-02-01 00:00:00+05:30,113.45239423423901,114.98553469686387,112.31433419494118,113.06124877929688,12155984,0.0,0.0
2006-02-02 00:00:00+05:30,112.43029591593435,114.39586052984929,110.75170565514769,111.17626953125,11890224,0.0,0.0
2006-02-03 00:00:00+05:30,111.17228061751422,111.17621558382602,109.33447859528339,109.55265808105469,13423888,0.0,0.0
2006-02-06 00:00:00+05:30,109.6785123719389,112.0391575415916,109.48981623760864,111.74235534667969,8457248,0.0,0.0
2006-02-07 00:00:00+05:30,111.64406153404208,113.60962599766958,111.26471143155507,112.92561340332031,12724864,0.0,0.0
2006-02-08 00:00:00+05:30,111.64407718516235,114.3958678200079,110.91092537644354,114.10692596435547,20326704,0.0,0.0
2006-02-10 00:00:00+05:30,113.60961080843968,114.78894932894252,111.95853687973572,112.60128021240234,23660048,0.0,0.0
2006-02-13 00:00:00+05:30,112.50895017890964,113.21655363915436,112.0372145387465,112.51091766357422,13821120,0.0,0.0
2006-02-14 00:00:00+05:30,112.61896250149896,112.61896250149896,110.72416063013625,110.93250274658203,13125968,0.0,0.0
2006-02-15 00:00:00+05:30,110.85785259750367,111.82883967061618,108.36552031781588,109.13404846191406,28173536,0.0,0.0
2006-02-16 00:00:00+05:30,109.28538990997234,111.13498808675826,108.9964480796703,109.3286361694336,13848576,0.0,0.0
2006-02-17 00:00:00+05:30,108.10605044015783,109.99299241147695,107.94880527588124,109.4996337890625,15374384,0.0,0.0
2006-02-20 00:00:00+05:30,109.48194316142958,111.5516787506049,108.10604800500228,111.18804931640625,12612320,0.0,0.0
2006-02-21 00:00:00+05:30,111.25095256410034,111.78951532662782,110.22885900697435,110.76349639892578,8554512,0.0,0.0
2006-02-22 00:00:00+05:30,110.73989139959399,110.85782525624957,109.33648042488889,110.09125518798828,11238448,0.0,0.0
2006-02-23 00:00:00+05:30,110.46472598621392,111.6794410201652,109.12814211307112,109.85736846923828,18668240,0.0,0.0
2006-02-24 00:00:00+05:30,109.85540523592454,110.46079529230897,108.11784805310313,108.4028549194336,10003424,0.0,0.0
2006-02-27 00:00:00+05:30,108.89228823902631,112.37330536558662,108.78811714522816,112.0588150024414,19161632,0.0,0.0
2006-02-28 00:00:00+05:30,112.37330445247258,113.53102017289675,110.17187192834439,111.20968627929688,22055488,0.0,0.0
2006-03-01 00:00:00+05:30,110.81854351065265,114.59046044530515,109.87507240591492,114.20520782470703,20575840,0.0,0.0
2006-03-02 00:00:00+05:30,114.3958595763331,114.71034991193812,111.84062559954214,112.20622253417969,17470960,0.0,0.0
2006-03-03 00:00:00+05:30,112.43027495133785,113.2951232201943,110.1128766231484,111.0288314819336,13667856,0.0,0.0
2006-03-06 00:00:00+05:30,111.01509922114437,113.09466292775919,110.8578540381116,112.23374938964844,10632720,0.0,0.0
2006-03-07 00:00:00+05:30,112.43025680788233,112.43025680788233,110.18951392744552,110.83815002441406,18575472,0.0,0.0
2006-03-08 00:00:00+05:30,111.05442252142109,111.9349918025968,109.01023492102678,110.1168441772461,27120256,0.0,0.0
2006-03-09 00:00:00+05:30,109.56058368555392,112.2337518558509,109.28540460919982,111.76201629638672,14531072,0.0,0.0
2006-03-10 00:00:00+05:30,112.43031564780937,114.94623879517293,111.72271226261336,114.5334701538086,19642368,0.0,0.0
2006-03-13 00:00:00+05:30,115.02482033492979,116.92748269696601,114.39583977260618,115.38648223876953,17846048,0.0,0.0
2006-03-14 00:00:00+05:30,117.83166310900525,117.83166310900525,114.23861484983118,115.27839660644531,14881840,0.0,0.0
2006-03-16 00:00:00+05:30,115.41792900269084,115.53586285385163,114.18551641906805,114.85971069335938,20640000,0.0,0.0
2006-03-17 00:00:00+05:30,115.92903345957524,115.92903345957524,112.63277683808317,113.1359634399414,13591168,0.0,0.0
2006-03-20 00:00:00+05:30,113.01994888601219,117.18694526233125,113.01994888601219,116.63265228271484,14761520,0.0,0.0
2006-03-21 00:00:00+05:30,116.75451843689619,117.85523443562786,114.9855105817917,116.35157775878906,16013216,0.0,0.0
2006-03-22 00:00:00+05:30,116.36143807189106,116.36143807189106,114.04207156978242,114.78898620605469,7442064,0.0,0.0
2006-03-23 00:00:00+05:30,114.78895449158533,115.96829306512902,113.21650306019376,113.62730407714844,15045728,0.0,0.0
2006-03-24 00:00:00+05:30,113.62730295795814,114.59042945019901,113.21650194504971,113.85924530029297,10750080,0.0,0.0
2006-03-27 00:00:00+05:30,114.39588084669218,114.39588084669218,112.82736384521098,113.18902587890625,9298704,0.0,0.0
2006-03-28 00:00:00+05:30,113.99093947123698,117.0493595857878,113.41306545927718,116.36141204833984,17541456,0.0,0.0
2006-03-29 00:00:00+05:30,117.16141197832087,119.66160437027,116.01155669686892,119.3707046508789,13873744,0.0,0.0
2006-03-30 00:00:00+05:30,119.70680986515471,120.84290227723913,118.4154301836739,119.62425231933594,17695040,0.0,0.0
2006-03-31 00:00:00+05:30,119.86009847206155,119.86009847206155,116.75450720302486,117.20265197753906,15430112,0.0,0.0
2006-04-03 00:00:00+05:30,117.93391274339278,124.02716490180141,117.93391274339278,123.52201080322266,25084640,0.0,0.0
2006-04-04 00:00:00+05:30,125.08852160079651,125.24183178890686,122.65711453709908,123.93669891357422,18142096,0.0,0.0
2006-04-05 00:00:00+05:30,124.02711888647106,125.12783499703245,121.9043092446741,122.44483947753906,15241792,0.0,0.0
2006-04-07 00:00:00+05:30,132.28444229186823,135.5846227676589,124.0172770879304,124.49884033203125,62828320,0.0,0.0
2006-04-10 00:00:00+05:30,126.54304697473616,128.5479228354729,124.7524157325619,125.37550354003906,17288448,0.0,0.0
2006-04-12 00:00:00+05:30,126.77888939607371,127.36462368173281,120.51070715612688,120.90774536132812,27119824,0.0,0.0
2006-04-13 00:00:00+05:30,121.70773506879382,123.62219267702694,117.22624869998165,118.67487335205078,41107040,0.0,0.0
2006-04-17 00:00:00+05:30,122.84782930913934,127.55732561303185,121.86898164419878,126.97354888916016,41311184,0.0,0.0
2006-04-18 00:00:00+05:30,127.97201942362348,131.57489552943827,127.97201942362348,131.14247131347656,25208544,0.0,0.0
2006-04-19 00:00:00+05:30,131.692790617846,131.96796958331612,127.76166253970133,128.89382934570312,14768784,0.0,0.0
2006-04-20 00:00:00+05:30,128.9409970408959,129.33410983675228,127.21719359207349,128.80734252929688,12678016,0.0,0.0
2006-04-21 00:00:00+05:30,129.33415767859879,130.69825766531702,127.8403285017639,129.79409790039062,15791040,0.0,0.0
2006-04-24 00:00:00+05:30,130.12033155717882,130.12033155717882,125.20642175517057,125.98478698730469,17742992,0.0,0.0
2006-04-25 00:00:00+05:30,126.18923812795971,126.18923812795971,122.25810921431611,123.51017761230469,20161728,0.0,0.0
2006-04-26 00:00:00+05:30,124.22364319107726,127.56510194779928,123.8305303961688,126.77690887451172,13430896,0.0,0.0
2006-04-27 00:00:00+05:30,127.05411112416057,127.05411112416057,122.336755513115,123.15049743652344,30133936,0.0,0.0
2006-04-28 00:00:00+05:30,123.43745358672462,123.90918907813885,117.96924917642136,123.42369079589844,14637024,0.0,0.0
2006-05-02 00:00:00+05:30,125.37938370627161,127.17198178620666,123.90914577747246,124.39070892333984,15986176,0.0,0.0
2006-05-03 00:00:00+05:30,124.8919915864091,125.47969356184979,123.40602262820701,124.67184448242188,11678928,0.0,0.0
2006-05-04 00:00:00+05:30,124.6954282553255,126.75533628284477,124.6954282553255,126.24036407470703,7749232,0.0,0.0
2006-05-05 00:00:00+05:30,126.38583426244999,127.72241851281494,125.40305172541694,126.27183532714844,8049840,0.0,0.0
2006-05-08 00:00:00+05:30,127.17204375537702,127.34894458903983,126.58237430983432,126.90669250488281,4936400,0.0,0.0
2006-05-09 00:00:00+05:30,126.46438182828652,128.27270062346872,125.05506866739707,127.25650024414062,9276272,0.0,0.0
2006-05-10 00:00:00+05:30,127.17203551894643,128.62655339041507,127.17203551894643,128.0074005126953,7891680,0.0,0.0
2006-05-11 00:00:00+05:30,127.87961800199388,128.65601592868904,126.39168193386617,127.99951934814453,8911760,0.0,0.0
2006-05-12 00:00:00+05:30,127.1720405168917,129.13760528531353,125.4423435206805,127.45901489257812,8930512,0.0,0.0
2006-05-15 00:00:00+05:30,125.40303832789205,127.72240486749884,122.29744584265585,123.87383270263672,14559856,0.0,0.0
2006-05-16 00:00:00+05:30,124.22367256457126,129.7272529946472,120.33185497473184,123.83252716064453,13823072,0.0,0.0
2006-05-17 00:00:00+05:30,125.39904042201769,127.72234076429365,124.42019344998135,126.11843872070312,10362320,0.0,0.0
2006-05-18 00:00:00+05:30,125.52487553681377,125.52487553681377,117.93386210687501,119.26847839355469,16559056,0.0,0.0
2006-05-19 00:00:00+05:30,122.65125051432912,123.63403297037343,115.26269392928502,116.92948913574219,20115264,0.0,0.0
2006-05-22 00:00:00+05:30,118.90484125790053,121.77456504933438,109.08881535930053,111.0032730102539,21428240,0.0,0.0
2006-05-23 00:00:00+05:30,111.25094287172931,115.77174090361937,108.94533971445827,114.42139434814453,16092064,0.0,0.0
2006-05-24 00:00:00+05:30,115.57519558259023,115.61450687360471,110.51189938042774,112.46763610839844,18099376,0.0,0.0
2006-05-25 00:00:00+05:30,112.76850847843913,114.23887842554329,111.53323506401101,112.71073150634766,27061504,2.40625,0.0
2006-05-26 00:00:00+05:30,114.36236647149008,118.5343992887253,114.23883528533625,116.92256927490234,14654752,0.0,0.0
2006-05-29 00:00:00+05:30,117.15168092143446,118.90497138420423,116.67351079522453,118.25545501708984,6655264,0.0,0.0
2006-05-30 00:00:00+05:30,118.50656107258604,122.92963715834833,117.80922925726315,120.59855651855469,16896048,0.0,0.0
2006-05-31 00:00:00+05:30,118.34712639861611,119.50270440048811,113.56542432190435,115.95030212402344,19133968,0.0,0.0
2006-06-01 00:00:00+05:30,117.51031663362541,118.14787684594755,111.77626336541184,112.76248931884766,23703648,0.0,0.0
2006-06-02 00:00:00+05:30,113.56543582591098,115.55781189303222,111.97153497221399,114.99994659423828,16122752,0.0,0.0
2006-06-05 00:00:00+05:30,116.27508086766503,116.51416602366433,111.98150994117739,112.53937530517578,16765696,0.0,0.0
2006-06-06 00:00:00+05:30,111.57304094665898,113.32433726869586,109.40334572107213,110.1943130493164,11165872,0.0,0.0
2006-06-07 00:00:00+05:30,109.7400682829499,111.17457897945906,107.58830223818619,110.10865783691406,15958592,0.0,0.0
2006-06-08 00:00:00+05:30,110.99127490044806,110.99127490044806,103.81673692799141,107.7397232055664,26215328,0.0,0.0
2006-06-09 00:00:00+05:30,106.91687963459438,112.5692547792037,106.91687963459438,111.35987854003906,14375360,0.0,0.0
2006-06-12 00:00:00+05:30,111.57305726322349,113.48573824487875,108.58449322938715,110.1066665649414,12858304,0.0,0.0
2006-06-13 00:00:00+05:30,109.46114983860873,109.58069241214926,104.41446475033266,105.16160583496094,14349504,0.0,0.0
2006-06-14 00:00:00+05:30,107.37709973121306,108.34539631850332,97.62641448338843,99.02904510498047,34819152,0.0,0.0
2006-06-15 00:00:00+05:30,102.00966034279149,110.01901258064348,101.21270987136343,108.66619110107422,19508336,0.0,0.0
2006-06-16 00:00:00+05:30,110.01902216496956,116.10373759871396,110.01902216496956,111.618896484375,24844288,0.0,0.0
2006-06-19 00:00:00+05:30,111.57306043526452,115.15933737782659,110.57687239566394,114.41020202636719,17583840,0.0,0.0
2006-06-20 00:00:00+05:30,113.88420496644183,114.36237517623795,111.61289646991027,113.32633972167969,11280512,0.0,0.0
2006-06-21 00:00:00+05:30,112.56923442277163,116.952461249853,111.97152167362417,116.4842529296875,13676704,0.0,0.0
2006-06-22 00:00:00+05:30,119.33137717804155,119.33137717804155,116.79508618803591,117.62391662597656,12335936,0.0,0.0
2006-06-23 00:00:00+05:30,116.79507376838622,119.94103348163516,115.1593311501414,119.20584869384766,10917136,0.0,0.0
2006-06-26 00:00:00+05:30,119.50268617722259,119.50268617722259,115.15930745320883,115.56575012207031,10961984,0.0,0.0
2006-06-27 00:00:00+05:30,115.75703839263494,118.74560220655839,113.25063343205026,118.24551391601562,16200736,0.0,0.0
2006-06-28 00:00:00+05:30,116.80304582909709,119.30347776966028,114.76086037963313,118.52645111083984,8796528,0.0,0.0
2006-06-29 00:00:00+05:30,119.30344789569229,120.33948318135963,118.95478217455425,119.28949737548828,12236576,0.0,0.0
2006-06-30 00:00:00+05:30,122.88976954859577,124.72275573511827,120.53876552675167,122.68853759765625,14027008,0.0,0.0
2006-07-03 00:00:00+05:30,122.92965407975315,125.91821941394488,122.02711124018836,125.69308471679688,9845760,0.0,0.0
2006-07-04 00:00:00+05:30,125.91820895427522,127.10167878262709,124.92202059229518,125.50578308105469,9697200,0.0,0.0
2006-07-05 00:00:00+05:30,126.71514635863517,127.68344329064078,123.96766109002986,127.2770004272461,16354128,0.0,0.0
2006-07-06 00:00:00+05:30,125.36430067864414,127.11360311224595,124.52351402061713,126.07159423828125,7380336,0.0,0.0
2006-07-07 00:00:00+05:30,127.11358637663861,129.1059623386549,123.21052381272837,123.72654724121094,11325776,0.0,0.0
2006-07-10 00:00:00+05:30,127.07372660703543,127.3128116994287,123.5711338948326,127.03587341308594,12224528,0.0,0.0
2006-07-11 00:00:00+05:30,127.47223135661136,128.50826699752162,124.92198977898612,125.4479751586914,12966096,0.0,0.0
2006-07-12 00:00:00+05:30,131.49682313954042,135.48157535589016,127.71130853400821,134.90975952148438,68016688,0.0,0.0
2006-07-13 00:00:00+05:30,139.30695297482302,143.37140068747516,132.77195861330384,134.0430908203125,11386312,0.0,2.0
2006-07-14 00:00:00+05:30,131.49678980065983,132.37742370856225,129.10593907701147,131.3971710205078,13901696,0.0,0.0
2006-07-17 00:00:00+05:30,130.77957903783727,131.15414188717074,127.51208193817163,127.93048095703125,12418848,0.0,0.0
2006-07-18 00:00:00+05:30,128.3369147173537,131.09834999266627,127.91054816913639,129.8670654296875,10584456,0.0,0.0
2006-07-19 00:00:00+05:30,132.3734211663776,132.3734211663776,127.28090771405701,127.87464141845703,11589456,0.0,0.0
2006-07-20 00:00:00+05:30,135.37796081681157,135.37796081681157,130.14200057010842,131.32546997070312,12027920,0.0,0.0
2006-07-21 00:00:00+05:30,130.28544630729223,130.28544630729223,125.95800204207383,127.67941284179688,9124336,0.0,0.0
2006-07-24 00:00:00+05:30,127.48817303047271,129.074106538786,125.28062394268991,128.4126434326172,10318504,0.0,0.0
2006-07-25 00:00:00+05:30,129.8232303669294,131.01068850196916,127.51207402522226,128.36480712890625,10798144,0.0,0.0
2006-07-26 00:00:00+05:30,129.51242198744123,131.87937077618466,127.51207820626043,131.20993041992188,12250056,0.0,0.0
2006-07-27 00:00:00+05:30,131.09836544216526,132.8835366193982,129.54431187005449,132.16229248046875,14483288,0.0,0.0
2006-07-28 00:00:00+05:30,132.38140141067782,132.457117519938,128.33290005940495,129.9188232421875,6279120,0.0,0.0
2006-07-31 00:00:00+05:30,131.09833093157147,133.09070678159534,130.43287934334305,131.93911743164062,14844888,0.0,0.0
2006-08-01 00:00:00+05:30,131.49682379746753,132.98711724247923,130.7795683949359,132.13438415527344,9172848,0.0,0.0
2006-08-02 00:00:00+05:30,132.05468661479065,133.80797756562072,131.49682131225384,132.82374572753906,9437032,0.0,0.0
2006-08-03 00:00:00+05:30,133.13456059860155,136.8363915275415,132.1423514566595,133.32582092285156,19218896,0.0,0.0
2006-08-04 00:00:00+05:30,133.48917426314935,135.15480232351524,133.09069911609518,133.939453125,9383824,0.0,0.0
2006-08-07 00:00:00+05:30,133.88765942499018,134.6806211355826,133.08274151341237,133.3776092529297,5687424,0.0,0.0
2006-08-08 00:00:00+05:30,133.48921540407392,134.68464121366264,133.41748790981856,134.2263946533203,3511136,0.0,0.0
2006-08-09 00:00:00+05:30,134.04705383501084,136.11912482175893,133.09071337958864,135.6449432373047,9770304,0.0,0.0
2006-08-10 00:00:00+05:30,135.48154063367537,136.9160510639143,134.76428541855591,136.1669158935547,8956856,0.0,0.0
2006-08-11 00:00:00+05:30,136.27853460198085,139.46633658097454,135.88404799844022,138.84471130371094,12244656,0.0,0.0
2006-08-14 00:00:00+05:30,139.62571517696617,140.63385941544763,138.6773422206666,139.90464782714844,6330792,0.0,0.0
2006-08-16 00:00:00+05:30,141.06019522889906,142.2556206121948,138.69723577557178,139.64959716796875,9409016,0.0,0.0
2006-08-17 00:00:00+05:30,140.26728019886355,141.31128343464334,139.03200689255615,140.072021484375,8248312,0.0,0.0
2006-08-18 00:00:00+05:30,140.66176887538188,140.9606253248338,128.30903563136818,140.4226837158203,4419160,0.0,0.0
2006-08-21 00:00:00+05:30,140.5820231927487,143.45104407423338,139.3865978254634,143.29962158203125,11419320,0.0,0.0
2006-08-22 00:00:00+05:30,143.53079747280225,144.16835792798403,141.47466111348075,141.9488525390625,4609584,0.0,0.0
2006-08-23 00:00:00+05:30,142.5624289776396,143.01270776861978,140.10383965295824,140.892822265625,6302656,0.0,0.0
2006-08-24 00:00:00+05:30,140.2632584530875,141.4586839512672,139.06783295490777,140.8131561279297,8702912,0.0,0.0
2006-08-25 00:00:00+05:30,141.3790036465631,141.8531852522144,140.26327306536135,140.79722595214844,5107408,0.0,0.0
2006-08-28 00:00:00+05:30,140.79719910955686,141.62602932897227,139.0678209297547,141.27935791015625,4842896,0.0,0.0
2006-08-29 00:00:00+05:30,141.85716374523983,144.32770985540975,141.69777367361596,143.91329956054688,8916176,0.0,0.0
2006-08-30 00:00:00+05:30,144.24804275443006,144.24804275443006,142.73782542468697,143.54672241210938,5320704,0.0,0.0
2006-08-31 00:00:00+05:30,144.08864599467944,144.96529151787715,143.45507425790993,143.9611358642578,9828312,0.0,0.0
2006-09-01 00:00:00+05:30,144.24804004836693,144.64651529711935,143.46304575400464,144.2878875732422,4831256,0.0,0.0
2006-09-04 00:00:00+05:30,144.40745362920194,147.83434132570068,144.3397147715793,147.2525634765625,6050408,0.0,0.0
2006-09-05 00:00:00+05:30,149.0297660111057,149.0297660111057,145.4434882193946,146.2364501953125,2980088,0.0,0.0
2006-09-06 00:00:00+05:30,147.43583034388914,147.43583034388914,145.8220057144493,146.23243713378906,5890136,0.0,0.0
2006-09-07 00:00:00+05:30,145.41952709574576,145.81003471459726,143.3713685788358,144.00096130371094,10036408,0.0,0.0
2006-09-08 00:00:00+05:30,144.00893875609574,144.96527924589827,141.69778257240634,142.60630798339844,9983680,0.0,0.0
2006-09-11 00:00:00+05:30,143.54276455801022,143.54276455801022,137.08347581545502,138.15538024902344,7521536,0.0,0.0
2006-09-12 00:00:00+05:30,138.66933406134748,141.85713484436698,137.1630962456916,141.1837158203125,8129760,0.0,0.0
2006-09-13 00:00:00+05:30,142.65415859419684,144.64653511087556,142.65415859419684,144.2042236328125,9154136,0.0,0.0
2006-09-14 00:00:00+05:30,144.67439956326797,146.71857943535565,144.64650824289546,145.94554138183594,10625664,0.0,0.0
2006-09-15 00:00:00+05:30,146.24039214156153,146.24039214156153,142.57840910163748,144.29981994628906,7885912,0.0,0.0
2006-09-18 00:00:00+05:30,145.44343971892022,145.44343971892022,144.2878617047151,144.83377075195312,5744536,0.0,0.0
2006-09-19 00:00:00+05:30,144.885566744886,146.21646987478098,143.61044624548109,144.758056640625,9704216,0.0,0.0
2006-09-20 00:00:00+05:30,143.45108211071843,146.559188889784,143.15621433329494,145.87779235839844,7179560,0.0,0.0
2006-09-21 00:00:00+05:30,146.63886452891424,147.43581487961487,145.65463279147855,146.48744201660156,7663592,0.0,0.0
2006-09-22 00:00:00+05:30,145.36376392802254,146.4794945722069,144.35561965027608,145.84193420410156,5416664,0.0,0.0
2006-09-25 00:00:00+05:30,145.76224955107722,145.76224955107722,144.40743367225363,144.77005004882812,3144312,0.0,0.0
2006-09-26 00:00:00+05:30,146.24040359537,147.1648641465329,145.12467299573228,146.62692260742188,5966920,0.0,0.0
2006-09-27 00:00:00+05:30,146.64285752694497,147.58724177489142,146.04514474616897,146.45556640625,6157840,0.0,0.0
2006-09-28 00:00:00+05:30,146.63886035738486,149.44412162068886,145.20434976693218,148.0853271484375,8825544,0.0,0.0
2006-09-29 00:00:00+05:30,149.66724985518732,149.66724985518732,147.04528171129954,147.40789794921875,3980408,0.0,0.0
2006-10-03 00:00:00+05:30,149.42817052837742,149.42817052837742,144.40738399862394,144.9014892578125,8849912,0.0,0.0
2006-10-04 00:00:00+05:30,146.07310206171834,146.6389351374923,143.05265683249928,143.4471435546875,13197136,0.0,0.0
2006-10-05 00:00:00+05:30,145.36373956639775,149.02971106862051,144.6464842724846,148.6471710205078,9789080,0.0,0.0
2006-10-06 00:00:00+05:30,148.6312712640022,149.80278463139874,147.06526155406613,149.3126678466797,6755016,0.0,0.0
2006-10-09 00:00:00+05:30,148.6312517941339,153.010490415422,147.47567369707494,151.11375427246094,10756312,0.0,0.0
2006-10-10 00:00:00+05:30,152.4406831804546,155.40533490889555,151.42457137528106,151.91468811035156,16808400,0.0,0.0
2006-10-11 00:00:00+05:30,159.3900584211253,162.92851966375372,155.80378210664998,157.79615783691406,28620128,0.0,0.0
2006-10-12 00:00:00+05:30,160.62540540918226,161.38250853564577,157.07897497469523,160.98802185058594,18510200,0.0,0.0
2006-10-13 00:00:00+05:30,161.78089767211824,167.35556067345163,161.78089767211824,166.4868927001953,24227584,0.0,0.0
2006-10-16 00:00:00+05:30,167.27987645110696,171.0096079355636,166.60246866176232,167.38348388671875,17926504,0.0,0.0
2006-10-17 00:00:00+05:30,168.07684489795366,169.34398829298593,163.54617394195412,165.02452087402344,13177320,0.0,0.0
2006-10-18 00:00:00+05:30,164.18373374829636,167.26395880983387,164.17178727466037,165.2317352294922,12554088,0.0,0.0
2006-10-19 00:00:00+05:30,165.36757327405502,166.46203109012555,164.56869610847988,165.24774169921875,7731416,0.625,0.0
2006-10-20 00:00:00+05:30,166.96532425010238,166.96532425010238,164.1692542267753,164.896240234375,7461600,0.0,0.0
2006-10-23 00:00:00+05:30,167.76412701267577,167.76412701267577,162.5714278432358,163.09469604492188,6216096,0.0,0.0
2006-10-26 00:00:00+05:30,163.09468464490524,166.16636180735765,163.09468464490524,165.63511657714844,12725480,0.0,0.0
2006-10-27 00:00:00+05:30,164.20916323604303,168.96248126695744,164.20916323604303,167.16900634765625,6841680,0.0,0.0
2006-10-30 00:00:00+05:30,167.3646969142722,170.56020425392418,165.36750482698972,169.97702026367188,5696096,0.0,0.0
2006-10-31 00:00:00+05:30,170.56021145834498,170.56021145834498,166.73359905900818,167.40464782714844,8534712,0.0,0.0
2006-11-01 00:00:00+05:30,167.44463540006066,169.18619132932062,166.25431635643196,168.039794921875,4436984,0.0,0.0
2006-11-02 00:00:00+05:30,167.2049567061,167.7641706081271,165.92675350146666,166.54588317871094,5602288,0.0,0.0
2006-11-03 00:00:00+05:30,166.92537106017443,167.34877982651653,164.49279417664755,165.75900268554688,5849680,0.0,0.0
2006-11-06 00:00:00+05:30,166.95728046986935,166.95728046986935,164.21314993946663,165.36752319335938,3260760,0.0,0.0
2006-11-07 00:00:00+05:30,166.17443326807052,170.45640281907745,166.17443326807052,167.95193481445312,9325976,0.0,0.0
2006-11-08 00:00:00+05:30,169.36191857760946,171.91832489576205,168.3673206452197,169.8292694091797,13629480,0.0,0.0
2006-11-09 00:00:00+05:30,170.95571465296706,172.39769183343486,168.5870516654095,170.73202514648438,9479912,0.0,0.0
2006-11-10 00:00:00+05:30,171.3591377767504,172.39367971943736,170.48037296763886,170.9437255859375,12313296,0.0,0.0
2006-11-13 00:00:00+05:30,170.95966771602178,173.03674779107624,170.56022924004975,172.56939697265625,8334936,0.0,0.0
2006-11-14 00:00:00+05:30,173.74774085912034,177.90989758944065,173.74774085912034,176.5957489013672,18079232,0.0,0.0
2006-11-15 00:00:00+05:30,177.1469658154257,178.96041259564765,175.13379979720943,177.5623779296875,7553520,0.0,0.0
2006-11-16 00:00:00+05:30,177.1110209943519,177.7261523491816,172.0820944613815,175.74893188476562,12040896,0.0,0.0
2006-11-17 00:00:00+05:30,175.91268330647085,176.46390053437352,172.57737243996533,174.6664276123047,4314648,0.0,0.0
2006-11-20 00:00:00+05:30,173.35631011643204,180.73792584243716,171.93830343229993,180.0509033203125,19513432,0.0,0.0
2006-11-21 00:00:00+05:30,180.9456470370319,180.9456470370319,177.01117766989114,180.2666015625,22702552,0.0,0.0
2006-11-22 00:00:00+05:30,175.7529177466991,179.6674145510574,174.14716737848113,177.79405212402344,13906048,0.0,0.0
2006-11-23 00:00:00+05:30,177.79406007990147,179.34787181692548,177.79406007990147,178.7127685546875,6254504,0.0,0.0
2006-11-24 00:00:00+05:30,178.14957637697276,179.48369710647307,177.53844325506054,178.58895874023438,3503792,0.0,0.0
2006-11-27 00:00:00+05:30,178.54902191012897,178.9005200130268,176.7954906740156,177.17495727539062,3800096,0.0,0.0
2006-11-28 00:00:00+05:30,175.9686732272166,175.9686732272166,172.5574715560202,172.94891357421875,10662840,0.0,0.0
2006-11-29 00:00:00+05:30,174.94604536832256,175.66105580031544,170.32055589667587,172.28977966308594,12407320,0.0,0.0
2006-11-30 00:00:00+05:30,173.74773025322344,175.35348063367917,172.55741146639954,174.13119506835938,10146224,0.0,0.0
2006-12-01 00:00:00+05:30,174.87415847090261,176.2322492402061,174.55460770165473,175.35748291015625,4253008,0.0,0.0
2006-12-04 00:00:00+05:30,175.5931615903999,176.89133669314964,174.24306728507318,176.33212280273438,5804192,0.0,0.0
2006-12-05 00:00:00+05:30,177.3506632717481,179.667406170343,177.3506632717481,178.87652587890625,10435272,0.0,0.0
2006-12-06 00:00:00+05:30,178.94846156334683,182.14396980554946,177.52645649479976,179.65945434570312,14148624,0.0,0.0
2006-12-07 00:00:00+05:30,179.6594050088795,180.0508663633496,176.07245579356405,177.65423583984375,12853768,0.0,0.0
2006-12-08 00:00:00+05:30,177.75015003380972,177.97383951664173,174.9740521849671,175.3974609375,8887960,0.0,0.0
2006-12-11 00:00:00+05:30,176.55181352942597,178.54900599016608,173.16058463185578,175.3375244140625,11614536,0.0,0.0
2006-12-12 00:00:00+05:30,175.59313632065724,177.82999156041083,171.0555117906768,172.8969268798828,15534088,0.0,0.0
2006-12-13 00:00:00+05:30,173.03674717483293,174.15517490357146,169.78532189276655,171.73057556152344,12483816,0.0,0.0
2006-12-14 00:00:00+05:30,173.35634431252757,176.36410902867325,172.63735486607007,175.44142150878906,7347976,0.0,0.0
2006-12-15 00:00:00+05:30,175.35356738942568,178.94851524023395,175.35356738942568,178.4292449951172,8628504,0.0,0.0
2006-12-18 00:00:00+05:30,178.7886430736498,180.5461721833997,174.3229291826808,177.7101593017578,15773392,0.0,0.0
2006-12-19 00:00:00+05:30,176.55581331492132,176.7275640664709,170.56023759608172,172.36570739746094,17929632,0.0,0.0
2006-12-20 00:00:00+05:30,172.9568906617868,175.6730727784153,171.83846273141035,173.41224670410156,10131408,0.0,0.0
2006-12-21 00:00:00+05:30,173.75574699309394,173.75574699309394,171.35911600008575,172.85301208496094,6686032,0.0,0.0
2006-12-22 00:00:00+05:30,173.35633490324727,174.23509973455407,172.56145607024152,173.659912109375,4135512,0.0,0.0
2006-12-26 00:00:00+05:30,172.9568512964715,177.72614255616693,172.9568512964715,177.30673217773438,6068072,0.0,0.0
2006-12-27 00:00:00+05:30,177.75006756094766,180.48222200201818,177.75006756094766,179.95895385742188,8637552,0.0,0.0
2006-12-28 00:00:00+05:30,181.74450979499986,181.81640092041883,178.9883842618449,179.603515625,8981616,0.0,0.0
2006-12-29 00:00:00+05:30,179.907151284744,181.00960575732765,177.8580390017085,179.09230041503906,6093568,0.0,0.0
2007-01-02 00:00:00+05:30,179.98699241301807,183.50205129724924,178.79667345602775,181.55677795410156,8629864,0.0,0.0
2007-01-03 00:00:00+05:30,181.5567379957081,185.33942765036247,181.5567379957081,184.64840698242188,10889256,0.0,0.0
2007-01-04 00:00:00+05:30,185.4353282268377,185.7389053923316,181.7485186159598,182.56736755371094,8777064,0.0,0.0
2007-01-05 00:00:00+05:30,182.6232250025621,184.1410908271678,180.19064920020935,181.7484588623047,7021952,0.0,0.0
2007-01-08 00:00:00+05:30,181.74852993785257,182.14397018287744,175.15379588857843,176.20033264160156,18481368,0.0,0.0
2007-01-09 00:00:00+05:30,177.03115036257128,178.58496228967095,173.62792640334573,174.96206665039062,13416408,0.0,0.0
2007-01-10 00:00:00+05:30,175.75291404844373,175.75291404844373,172.03013997661282,172.91290283203125,15159184,0.0,0.0
2007-01-11 00:00:00+05:30,174.235061037393,176.9432460690413,167.37669468929448,174.39483642578125,34092208,0.0,0.0
2007-01-12 00:00:00+05:30,175.75301036142787,178.2854475645039,175.75301036142787,177.62237548828125,13832688,0.0,0.0
2007-01-15 00:00:00+05:30,178.38523555001143,179.551603769817,178.1495707361271,179.18411254882812,10134760,0.0,0.0
2007-01-16 00:00:00+05:30,179.36386058602224,179.74732544774403,177.03914021253127,177.5264434814453,5113808,0.0,0.0
2007-01-17 00:00:00+05:30,179.3479019411917,179.3479019411917,175.52526736554378,176.18833923339844,8803400,0.0,0.0
2007-01-18 00:00:00+05:30,176.23228163729604,178.38924972623846,176.23228163729604,177.68223571777344,7906152,0.0,0.0
2007-01-19 00:00:00+05:30,177.75013774376092,178.78867787439864,174.55462964949106,175.94068908691406,11551144,0.0,0.0
2007-01-22 00:00:00+05:30,176.95124391760567,180.54619018229744,176.10442655150115,180.06686401367188,9721392,0.0,0.0
2007-01-23 00:00:00+05:30,179.58749276638542,179.58749276638542,177.3626132239544,178.56092834472656,6907168,0.0,0.0
2007-01-24 00:00:00+05:30,175.83285178384224,180.30656359660696,175.83285178384224,178.47314453125,3660880,0.0,0.0
2007-01-25 00:00:00+05:30,179.0283660888672,180.12282386387747,177.46255910154875,179.0283660888672,6798352,0.0,0.0
2007-01-29 00:00:00+05:30,178.54902065002932,180.14677474980587,176.73957193356608,179.29995727539062,6550912,0.0,0.0
2007-01-31 00:00:00+05:30,178.9484473610423,180.14676285676356,177.45854956289537,179.53163146972656,9171104,0.0,0.0
2007-02-01 00:00:00+05:30,179.74731674765232,181.74450915595958,178.816632886914,181.2611846923828,3367264,0.0,0.0
2007-02-02 00:00:00+05:30,181.74451309299778,182.14395158331206,179.11621562826284,180.9895782470703,9842920,0.0,0.0
2007-02-05 00:00:00+05:30,178.54895707022865,181.8562990775154,178.54895707022865,181.2891082763672,7299072,0.0,0.0
2007-02-06 00:00:00+05:30,181.34503897313462,182.69913128848987,180.5461621494644,181.58070373535156,6560944,0.0,0.0
2007-02-07 00:00:00+05:30,180.1906852557738,189.33382758589616,180.1906852557738,188.29928588867188,14498464,0.0,0.0
2007-02-08 00:00:00+05:30,188.93442117909936,190.13273674683148,186.42595505884708,189.6294403076172,6571448,0.0,0.0
2007-02-09 00:00:00+05:30,189.68535742973953,191.57071505415811,186.7774527925862,188.6348419189453,6304808,0.0,0.0
2007-02-12 00:00:00+05:30,186.53774734002235,189.30984615133298,184.62843944072915,187.83592224121094,4868088,0.0,0.0
2007-02-13 00:00:00+05:30,187.81598836374602,188.4151461318141,181.87235110604394,184.07723999023438,7561016,0.0,0.0
2007-02-14 00:00:00+05:30,182.31969042840453,184.94001067918256,180.68199270964718,182.51541137695312,9642200,0.0,0.0
2007-02-15 00:00:00+05:30,185.73098244205914,192.9288749788306,183.34234702957195,190.36846923828125,9978848,0.0,0.0
2007-02-19 00:00:00+05:30,190.29248131211014,191.7304597603125,188.77061688699646,189.82115173339844,3086648,0.0,0.0
2007-02-20 00:00:00+05:30,189.73730278016617,190.75587104639735,187.81599952231218,188.53099060058594,2471920,0.0,0.0
2007-02-21 00:00:00+05:30,188.53498186984532,189.493634320031,183.90949159923315,184.61248779296875,9348720,0.0,0.0
2007-02-22 00:00:00+05:30,184.38083157231898,186.53779970596395,181.3450986434853,182.74313354492188,10388800,0.0,0.0
2007-02-23 00:00:00+05:30,181.98418781099235,184.6204820154536,176.72757304193618,178.76470947265625,11559176,0.0,0.0
2007-02-26 00:00:00+05:30,178.46912398016542,179.50766409285214,172.15799560306914,177.20289611816406,11670248,0.0,0.0
2007-02-27 00:00:00+05:30,178.14957237156437,178.14957237156437,172.9768437567398,174.7144012451172,8956896,0.0,0.0
2007-02-28 00:00:00+05:30,174.1551944881367,174.1551944881367,163.7697929819634,165.970703125,25000392,0.0,0.0
2007-03-01 00:00:00+05:30,166.1663989485156,174.55060830238722,165.84684818130688,172.489501953125,13634656,0.0,0.0
2007-03-02 00:00:00+05:30,173.64393211689077,174.07531794403857,165.7669962064617,167.2449188232422,12168104,0.0,0.0
2007-03-05 00:00:00+05:30,165.9986485713165,165.9986485713165,159.7754043725395,160.3466033935547,13950768,0.0,0.0
2007-03-06 00:00:00+05:30,160.8139014892642,172.05409427977497,160.8139014892642,168.9185028076172,14552864,0.0,0.0
2007-03-07 00:00:00+05:30,173.14859660561828,173.14859660561828,163.79375845275663,166.5938262939453,10270272,0.0,0.0
2007-03-08 00:00:00+05:30,166.9653005241636,171.439011925768,166.26628311766294,170.6201629638672,12261208,0.0,0.0
2007-03-09 00:00:00+05:30,170.18874589515116,171.75853118092377,167.47256447182494,169.4377899169922,8085208,0.0,0.0
2007-03-12 00:00:00+05:30,169.3619184722912,171.27522492407726,167.7641645244394,168.9864501953125,9065944,0.0,0.0
2007-03-13 00:00:00+05:30,169.122241283778,170.15678297801657,165.3515461819016,168.16758728027344,11465824,0.0,0.0
2007-03-14 00:00:00+05:30,165.76696150373706,166.9413066796479,160.75400881247947,161.37313842773438,16009280,0.0,0.0
2007-03-15 00:00:00+05:30,163.84966644640707,168.1556055105306,162.65135099214274,166.11846923828125,17149040,0.0,0.0
2007-03-16 00:00:00+05:30,166.96526500487994,168.16358030395804,161.77256537554157,163.5660400390625,7567776,0.0,0.0
2007-03-19 00:00:00+05:30,165.367527480953,167.10508483491952,163.5460841470631,166.74559020996094,5461816,0.0,0.0
2007-03-20 00:00:00+05:30,167.76417485832386,168.45919396768448,163.76978974264946,164.24111938476562,5378584,0.0,0.0
2007-03-21 00:00:00+05:30,164.69649775894086,167.764177779664,163.6379856848549,167.28085327148438,9258712,0.0,0.0
2007-03-22 00:00:00+05:30,168.56302325825217,171.35909236443172,167.7641463707723,169.2860107421875,7974344,0.0,0.0
2007-03-23 00:00:00+05:30,169.36191926769484,170.56023473421155,166.2462990547514,167.17300415039062,10877280,0.0,0.0
2007-03-26 00:00:00+05:30,168.1636302083988,168.1636302083988,162.98690267936368,164.42088317871094,15948600,0.0,0.0
2007-03-28 00:00:00+05:30,162.1720079308168,162.1720079308168,158.81672500811024,159.14027404785156,21473904,0.0,0.0
2007-03-29 00:00:00+05:30,156.73163516698062,162.09209633338963,156.5079457710286,159.0323944091797,25927192,0.0,0.0
2007-03-30 00:00:00+05:30,159.3759736250967,162.14807312522746,159.3759736250967,161.26531982421875,14493552,0.0,0.0
2007-04-02 00:00:00+05:30,159.7753917619502,159.7753917619502,152.74527452442442,153.6200408935547,14738880,0.0,0.0
2007-04-03 00:00:00+05:30,153.78382101447255,157.73826212627327,152.58550552604808,156.9513702392578,17553760,0.0,0.0
2007-04-04 00:00:00+05:30,158.17763987526462,159.76340870847937,155.79698260667854,159.32003784179688,12089584,0.0,0.0
2007-04-05 00:00:00+05:30,158.97650221599,159.76739229297522,155.43348513457448,159.16024780273438,6129800,0.0,0.0
2007-04-09 00:00:00+05:30,156.57987942907664,164.0893226261854,156.57987942907664,163.5740509033203,6112144,0.0,0.0
2007-04-10 00:00:00+05:30,163.76974371371625,164.88817123176113,158.26548062095537,159.68348693847656,11851632,0.0,0.0
2007-04-11 00:00:00+05:30,160.17487814371182,162.89106061597428,158.7968149776375,159.47586059570312,12324768,0.0,0.0
2007-04-12 00:00:00+05:30,158.896604255781,164.24108254007726,156.57986140841163,163.43821716308594,18025880,0.0,0.0
2007-04-13 00:00:00+05:30,167.76415744280905,170.32056365146138,161.88042682782452,166.71762084960938,37096144,0.0,0.0
2007-04-16 00:00:00+05:30,171.75852691573897,172.2378530373643,166.72560263867314,170.05691528320312,13423280,0.0,0.0
2007-04-17 00:00:00+05:30,168.56306369787447,170.00104244032082,165.05200283583503,166.38612365722656,13779368,0.0,0.0
2007-04-18 00:00:00+05:30,166.6857156521087,167.6603418644283,164.8243280107739,165.87086486816406,9491616,0.0,0.0
2007-04-19 00:00:00+05:30,163.7817756509315,164.36096153002833,161.7925795366708,162.9629364013672,12689648,0.0,0.0
2007-04-20 00:00:00+05:30,167.3487532785649,167.3487532785649,163.70186817112102,164.17721557617188,7901224,0.0,0.0
2007-04-23 00:00:00+05:30,166.14646867929744,166.14646867929744,164.580661725887,165.30764770507812,6204520,0.0,0.0
2007-04-24 00:00:00+05:30,161.81249536578864,165.67107419924622,161.77255152590567,164.40084838867188,10435904,0.0,0.0
2007-04-25 00:00:00+05:30,163.45022275337408,163.7697735309955,160.7340411435917,161.25331115722656,11769504,0.0,0.0
2007-04-26 00:00:00+05:30,162.57143805583834,163.76175675407669,160.4144705730336,161.28125,11592024,0.0,0.0
2007-04-27 00:00:00+05:30,162.1720515178536,162.5475198545909,159.05643082366822,160.1868438720703,13179936,0.0,0.0
2007-04-30 00:00:00+05:30,160.17481861025618,164.56864156465224,160.17481861025618,163.83767700195312,7900544,0.0,0.0
2007-05-03 00:00:00+05:30,164.32902398692164,167.22495355402222,164.32902398692164,166.29824829101562,8526624,0.0,0.0
2007-05-04 00:00:00+05:30,166.190401329089,166.9653081888156,163.94155066721152,165.5193328857422,7354320,0.0,0.0
2007-05-07 00:00:00+05:30,165.52729873882296,165.76696181614753,162.6113979647076,163.11868286132812,7725136,0.0,0.0
2007-05-08 00:00:00+05:30,162.17202272199634,162.57146120160718,159.38793846949207,159.95513916015625,11778832,0.0,0.0
2007-05-09 00:00:00+05:30,159.93515392070606,160.29464852242592,157.77818631038684,158.22555541992188,11830928,0.0,0.0
2007-05-10 00:00:00+05:30,160.49440583965048,160.9497618758103,157.37878521857215,157.7143096923828,12493392,0.0,0.0
2007-05-11 00:00:00+05:30,157.37877202365135,161.37315710039377,155.86090569448925,159.82333374023438,12702344,0.0,0.0
2007-05-14 00:00:00+05:30,161.2134058128981,161.6687618789958,158.389377091584,159.92721557617188,7335704,0.0,0.0
2007-05-15 00:00:00+05:30,159.6955232028549,159.77541090830906,157.2190043337761,157.65438842773438,8705704,0.0,0.0
2007-05-16 00:00:00+05:30,157.61848257284723,158.3374721030832,154.66263672632144,155.9168701171875,15668240,0.0,0.0
2007-05-17 00:00:00+05:30,156.57991417475424,158.8966578028501,156.57991417475424,158.457275390625,17139072,0.0,0.0
2007-05-18 00:00:00+05:30,158.09774573509958,160.2467266446915,157.21898110493987,158.3294219970703,9588872,0.0,0.0
2007-05-21 00:00:00+05:30,158.66098381008533,159.13631176423667,155.80100000913782,156.6118621826172,13263216,0.0,0.0
2007-05-22 00:00:00+05:30,155.7890299740364,156.65182119072787,154.26317657866525,155.5214080810547,19028016,0.0,0.0
2007-05-23 00:00:00+05:30,155.7809959707764,156.1005467317421,153.39235208217477,153.84371948242188,10531456,0.0,0.0
2007-05-24 00:00:00+05:30,153.78384016565767,155.77304607454764,153.2246262014189,154.74249267578125,19166928,0.0,0.0
2007-05-25 00:00:00+05:30,155.78100645881372,159.1362896748497,152.18606015591803,158.6170196533203,17904664,0.0,0.0
2007-05-28 00:00:00+05:30,156.23234738134173,160.86982147408247,156.23234738134173,157.5025634765625,13356216,0.0,0.0
2007-05-29 00:00:00+05:30,157.77822649551288,157.77822649551288,155.40556542062592,156.0766143798828,6663480,0.0,0.0
2007-05-30 00:00:00+05:30,155.38158955698304,156.55993323100128,151.86653046160654,152.2779541015625,20476856,0.0,0.0
2007-05-31 00:00:00+05:30,153.3843640336626,154.9102169546561,152.58548713765393,153.66397094726562,13968520,0.0,0.0
2007-06-01 00:00:00+05:30,154.4229066457934,155.77301057357633,154.343018954823,154.8662872314453,7742200,0.0,0.0
2007-06-04 00:00:00+05:30,155.78101778979038,157.27491390577708,152.4896483916138,153.08880615234375,9405184,0.0,0.0
2007-06-05 00:00:00+05:30,153.3843718586462,155.78100266893753,152.42571953452966,155.23776245117188,14302728,0.0,0.0
2007-06-06 00:00:00+05:30,158.22758246240642,158.22758246240642,154.70072652099512,155.37002563476562,16488016,0.8125,0.0
2007-06-07 00:00:00+05:30,148.035791736012,158.06729575356985,148.035791736012,156.87698364257812,13315048,0.0,0.0
2007-06-08 00:00:00+05:30,156.29583464497964,158.3077437606542,153.2178492144256,156.37197875976562,20947712,0.0,0.0
2007-06-11 00:00:00+05:30,158.22761240204255,159.99104070642196,157.90698907397356,158.69252014160156,18446208,0.0,0.0
2007-06-12 00:00:00+05:30,157.26573125547307,160.22348320390444,157.26573125547307,159.4700164794922,9489648,0.0,0.0
2007-06-13 00:00:00+05:30,137.46722661467336,160.2314787187942,137.46722661467336,159.40988159179688,6143208,0.0,0.0
2007-06-14 00:00:00+05:30,159.91083458535206,162.7964436305013,159.91083458535206,161.85060119628906,15894848,0.0,0.0
2007-06-15 00:00:00+05:30,162.71633262975132,163.35757926080453,160.3116577633018,161.06512451171875,8519312,0.0,0.0
2007-06-18 00:00:00+05:30,162.31554693354974,162.63617023613452,159.15340352566594,159.46600341796875,9880776,0.0,0.0
2007-06-19 00:00:00+05:30,159.51007674345902,159.57820723137004,155.66259750542582,156.83287048339844,14005784,0.0,0.0
2007-06-20 00:00:00+05:30,157.58633018914713,158.2275767005984,156.3158624952634,156.64048767089844,6835384,0.0,0.0
2007-06-21 00:00:00+05:30,156.62448114895753,157.586351043424,155.1175477337681,156.98117065429688,6758680,0.0,0.0
2007-06-22 00:00:00+05:30,157.4821083164259,157.4821083164259,155.1014847893311,156.36795043945312,6673960,0.0,0.0
2007-06-25 00:00:00+05:30,156.36798678398998,157.33787030621207,153.81902764393175,155.23377990722656,5557352,0.0,0.0
2007-06-26 00:00:00+05:30,154.70072388015103,156.14352855882603,153.8991657253316,154.07150268554688,6085936,0.0,0.0
2007-06-27 00:00:00+05:30,154.78091697111972,156.00329345160114,154.54044946676274,155.1295928955078,5488248,0.0,0.0
2007-06-28 00:00:00+05:30,155.50231134920017,156.11149370477273,153.34611754933593,154.30398559570312,8399232,0.0,0.0
2007-06-29 00:00:00+05:30,156.3038330982059,157.90694933511057,153.8991587428489,154.62457275390625,13776528,0.0,0.0
2007-07-02 00:00:00+05:30,155.82295367771164,156.69665429466554,154.62061607217373,155.81092834472656,9189768,0.0,0.0
2007-07-03 00:00:00+05:30,156.303862177015,156.5483413624839,155.12557543753928,156.095458984375,5633960,0.0,0.0
2007-07-04 00:00:00+05:30,157.1855751903925,157.1855751903925,154.05949796835003,154.784912109375,5838480,0.0,0.0
2007-07-05 00:00:00+05:30,154.7929036628502,155.50228066669442,153.09760622339502,153.64266967773438,7673904,0.0,0.0
2007-07-06 00:00:00+05:30,148.0237387876461,158.44399467717636,148.0237387876461,158.05123901367188,17535640,0.0,0.0
2007-07-09 00:00:00+05:30,159.4299135711574,161.06509412881627,159.21749870776102,159.81065368652344,14444344,0.0,0.0
2007-07-10 00:00:00+05:30,159.9108907109114,163.67420324761733,159.9108907109114,161.95486450195312,17479504,0.0,0.0
2007-07-11 00:00:00+05:30,160.31162801554913,160.31162801554913,154.29994196496602,154.67266845703125,37621888,0.0,0.0
2007-07-12 00:00:00+05:30,156.30388245140463,157.0813901579447,153.4984281509948,154.07554626464844,31228624,0.0,0.0
2007-07-13 00:00:00+05:30,154.87305789734114,156.97714801375852,154.06348613328674,155.4862518310547,26942344,0.0,0.0
2007-07-16 00:00:00+05:30,155.90305961957395,156.7046177667183,154.54041076942858,155.1696319580078,13679896,0.0,0.0
2007-07-17 00:00:00+05:30,155.5022693724079,157.00117908600575,155.02133451867883,155.38604736328125,8854256,0.0,0.0
2007-07-18 00:00:00+05:30,155.59043048006924,156.66452021952128,155.11750927561155,155.86697387695312,6772224,0.0,0.0
2007-07-19 00:00:00+05:30,156.14351029829544,160.3116122159091,155.98319868607953,160.03106689453125,16677152,0.0,0.0
2007-07-20 00:00:00+05:30,160.31161500943992,161.8345753520296,157.95103039228368,159.20947265625,13050288,0.0,0.0
2007-07-23 00:00:00+05:30,158.23557906825738,159.021109902761,154.79689293829747,156.1274871826172,15034016,0.0,0.0
2007-07-24 00:00:00+05:30,156.12750221747575,158.70050195247916,155.5463725518524,158.3157501220703,8892384,0.0,0.0
2007-07-25 00:00:00+05:30,158.38787701872357,161.11317449779068,155.90304696428004,159.41787719726562,11647192,0.0,0.0
2007-07-26 00:00:00+05:30,160.15138508568205,164.31948920202612,159.91091754050836,163.06504821777344,22691384,0.0,0.0
2007-07-27 00:00:00+05:30,160.39185236510968,161.51403424072765,157.23772169307054,160.94091796875,13866488,0.0,0.0
2007-07-30 00:00:00+05:30,160.94085014756703,161.11318710562898,157.6143838466299,159.2215118408203,5598216,0.0,0.0
2007-07-31 00:00:00+05:30,159.51009603877583,163.1171082607582,156.72468104513388,158.37188720703125,7234104,0.0,0.0
2007-08-01 00:00:00+05:30,159.34974397183328,159.34974397183328,154.1396165280862,154.66062927246094,11838920,0.0,0.0
2007-08-02 00:00:00+05:30,156.303837608044,156.303837608044,151.69487829396064,152.23191833496094,11826664,0.0,0.0
2007-08-03 00:00:00+05:30,152.37617501391773,154.1716668815838,152.13570761515825,153.630615234375,6699184,0.0,0.0
2007-08-06 00:00:00+05:30,155.48627263522172,155.48627263522172,149.117886493317,149.51466369628906,9018400,0.0,0.0
2007-08-07 00:00:00+05:30,150.29214617446726,152.2960414567935,149.338290063151,150.5686798095703,11022904,0.0,0.0
2007-08-08 00:00:00+05:30,151.49451619016276,160.15134568674347,151.49451619016276,157.68655395507812,24515808,0.0,0.0
2007-08-09 00:00:00+05:30,159.51005272768535,160.7123898085473,154.29992537728356,155.04136657714844,10244784,0.0,0.0
2007-08-10 00:00:00+05:30,148.69706282557118,157.6665012275232,148.69706282557118,157.09739685058594,14852240,0.0,0.0
2007-08-13 00:00:00+05:30,157.90696744831357,157.90696744831357,153.99535946771516,156.29583740234375,6277472,0.0,0.0
2007-08-14 00:00:00+05:30,156.30388137892132,157.18559558157165,155.0734912439707,156.73672485351562,4490672,0.0,0.0
2007-08-16 00:00:00+05:30,149.8914008256065,154.46028309676134,149.2661814430633,153.3461151123047,14135888,0.0,0.0
2007-08-17 00:00:00+05:30,153.8150117634762,153.8150117634762,139.72362403043093,148.65298461914062,27524232,0.0,0.0
2007-08-20 00:00:00+05:30,153.49840648587642,153.49840648587642,145.92368094388408,146.62103271484375,13752864,0.0,0.0
2007-08-21 00:00:00+05:30,146.76530407141072,148.29627825198236,140.45303334742187,141.1824493408203,20084032,0.0,0.0
2007-08-22 00:00:00+05:30,141.475021079258,144.95378559417009,140.2726837896326,143.3747100830078,9464336,0.0,0.0
2007-08-23 00:00:00+05:30,148.20813077004664,148.28427489525293,143.65527567839507,145.206298828125,13791248,0.0,0.0
2007-08-24 00:00:00+05:30,142.76955120873382,146.96570673620047,142.76955120873382,146.3324737548828,7405424,0.0,0.0
2007-08-27 00:00:00+05:30,147.4065454103953,148.36841520100145,145.58701230369016,148.10389709472656,5364912,0.0,0.0
2007-08-28 00:00:00+05:30,146.68516703036184,151.8151400849756,146.3645437144485,150.71299743652344,10137472,0.0,0.0
2007-08-29 00:00:00+05:30,147.56688074456346,149.89139977856257,145.92368625501237,147.26629638671875,11615696,0.0,0.0
2007-08-30 00:00:00+05:30,148.28827297401693,149.92345372482185,147.56687056495414,149.5066375732422,8973008,0.0,0.0
2007-08-31 00:00:00+05:30,151.09372550185046,151.09372550185046,148.12796006759663,148.65298461914062,7885336,0.0,0.0
2007-09-03 00:00:00+05:30,149.4905825476162,149.89136158929884,148.689024464251,149.14190673828125,4769872,0.0,0.0
2007-09-04 00:00:00+05:30,154.11558569103107,154.11558569103107,142.27657541409403,151.47044372558594,5593768,0.0,0.0
2007-09-05 00:00:00+05:30,151.01353591960964,154.29591220527854,150.95341906613848,151.89926147460938,8701272,0.0,0.0
2007-09-06 00:00:00+05:30,150.37232640182407,153.01746860398833,150.37232640182407,152.6006622314453,3881216,0.0,0.0
2007-09-07 00:00:00+05:30,153.17777602985512,154.29995753923137,152.37621780887213,152.97738647460938,5357776,0.0,0.0
2007-09-10 00:00:00+05:30,151.69489953022986,152.67279668599807,149.54271757572636,150.01162719726562,5928440,0.0,0.0
2007-09-11 00:00:00+05:30,151.17387612341452,151.17387612341452,145.4828129183443,146.1080322265625,7806928,0.0,0.0
2007-09-12 00:00:00+05:30,146.28438368009319,149.57077257372814,145.33453909093535,146.03189086914062,7977880,0.0,0.0
2007-09-13 00:00:00+05:30,146.28439169253707,149.25015744192004,146.16415794594047,147.0258331298828,9630800,0.0,0.0
2007-09-14 00:00:00+05:30,147.48669575773266,148.92950039014528,146.70918828634615,147.25424194335938,9550288,0.0,0.0
2007-09-17 00:00:00+05:30,148.60888444321856,148.6810266353143,143.67930170683348,144.66522216796875,11030912,0.0,0.0
2007-09-18 00:00:00+05:30,144.2804897072112,145.46278816453417,143.19838603440712,144.64520263671875,13408016,0.0,0.0
2007-09-19 00:00:00+05:30,147.486743906225,149.73110740045016,147.486743906225,148.4165496826172,17208904,0.0,0.0
2007-09-20 00:00:00+05:30,147.48669881781507,147.88747789068958,143.8917124910599,144.31253051757812,10340064,0.0,0.0
2007-09-21 00:00:00+05:30,143.4788956384082,148.28824409556154,140.51313075649696,146.3564910888672,15328600,0.0,0.0
2007-09-24 00:00:00+05:30,146.52484229974218,146.6811422384463,141.07424641550668,141.3187255859375,17386784,0.0,0.0
2007-09-25 00:00:00+05:30,143.07815305757416,143.87971133800875,140.15246533398792,141.98402404785156,17385008,0.0,0.0
2007-09-26 00:00:00+05:30,142.67734973894818,147.0618688760566,141.87579159434733,146.29638671875,13126264,0.0,0.0
2007-09-27 00:00:00+05:30,150.05974095821665,154.91718273861832,147.08596135318274,153.56655883789062,30952096,0.0,0.0
2007-09-28 00:00:00+05:30,154.29996061696667,156.3038562093948,149.6509228425334,151.71493530273438,16135888,0.0,0.0
2007-10-01 00:00:00+05:30,151.89527328380646,153.49838962453265,148.5046783093123,152.72488403320312,12118896,0.0,0.0
2007-10-03 00:00:00+05:30,153.89914237610523,161.50593006818633,153.09758434289637,160.43585205078125,26572224,0.0,0.0
2007-10-04 00:00:00+05:30,161.1132079233763,161.1132079233763,157.2657283311763,160.22348022460938,14354928,0.0,0.0
2007-10-05 00:00:00+05:30,160.31164158250746,160.31164158250746,158.35583759827165,158.94097900390625,8433464,0.0,0.0
2007-10-08 00:00:00+05:30,160.3116315859344,162.31552698075856,159.0291385332469,160.6042022705078,8695752,0.0,0.0
2007-10-09 00:00:00+05:30,159.10931276662635,164.4797530464067,159.10931276662635,164.1110382080078,13053992,0.0,0.0
2007-10-10 00:00:00+05:30,167.89838012062256,171.68975431111738,165.12098879219872,170.3351287841797,22305808,0.0,0.0
2007-10-11 00:00:00+05:30,168.32724736489968,168.32724736489968,157.34589837014192,158.4560546875,35483448,0.0,0.0
2007-10-12 00:00:00+05:30,157.5062169465379,158.2997616758699,152.6006837219095,154.6767120361328,20546200,0.0,0.0
2007-10-15 00:00:00+05:30,157.73060055861492,157.73060055861492,153.41821423826875,154.5243682861328,14805752,0.0,0.0
2007-10-16 00:00:00+05:30,149.19403488904945,154.7007359276412,147.4947255977094,149.59881591796875,20676272,0.0,0.0
2007-10-17 00:00:00+05:30,144.28045096593954,152.9372780238959,143.0781138745567,151.51852416992188,16105088,0.0,0.0
2007-10-18 00:00:00+05:30,152.781008765811,156.80156162806918,149.30725501914108,151.97689819335938,18871056,0.75,0.0
2007-10-19 00:00:00+05:30,152.78100765840742,155.193339358277,150.86320592017165,153.55697631835938,11118784,0.0,0.0
2007-10-22 00:00:00+05:30,149.40372801149257,153.60118081402,149.40372801149257,151.71554565429688,10683432,0.0,0.0
2007-10-23 00:00:00+05:30,152.78097139311365,154.19620369127924,150.36864026585397,151.45016479492188,12346344,0.0,0.0
2007-10-24 00:00:00+05:30,152.86141615361177,154.22840409396494,147.40150353457,148.3181915283203,11446248,0.0,0.0
2007-10-25 00:00:00+05:30,148.84084637806583,150.8350442482957,146.75015917880614,147.7191162109375,12955840,0.0,0.0
2007-10-26 00:00:00+05:30,147.55427406586574,149.16249503661086,146.6697525319559,148.61972045898438,8279104,0.0,0.0
2007-10-29 00:00:00+05:30,152.7810057843326,152.7810057843326,149.17858656372832,149.61280822753906,5328480,0.0,0.0
2007-10-30 00:00:00+05:30,150.36862748447854,151.49438191484361,147.92413018681157,149.09812927246094,5996440,0.0,0.0
2007-10-31 00:00:00+05:30,150.32847537417646,151.58691041548946,146.1953449626432,147.7512969970703,10025528,0.0,0.0
2007-11-01 00:00:00+05:30,150.50135501623427,151.17278537107825,147.63469890494665,150.68629455566406,9522528,0.0,0.0
2007-11-02 00:00:00+05:30,148.76044536386556,155.19332948770838,146.42852486897252,154.16004943847656,10208808,0.0,0.0
2007-11-05 00:00:00+05:30,152.78100072373078,155.08879401886827,147.98447944837528,149.08209228515625,6211480,0.0,0.0
2007-11-06 00:00:00+05:30,148.76041899040288,150.77069492270562,148.76041899040288,148.90113830566406,4517832,0.0,0.0
2007-11-07 00:00:00+05:30,148.86908647055236,148.86908647055236,139.51325704620612,140.38973999023438,23151400,0.0,0.0
2007-11-08 00:00:00+05:30,138.2024985924654,140.31731360637892,136.9400487516695,138.01353454589844,15705240,0.0,0.0
2007-11-12 00:00:00+05:30,134.6885166098081,134.6885166098081,129.473861676165,132.02288818359375,25324832,0.0,0.0
2007-11-13 00:00:00+05:30,130.66798033633833,136.14397188758045,129.22058116953582,130.8408660888672,23517112,0.0,0.0
2007-11-14 00:00:00+05:30,135.09058840329496,139.1111416295835,133.16072285467646,137.33807373046875,16262008,0.0,0.0
2007-11-15 00:00:00+05:30,136.6987788226503,136.6987788226503,131.71329394794188,132.46112060546875,13053800,0.0,0.0
2007-11-16 00:00:00+05:30,132.46113926285963,133.804,130.10509134615384,130.66796875,9711528,0.0,0.0
2007-11-19 00:00:00+05:30,132.67825830424027,132.67825830424027,129.94428207251653,130.26190185546875,14441160,0.0,0.0
2007-11-20 00:00:00+05:30,129.22060148166094,130.26594548866876,124.90654521265598,125.89962005615234,22736872,0.0,0.0
2007-11-21 00:00:00+05:30,124.23507704509989,127.61234127545211,123.83302177958177,124.40393829345703,16523872,0.0,0.0
2007-11-22 00:00:00+05:30,124.63314166467492,125.44931603839667,122.14442282184868,123.15760040283203,12576744,0.0,0.0
2007-11-23 00:00:00+05:30,124.63714379177429,129.03562487539494,123.32643957912659,125.24022674560547,16680696,0.0,0.0
2007-11-26 00:00:00+05:30,125.84330351617041,128.45263837521654,125.84330351617041,126.72380065917969,9515520,0.0,0.0
2007-11-27 00:00:00+05:30,126.72379604021276,127.53193105550461,125.66237405863168,126.53885650634766,11749864,0.0,0.0
2007-11-28 00:00:00+05:30,127.77316550137347,128.25563182799917,125.36083386824495,126.18907165527344,9458944,0.0,0.0
2007-11-29 00:00:00+05:30,129.05977184340074,129.78347149859738,124.63716283942128,126.02425384521484,24061072,0.0,0.0
2007-11-30 00:00:00+05:30,126.56700374704441,130.65992851244422,126.56700374704441,128.8587188720703,27369392,0.0,0.0
2007-12-03 00:00:00+05:30,128.8587225326537,131.2308487820848,127.74100684518488,128.6858367919922,20101040,0.0,0.0
2007-12-04 00:00:00+05:30,128.53707553588737,130.88507449079728,127.9179143188702,129.8879852294922,11367656,0.0,0.0
2007-12-05 00:00:00+05:30,130.24178791570495,130.24178791570495,127.89378892680288,128.9391326904297,9996752,0.0,0.0
2007-12-06 00:00:00+05:30,129.56634872134575,132.59784184633224,129.56634872134575,131.50022888183594,14144400,0.0,0.0
2007-12-07 00:00:00+05:30,132.6782356392854,140.6630570195342,131.09011736420908,138.49195861816406,21737160,0.0,0.0
2007-12-10 00:00:00+05:30,139.87504453207075,142.14263258954028,136.6988075334983,140.6148223876953,12426168,0.0,0.0
2007-12-11 00:00:00+05:30,140.61478706492852,141.4430247347212,137.26165049583236,140.260986328125,8444392,0.0,0.0
2007-12-12 00:00:00+05:30,137.5029007765866,138.30701130744384,133.2411149630433,135.5529327392578,12351000,0.0,0.0
2007-12-13 00:00:00+05:30,136.216332985496,136.61034913497826,132.8591712959184,133.47833251953125,6652856,0.0,0.0
2007-12-14 00:00:00+05:30,132.83909175033682,134.66441916949475,131.72137587959133,132.38075256347656,4281176,0.0,0.0
2007-12-17 00:00:00+05:30,132.67823761382914,133.40193709172277,129.6226175960561,130.61569213867188,7347000,0.0,0.0
2007-12-18 00:00:00+05:30,123.32241309795833,134.68851344882236,123.32241309795833,130.10105895996094,8413376,0.0,0.0
2007-12-19 00:00:00+05:30,131.43988976403338,132.67822179730177,131.24288663374577,131.82586669921875,5297880,0.0,0.0
2007-12-20 00:00:00+05:30,132.4370269420054,138.30703481496616,132.25207756215212,136.3409881591797,15204048,0.0,0.0
2007-12-24 00:00:00+05:30,138.17834712228336,146.2676966040763,137.50289235457421,145.55606079101562,16365336,0.0,0.0
2007-12-26 00:00:00+05:30,146.3481498202522,146.79443519245447,142.32759625376173,146.17124938964844,4604376,0.0,0.0
2007-12-27 00:00:00+05:30,146.66975328102902,147.85984073177917,144.10866333519775,144.93287658691406,8358504,0.0,0.0
2007-12-28 00:00:00+05:30,142.32760945043384,145.54405260185607,137.51098386801795,144.4384002685547,4784160,0.0,0.0
2007-12-31 00:00:00+05:30,144.82034731000113,145.14199161274405,141.451121275608,142.31956481933594,5272944,0.0,0.0
2008-01-01 00:00:00+05:30,142.0541983901536,143.0191312579447,140.09619074242175,140.46607971191406,2001624,0.0,0.0
2008-01-02 00:00:00+05:30,140.71936700648243,141.47120851847055,137.6959128556754,140.58267211914062,6155056,0.0,0.0
2008-01-03 00:00:00+05:30,144.4986939251906,144.4986939251906,135.89470936759716,137.42654418945312,12425960,0.0,0.0
2008-01-04 00:00:00+05:30,140.51029232146433,140.51029232146433,135.09058475560838,136.28871154785156,6166320,0.0,0.0
2008-01-07 00:00:00+05:30,134.28649394160297,135.89471542593355,130.50717345342613,131.62086486816406,13254200,0.0,0.0
2008-01-08 00:00:00+05:30,133.0802737330831,135.08251063035434,130.43877298196426,133.6632537841797,15531264,0.0,0.0
2008-01-09 00:00:00+05:30,133.0803129185909,136.61839978772562,132.3847552413843,132.91546630859375,14714680,0.0,0.0
2008-01-10 00:00:00+05:30,135.68563968730808,135.8947065033832,127.69277747181806,128.86276245117188,15498280,0.0,0.0
2008-01-11 00:00:00+05:30,136.69880914786086,139.85494341789234,125.84331548023661,127.19020080566406,22633144,0.0,0.0
2008-01-14 00:00:00+05:30,128.5772847889217,129.4618064478824,122.62686635591345,122.98871612548828,16050824,0.0,0.0
2008-01-15 00:00:00+05:30,124.15466355979662,125.03114598461623,120.61657729254853,120.78543853759766,12786224,0.0,0.0
2008-01-16 00:00:00+05:30,120.61657547109276,122.14438542705994,118.2122831035419,120.2386474609375,11127096,0.0,0.0
2008-01-17 00:00:00+05:30,120.61658683172257,122.64696604338991,119.41042096340536,119.84464263916016,9699600,0.0,0.0
2008-01-18 00:00:00+05:30,120.0536709503503,120.4557261109342,116.67238312351984,118.0755615234375,8136992,0.0,0.0
2008-01-21 00:00:00+05:30,117.3921180710632,119.8124892121204,104.87210911424712,111.85983276367188,22169536,0.0,0.0
2008-01-22 00:00:00+05:30,107.75082038780153,116.11357062685478,100.91588028857531,111.03963470458984,27680552,0.0,0.0
2008-01-23 00:00:00+05:30,116.51561906066122,117.28756322792329,110.34004609095936,114.34452056884766,17827184,0.0,0.0
2008-01-24 00:00:00+05:30,116.51561660930207,120.8578135015742,112.17341971702994,114.38874816894531,13942864,0.0,0.0
2008-01-25 00:00:00+05:30,114.98781400165824,123.73654111915458,114.98781400165824,122.2127456665039,6650192,0.0,0.0
2008-01-28 00:00:00+05:30,118.52588825808232,120.61657556792638,113.15845064530959,116.30252075195312,7788688,0.0,0.0
2008-01-29 00:00:00+05:30,116.59604365130092,121.40060476038038,116.59604365130092,120.02155303955078,9040664,0.0,0.0
2008-01-30 00:00:00+05:30,121.50111069576278,121.50111069576278,118.3851821454909,120.07381439208984,7139816,0.0,0.0
2008-01-31 00:00:00+05:30,120.29494924275775,123.42294153047946,118.22033990837274,120.54020690917969,17885296,0.0,0.0
2008-02-01 00:00:00+05:30,121.09907635426971,129.30100582846327,121.09907635426971,128.22349548339844,11143960,0.0,0.0
2008-02-04 00:00:00+05:30,131.43188848175217,133.88040153571157,129.05976201481323,131.878173828125,11361168,0.0,0.0
2008-02-05 00:00:00+05:30,131.63289992419246,131.63289992419246,127.45152497241604,129.405517578125,8020712,0.0,0.0
2008-02-06 00:00:00+05:30,121.01866375972048,126.63939967424652,120.6166083983925,121.41669464111328,9944016,0.0,0.0
2008-02-07 00:00:00+05:30,124.2913650844124,124.2913650844124,118.38517695934034,119.19732666015625,4179600,0.0,0.0
2008-02-08 00:00:00+05:30,119.00835061289936,126.80822224090696,118.92793956518796,124.82608795166016,13180592,0.0,0.0
2008-02-11 00:00:00+05:30,124.63717170414847,128.65772563008875,122.24494211821401,125.27643585205078,13978800,0.0,0.0
2008-02-12 00:00:00+05:30,125.44121258853998,128.6576539369641,123.45907864441364,124.2551498413086,8462432,0.0,0.0
2008-02-13 00:00:00+05:30,126.24536786062659,132.6822773265933,120.72514646840091,124.26725769042969,9893968,0.0,0.0
2008-02-14 00:00:00+05:30,122.66711129089425,128.60949248997628,122.66711129089425,124.37584686279297,11749944,0.0,0.0
2008-02-15 00:00:00+05:30,123.83300014964414,127.04944171197256,120.69696962637393,125.87544250488281,8952256,0.0,0.0
2008-02-18 00:00:00+05:30,126.2453718817478,126.9690714657833,123.85314270118602,125.05126953125,3266176,0.0,0.0
2008-02-19 00:00:00+05:30,125.44126692593308,126.66753572120261,122.7474961297672,125.15982818603516,5356392,0.0,0.0
2008-02-20 00:00:00+05:30,126.32579793866202,127.83753006437729,125.15983735934273,126.15693664550781,7002904,0.0,0.0
2008-02-21 00:00:00+05:30,128.64964872579037,132.67824061400043,126.43030557322581,130.87301635742188,10366768,0.0,0.0
2008-02-22 00:00:00+05:30,129.62259150253482,130.4910346275072,126.36996898575477,127.1017074584961,4970504,0.0,0.0
2008-02-25 00:00:00+05:30,128.5612118650069,130.57550311016573,127.2907131391913,129.8759307861328,7592448,0.0,0.0
2008-02-26 00:00:00+05:30,130.1855094843536,134.4472957738352,129.46180992576237,133.71153259277344,8402704,0.0,0.0
2008-02-27 00:00:00+05:30,133.88443879891983,135.68564882760384,129.8759487055486,130.177490234375,8432760,0.0,0.0
2008-02-28 00:00:00+05:30,129.3813916424176,130.2659132757716,128.026467285395,128.6054229736328,11706032,0.0,0.0
2008-02-29 00:00:00+05:30,126.24535071128311,128.81046521437344,122.30520919226855,124.49238586425781,7945088,0.0,0.0
2008-03-03 00:00:00+05:30,123.91343907611262,123.91343907611262,116.5960328749924,118.03539276123047,12364736,0.0,0.0
2008-03-04 00:00:00+05:30,122.55449076376132,122.55449076376132,113.37959106683282,114.10731506347656,10798960,0.0,0.0
2008-03-05 00:00:00+05:30,114.58572474189658,120.61655235989114,112.97750404376471,118.9118423461914,11396696,0.0,0.0
2008-03-07 00:00:00+05:30,116.59605008197751,116.59605008197751,112.59962387790318,115.03205871582031,9164680,0.0,0.0
2008-03-10 00:00:00+05:30,113.70125137212885,118.89580445751079,112.57549640804837,115.07627868652344,5657136,0.0,0.0
2008-03-11 00:00:00+05:30,115.71149952364892,115.71149952364892,112.97752385735006,114.69429779052734,16043424,0.0,0.0
2008-03-12 00:00:00+05:30,118.52589866406092,118.60630972149922,110.64561503510707,111.38137817382812,13626184,0.0,0.0
2008-03-13 00:00:00+05:30,110.96725612263354,111.35323311372898,105.41889331650187,107.56586456298828,7881488,0.0,0.0
2008-03-14 00:00:00+05:30,107.34877923669613,111.69097704851755,106.94672388374971,110.17924499511719,9622768,0.0,0.0
2008-03-17 00:00:00+05:30,108.39411778607641,108.90071143202137,105.41890832162179,107.57392883300781,5832080,0.0,0.0
2008-03-18 00:00:00+05:30,107.75079351276041,109.43942535139323,104.53435191536458,105.7083511352539,14731424,0.0,0.0
2008-03-19 00:00:00+05:30,108.55088598549257,110.40436449418083,105.82093494125417,108.0483169555664,15637216,0.0,0.0
2008-03-24 00:00:00+05:30,109.13788360666618,111.61052307684852,108.00810457283168,109.39519500732422,13596008,0.0,0.0
2008-03-25 00:00:00+05:30,112.70814283616544,124.38784708601669,111.77135220167459,119.99740600585938,22739080,0.0,0.0
2008-03-26 00:00:00+05:30,121.01863867443933,122.05191877570839,116.68448081456631,120.57637786865234,11819184,0.0,0.0
2008-03-27 00:00:00+05:30,119.81649012475539,119.81649012475539,114.67419753859289,115.93263244628906,16692504,0.0,0.0
2008-03-28 00:00:00+05:30,115.14861992814767,123.72847476323297,114.18368735891738,122.32128143310547,11829888,0.0,0.0
2008-03-31 00:00:00+05:30,119.16918565436902,120.61658467041399,112.90516239399163,115.78388214111328,20198320,0.0,0.0
2008-04-01 00:00:00+05:30,116.2020284362962,117.72179953276937,113.39568029574905,114.42897033691406,6289208,0.0,0.0
2008-04-02 00:00:00+05:30,118.60627997320843,120.53614486768775,117.8021696005087,119.23348999023438,11152080,0.0,0.0
2008-04-03 00:00:00+05:30,118.21230065976752,123.02892525207821,118.21230065976752,122.42584228515625,9778160,0.0,0.0
2008-04-04 00:00:00+05:30,118.28467356411139,122.78769308796606,115.1486421099983,119.44660949707031,8028032,0.0,0.0
2008-04-07 00:00:00+05:30,120.5362090372526,122.90029675471342,118.7068569654731,119.97735595703125,16097184,0.0,0.0
2008-04-08 00:00:00+05:30,119.97328507827162,120.21451822521185,116.77694588131365,117.958984375,12385648,0.0,0.0
2008-04-09 00:00:00+05:30,117.9590049359324,119.65166173832353,116.67645240746468,119.00434875488281,9028552,0.0,0.0
2008-04-10 00:00:00+05:30,117.8021831686667,121.41264112109197,116.03314014497342,116.80508422851562,17130064,0.0,0.0
2008-04-11 00:00:00+05:30,118.20421735580719,119.00832767795553,113.6207885195616,114.3364486694336,24134312,0.0,0.0
2008-04-15 00:00:00+05:30,115.7918887091186,122.62682658430963,114.18366803260305,121.45282745361328,36402536,0.0,0.0
2008-04-16 00:00:00+05:30,122.6268887257589,129.86388543744303,122.22483335288756,128.67379760742188,30611608,0.0,0.0
2008-04-17 00:00:00+05:30,131.06600402850097,135.8946921338996,130.2659179035014,133.4099884033203,36919280,0.0,0.0
2008-04-21 00:00:00+05:30,135.01015817368935,138.06577819191457,130.9091944650186,132.34051513671875,14821992,0.0,0.0
2008-04-22 00:00:00+05:30,131.06999840253286,132.28822765145893,127.04944630429564,128.5450897216797,16797448,0.0,0.0
2008-04-23 00:00:00+05:30,128.6577057817604,132.92753142923178,128.42451172687015,132.51341247558594,16632104,0.0,0.0
2008-04-24 00:00:00+05:30,132.6782317917277,137.3340335250342,131.31124394902506,136.38116455078125,18346552,0.0,0.0
2008-04-25 00:00:00+05:30,136.69478085790053,137.9532159407842,132.75866330112672,135.4363555908203,15895984,0.0,0.0
2008-04-28 00:00:00+05:30,135.8946776420006,136.69878816059233,132.76668576151837,133.77584838867188,8629856,0.0,0.0
2008-04-29 00:00:00+05:30,132.67825636879016,141.6802711094299,131.9625959318826,140.6831817626953,33966768,0.0,0.0
2008-04-30 00:00:00+05:30,141.52349684692888,145.5440507346257,139.11920365892507,140.96865844726562,20999336,0.0,0.0
2008-05-02 00:00:00+05:30,142.7295538879544,144.4985962460023,142.19481866656673,143.7306671142578,17349008,0.0,0.0
2008-05-05 00:00:00+05:30,143.6945734842181,145.54402798345538,141.85718260791924,143.61013793945312,9792280,0.0,0.0
2008-05-06 00:00:00+05:30,141.97375802138694,148.76045308756957,139.59359273514636,145.33895874023438,17782656,0.0,0.0
2008-05-07 00:00:00+05:30,147.70710454938484,149.48418733071486,146.235577961335,148.2900848388672,22085248,0.0,0.0
2008-05-08 00:00:00+05:30,145.14196308095575,147.55429487731513,140.3534805388611,143.50559997558594,15537672,0.0,0.0
2008-05-09 00:00:00+05:30,143.21204910968953,144.04832581217616,139.67396367407676,140.6670379638672,14412800,0.0,0.0
2008-05-12 00:00:00+05:30,142.27932318608285,144.6594884593858,136.32488061583877,142.60096740722656,16301840,0.0,0.0
2008-05-13 00:00:00+05:30,143.5337051053487,145.93799714282252,137.90493235611933,140.61880493164062,18049576,0.0,0.0
2008-05-14 00:00:00+05:30,139.9152554844179,147.55430678960167,139.9152554844179,146.74215698242188,16222912,0.0,0.0
2008-05-15 00:00:00+05:30,146.66976385187908,153.46449797769256,146.66976385187908,152.22616577148438,28982432,0.0,0.0
2008-05-16 00:00:00+05:30,152.53979888241153,154.00730090118014,149.5686137899114,150.4812774658203,16864744,0.0,0.0
2008-05-20 00:00:00+05:30,149.9666193671407,153.82635005326551,145.94606656909403,151.7919464111328,13969280,0.0,0.0
2008-05-21 00:00:00+05:30,150.69031928892323,151.4944298507638,149.0820981652421,150.4209442138672,8559384,0.0,0.0
2008-05-22 00:00:00+05:30,149.5645908917005,152.7006226362039,148.51924697686601,149.85809326171875,12277912,0.0,0.0
2008-05-23 00:00:00+05:30,149.85804417729378,151.49440696022728,146.05459786816078,147.05169677734375,11698168,0.0,0.0
2008-05-26 00:00:00+05:30,145.544018697308,152.3789588018777,144.01620855628653,151.57887268066406,21397152,0.0,0.0
2008-05-27 00:00:00+05:30,151.97688104221638,152.70058047575074,150.04701588612474,151.4220428466797,10323560,0.0,0.0
2008-05-28 00:00:00+05:30,151.41402135221546,154.38923048128183,150.89134947819028,153.71377563476562,15428808,0.0,0.0
2008-05-29 00:00:00+05:30,155.39828637186525,155.68379503449071,151.44603472519336,153.8035125732422,15898512,3.40625,0.0
2008-05-30 00:00:00+05:30,154.17465229116914,161.35315462007014,152.13530503864047,160.1132354736328,27614928,0.0,0.0
2008-06-02 00:00:00+05:30,161.5163228052593,165.59501782559414,158.2941537391948,159.13436889648438,16651424,0.0,0.0
2008-06-03 00:00:00+05:30,157.02973285287575,159.08539082712255,153.44048181623862,156.80540466308594,15588320,0.0,0.0
2008-06-04 00:00:00+05:30,156.6218777516719,156.6218777516719,151.16458220721194,152.60028076171875,12818832,0.0,0.0
2008-06-05 00:00:00+05:30,153.9870146360526,162.08730518422192,152.54316089305235,161.47958374023438,19144816,0.0,0.0
2008-06-06 00:00:00+05:30,163.14780601649778,166.94099250638135,161.5652703065874,162.6216583251953,14816264,0.0,0.0
2008-06-09 00:00:00+05:30,158.33902958074455,160.70059010708547,153.9014072329376,155.11277770996094,14026352,0.0,0.0
2008-06-10 00:00:00+05:30,154.17468927557636,156.6219065656649,146.54752872146716,151.2421112060547,23390272,0.0,0.0
2008-06-11 00:00:00+05:30,153.76681235867372,155.31671656812455,151.90692332423185,154.40716552734375,9619728,0.0,0.0
2008-06-12 00:00:00+05:30,149.77784536486135,153.84838522639976,149.36997583881046,152.9429168701172,12400424,0.0,0.0
2008-06-13 00:00:00+05:30,154.25621960871712,156.20583749061524,151.33179776474486,152.2698974609375,10279888,0.0,0.0
2008-06-16 00:00:00+05:30,154.6559623033114,158.25336937856244,153.3589352740708,155.62669372558594,12636592,0.0,0.0
2008-06-17 00:00:00+05:30,159.06905232684892,159.06905232684892,153.68109403288383,155.9325408935547,10754704,0.0,0.0
2008-06-18 00:00:00+05:30,156.45877271633898,157.00939665577346,151.2380420313308,151.92733764648438,10401800,0.0,0.0
2008-06-19 00:00:00+05:30,151.23797990218253,153.49757249043682,149.81451961921266,151.92320251464844,6695264,0.0,0.0
2008-06-20 00:00:00+05:30,152.13533080987872,153.8075958402286,148.13820951782293,149.0355224609375,11694864,0.0,0.0
2008-06-23 00:00:00+05:30,148.10556932633156,152.2821589380586,146.92274778848773,150.56910705566406,9632840,0.0,0.0
2008-06-24 00:00:00+05:30,150.56910723413213,151.72745262049992,143.97793219095826,146.38027954101562,10872056,0.0,0.0
2008-06-25 00:00:00+05:30,146.0172363560787,146.0172363560787,138.7734722677169,142.48916625976562,22294144,0.0,0.0
2008-06-26 00:00:00+05:30,141.9466839209714,146.83296054395586,141.9466839209714,145.6175079345703,17161832,0.0,0.0
2008-06-27 00:00:00+05:30,141.95081357672063,143.97792285022896,138.26775027259947,139.1201934814453,11410480,0.0,0.0
2008-06-30 00:00:00+05:30,139.89922122720301,142.65642268988296,139.49135177756102,141.6775360107422,11685696,0.0,0.0
2008-07-01 00:00:00+05:30,142.26490409553364,144.304251918004,139.087604171226,140.06240844726562,12359840,0.0,0.0
2008-07-02 00:00:00+05:30,140.71498000584,150.42227427870665,140.47025830148203,148.51344299316406,14378920,0.0,0.0
2008-07-03 00:00:00+05:30,146.9349745109379,146.9349745109379,141.2859824305035,142.1873779296875,12169160,0.0,0.0
2008-07-04 00:00:00+05:30,142.59113676949875,145.93566572118607,141.2329297280565,143.2274169921875,9633904,0.0,0.0
2008-07-07 00:00:00+05:30,145.20155928915173,148.87238522623701,144.7936897405867,146.8167266845703,8322808,0.0,0.0
2008-07-08 00:00:00+05:30,144.9568117217587,144.9568117217587,139.63003238388578,141.66122436523438,12996936,0.0,0.0
2008-07-09 00:00:00+05:30,143.24376953307555,149.44338598211525,142.9174739304945,148.61949157714844,15005024,0.0,0.0
2008-07-10 00:00:00+05:30,153.7667626070689,153.7667626070689,145.20150527351865,147.26124572753906,15071872,0.0,0.0
2008-07-11 00:00:00+05:30,150.5038047104283,152.92247218147088,133.9035205594407,136.7871551513672,52769872,0.0,0.0
2008-07-14 00:00:00+05:30,135.43309625824153,136.22844195227427,125.81145669148025,126.8923110961914,29510328,0.0,0.0
2008-07-15 00:00:00+05:30,125.21595307976521,128.8052051550158,122.60558793412842,126.00314331054688,25855776,0.0,0.0
2008-07-16 00:00:00+05:30,127.35319293242254,128.64206478079757,124.64494292013867,126.24378967285156,12527008,0.0,0.0
2008-07-17 00:00:00+05:30,128.8867626426436,131.15452105705148,127.67130953503292,129.0743865966797,13024680,0.0,0.0
2008-07-18 00:00:00+05:30,129.29463179459844,130.43666639720055,122.60557197935738,126.22745513916016,17338848,0.0,0.0
2008-07-21 00:00:00+05:30,125.13434178357285,129.1885599560424,124.40833220279616,127.36131286621094,10304048,0.0,0.0
2008-07-22 00:00:00+05:30,127.16554190033497,130.3754725506546,126.12954749997326,128.74807739257812,9302648,0.0,0.0
2008-07-23 00:00:00+05:30,130.5182257128647,134.60507566394872,126.875949485015,130.70176696777344,16016456,0.0,0.0
2008-07-24 00:00:00+05:30,132.2312516385211,132.2312516385211,121.14128729326949,127.85073852539062,22910080,0.0,0.0
2008-07-25 00:00:00+05:30,124.40019646065768,129.04990872181014,120.33373957118252,126.49256896972656,10614584,0.0,0.0
2008-07-28 00:00:00+05:30,126.70874017312532,130.1919416463527,124.48176876712668,125.57893371582031,10468480,0.0,0.0
2008-07-29 00:00:00+05:30,124.79176820321925,126.10510612796104,123.00529762987992,125.68091583251953,8414120,0.0,0.0
2008-07-30 00:00:00+05:30,127.26343949870792,131.31358562844892,126.76584069986622,130.6854705810547,14986328,0.0,0.0
2008-07-31 00:00:00+05:30,131.17084100970564,131.4971366341079,127.28384239246337,129.16819763183594,19956728,0.0,0.0
2008-08-01 00:00:00+05:30,127.25531470679819,134.31145875945077,126.03170591154051,133.73635864257812,10149664,0.0,0.0
2008-08-04 00:00:00+05:30,133.61801894637833,137.3663348476413,132.4759845964093,135.31883239746094,9726304,0.0,0.0
2008-08-05 00:00:00+05:30,135.3188459304112,138.31261367902283,131.99470990074008,136.9258575439453,14116240,0.0,0.0
2008-08-06 00:00:00+05:30,138.92036638693492,140.71499237666632,134.40932525691818,138.62261962890625,26720328,0.0,0.0
2008-08-07 00:00:00+05:30,138.92033924818438,141.44912992152183,137.20728750172995,140.80877685546875,7737432,0.0,0.0
2008-08-08 00:00:00+05:30,135.8491225699362,140.28674570787953,135.8491225699362,137.0115509033203,9523408,0.0,0.0
2008-08-11 00:00:00+05:30,138.2677788366445,140.06240487464225,135.1353386696797,136.2610626220703,13456128,0.0,0.0
2008-08-12 00:00:00+05:30,135.0088397389385,138.41454886724657,129.34352839995447,130.83633422851562,26516792,0.0,0.0
2008-08-13 00:00:00+05:30,130.46927485014479,133.29172930532948,129.4740674694209,132.6350555419922,13614136,0.0,0.0
2008-08-14 00:00:00+05:30,133.78118253155446,139.0345431542217,132.06813080401628,138.1453857421875,16376056,0.0,0.0
2008-08-18 00:00:00+05:30,138.75724691995114,141.6939082304263,138.28004144854984,139.030517578125,9670840,0.0,0.0
2008-08-19 00:00:00+05:30,139.5729214441933,139.8747408446956,137.31740146437215,138.08419799804688,6709328,0.0,0.0
2008-08-20 00:00:00+05:30,137.06458878072,139.46693691164415,137.06458878072,138.6185760498047,4518864,0.0,0.0
2008-08-21 00:00:00+05:30,138.6755912561667,138.92031288779523,134.81714288105744,135.53091430664062,4685448,0.0,0.0
2008-08-22 00:00:00+05:30,135.40454856833654,138.89590628636847,134.28697991635318,138.39015197753906,8749992,0.0,0.0
2008-08-25 00:00:00+05:30,141.93855952663515,142.34642895056226,138.75717802000366,139.20175170898438,2461128,0.0,0.0
2008-08-26 00:00:00+05:30,140.31524742387117,141.9263317654528,137.8598753049601,138.51246643066406,18578752,0.0,0.0
2008-08-27 00:00:00+05:30,138.8387740151301,140.22553027732587,138.39011757736088,139.3445281982422,10978448,0.0,0.0
2008-08-28 00:00:00+05:30,139.736096822645,140.0623924369419,138.3493404618832,138.62669372558594,11480800,0.0,0.0
2008-08-29 00:00:00+05:30,139.4097967655938,142.75432670555244,139.4097967655938,142.680908203125,9186688,0.0,0.0
2008-09-01 00:00:00+05:30,142.75429741251745,144.11657729615422,138.83059557232903,140.57627868652344,11153904,0.0,0.0
2008-09-02 00:00:00+05:30,142.67271159679314,145.36464955144962,140.4171918947509,144.81402587890625,8403728,0.0,0.0
2008-09-04 00:00:00+05:30,143.65983084291366,147.24092798035795,142.88487859038545,145.9357452392578,21589384,0.0,0.0
2008-09-05 00:00:00+05:30,145.19746753546082,145.19746753546082,139.20586822462732,139.6790008544922,11020920,0.0,0.0
2008-09-08 00:00:00+05:30,142.9990924680586,143.73325780303438,141.55931068069407,142.75845336914062,9518400,0.0,0.0
2008-09-09 00:00:00+05:30,142.57895639199273,143.40693356882403,140.07871406262396,142.70947265625,9329816,0.0,0.0
2008-09-10 00:00:00+05:30,141.8773873642538,144.56932571872863,140.4049746751455,143.54965209960938,10927472,0.0,0.0
2008-09-11 00:00:00+05:30,142.61159366376538,143.57008714327304,141.31456645313634,142.807373046875,13265864,0.0,0.0
2008-09-12 00:00:00+05:30,142.9990374340048,142.9990374340048,133.55685912083536,134.10748291015625,24315128,0.0,0.0
2008-09-15 00:00:00+05:30,133.78119893674335,133.78119893674335,124.15547852544108,128.73585510253906,17211760,0.0,0.0
2008-09-16 00:00:00+05:30,124.81213482931841,129.37619000823648,123.17657434579891,127.77734375,15700792,0.0,0.0
2008-09-17 00:00:00+05:30,128.88674967344838,134.34811777303005,128.07101075146454,128.80517578125,18332656,0.0,0.0
2008-09-18 00:00:00+05:30,123.1847536926735,127.25529360134385,115.93691412237817,124.4328384399414,26780192,0.0,0.0
2008-09-19 00:00:00+05:30,128.47888522332792,134.26247639731235,126.92898121111001,132.55349731445312,31199944,0.0,0.0
2008-09-22 00:00:00+05:30,134.18905444639927,135.4412117167046,131.17082039502128,132.95729064941406,12823792,0.0,0.0
2008-09-23 00:00:00+05:30,130.5181878802072,132.4759606984103,125.30561576019193,125.94596862792969,13378256,0.0,0.0
2008-09-24 00:00:00+05:30,126.43953901981457,127.8915583542393,121.54510525130563,124.34309387207031,19385704,0.0,0.0
2008-09-25 00:00:00+05:30,124.8121834422002,124.8121834422002,121.63080048157482,122.91966247558594,18414264,0.0,0.0
2008-09-26 00:00:00+05:30,122.52397789632249,122.91960925550299,117.14418404835554,118.02925872802734,9755960,0.0,0.0
2008-09-29 00:00:00+05:30,117.88242770018407,118.44528953871564,111.4299349241636,113.65690612792969,17209792,0.0,0.0
2008-09-30 00:00:00+05:30,111.75625103358769,118.58398297129798,107.67755574039106,114.04440307617188,23483064,0.0,0.0
2008-10-01 00:00:00+05:30,116.24283222277118,119.66893675144235,115.42709304927806,118.22508239746094,26368016,0.0,0.0
2008-10-03 00:00:00+05:30,116.89535525604376,117.46637234382625,112.57194016283349,113.54267120361328,13768264,0.0,0.0
2008-10-06 00:00:00+05:30,110.94052320502306,113.38774062866327,104.00674050470911,107.56744384765625,12918216,0.0,0.0
2008-10-07 00:00:00+05:30,108.99494728109227,112.00094291998778,103.28477539150803,106.19288635253906,18535736,0.0,0.0
2008-10-08 00:00:00+05:30,106.04610948750809,106.04610948750809,97.25651848960116,102.31410217285156,22855192,0.0,0.0
2008-10-10 00:00:00+05:30,97.8886776891288,104.41458953507072,84.83685399724496,99.9443359375,37255704,0.0,0.0
2008-10-13 00:00:00+05:30,101.96734885426756,110.9404755534431,99.52013248176513,107.55924224853516,19877088,0.0,0.0
2008-10-14 00:00:00+05:30,112.97984639110388,115.14155464335244,110.12476002020956,114.03622436523438,15414536,0.0,0.0
2008-10-15 00:00:00+05:30,112.5719861983947,112.5719861983947,106.78023908239034,108.93379211425781,12564520,0.0,0.0
2008-10-16 00:00:00+05:30,106.84615110275014,106.84615110275014,98.89021829979366,103.80514526367188,13400072,1.25,0.0
2008-10-17 00:00:00+05:30,104.79555117626481,107.58587603349989,97.82588918936077,98.85325622558594,12160624,0.0,0.0
2008-10-20 00:00:00+05:30,101.91476903152999,107.74609797223964,100.35317176411138,106.39820098876953,11699384,0.0,0.0
2008-10-21 00:00:00+05:30,108.48996026917429,114.57197319335528,107.09274108388946,110.75838470458984,18240528,0.0,0.0
2008-10-22 00:00:00+05:30,108.65433599689045,109.25432234951133,105.41196969606608,106.80918884277344,15020952,0.0,0.0
2008-10-23 00:00:00+05:30,105.12020810407992,111.64604632915832,101.55730078984963,105.46951293945312,20359160,0.0,0.0
2008-10-24 00:00:00+05:30,102.67915726005954,106.84615322258871,98.62721835931266,102.41614532470703,18683728,0.0,0.0
2008-10-27 00:00:00+05:30,101.09293400587396,106.02429664030684,95.33967759903561,102.8846664428711,20009112,0.0,0.0
2008-10-29 00:00:00+05:30,108.92965062857908,110.95562006825307,105.20236569434365,107.20367431640625,24898056,0.0,0.0
2008-10-31 00:00:00+05:30,109.7186587452312,118.34443625939063,109.7186587452312,114.1568832397461,31084944,0.0,0.0
2008-11-03 00:00:00+05:30,115.15549664802519,118.92798983170925,110.99671753125317,113.30623626708984,18262272,0.0,0.0
2008-11-04 00:00:00+05:30,110.95563534943189,113.2528239348104,105.61332698075553,109.46800994873047,22243704,0.0,0.0
2008-11-05 00:00:00+05:30,110.87342440883619,114.65413421076833,107.1009315346803,108.65431213378906,17302080,0.0,0.0
2008-11-06 00:00:00+05:30,106.43523306469109,108.32558855541534,101.09703755077695,102.38329315185547,13453256,0.0,0.0
2008-11-07 00:00:00+05:30,101.50385860782237,106.02427336363631,98.80394016478964,103.78872680664062,10109256,0.0,0.0
2008-11-10 00:00:00+05:30,105.61333640279902,111.35837515222023,101.66824679397851,110.01046752929688,10322104,0.0,0.0
2008-11-11 00:00:00+05:30,110.01044644884848,110.82412303132551,102.43259229047717,103.287353515625,9235216,0.0,0.0
2008-11-12 00:00:00+05:30,99.86005432175155,107.40914366451968,99.86005432175155,103.51336669921875,13394360,0.0,0.0
2008-11-14 00:00:00+05:30,105.28458642642867,106.41057681924143,97.64097476549358,99.71214294433594,16017160,0.0,0.0
2008-11-17 00:00:00+05:30,99.86006437713188,102.24355562563956,96.26428016602117,101.2901611328125,18043056,0.0,0.0
2008-11-18 00:00:00+05:30,100.27099997146006,100.27099997146006,96.16153275951497,97.02452087402344,15308640,0.0,0.0
2008-11-19 00:00:00+05:30,97.14781838992924,98.62722679180635,92.57397874088316,96.38345336914062,22541064,0.0,0.0
2008-11-20 00:00:00+05:30,95.21636627065584,95.21636627065584,90.4986953612437,92.2041244506836,11597904,0.0,0.0
2008-11-21 00:00:00+05:30,92.05211561917773,98.62726673483328,89.58643395080689,97.36566162109375,12197704,0.0,0.0
2008-11-24 00:00:00+05:30,93.28488974816491,100.25454896012143,93.28488974816491,98.31487274169922,14039264,0.0,0.0
2008-11-25 00:00:00+05:30,97.39853290806882,101.66005043501501,96.6218372144371,97.14373779296875,9909928,0.0,0.0
2008-11-26 00:00:00+05:30,96.90125428251272,98.21628402680467,93.8725784092665,97.56698608398438,14369440,0.0,0.0
2008-11-27 00:00:00+05:30,97.56698608398438,97.56698608398438,97.56698608398438,97.56698608398438,0,0.0,0.0
2008-11-28 00:00:00+05:30,96.17387279635969,103.14763734664662,92.06029169221196,102.2312240600586,24031424,0.0,0.0
2008-12-01 00:00:00+05:30,102.73669218391056,106.73930969824367,100.10663286400245,101.1915283203125,18738696,0.0,0.0
2008-12-02 00:00:00+05:30,100.5997957025713,100.5997957025713,96.73689505059349,99.31352996826172,12814328,0.0,0.0
2008-12-03 00:00:00+05:30,98.95596378705778,100.43537188354205,93.69584611066934,95.05608367919922,17869336,0.0,0.0
2008-12-04 00:00:00+05:30,95.33964932529126,98.45873125342789,94.38214135781902,98.0025863647461,11324040,0.0,0.0
2008-12-05 00:00:00+05:30,97.96971596406388,97.96971596406388,92.26577244078803,93.24382781982422,12210128,0.0,0.0
2008-12-08 00:00:00+05:30,94.94514486887232,97.80533861635159,93.53970881633957,95.15473175048828,23661144,0.0,0.0
2008-12-10 00:00:00+05:30,97.38618581430694,99.17790804760207,95.26569607051067,96.46977233886719,22436400,0.0,0.0
2008-12-11 00:00:00+05:30,96.7245582024339,96.79441716044741,92.24113408289178,93.27671813964844,16501136,0.0,0.0
2008-12-12 00:00:00+05:30,92.05208613345964,92.05208613345964,88.5343774002071,90.80691528320312,13078352,0.0,0.0
2008-12-15 00:00:00+05:30,92.05209123058343,93.53149983964637,89.5905236969897,90.59734344482422,13738152,0.0,0.0
2008-12-16 00:00:00+05:30,90.65487717706337,93.12055833328449,89.17958196507732,92.44660949707031,8900720,0.0,0.0
2008-12-17 00:00:00+05:30,93.66709567314751,96.65467656902396,92.29864097535197,93.82325744628906,24437040,0.0,0.0
2008-12-18 00:00:00+05:30,94.10681669795903,97.34507947125974,94.10681669795903,96.7409896850586,12669424,0.0,0.0
2008-12-19 00:00:00+05:30,97.0738406380809,98.62722138141413,94.45611181049182,97.91217803955078,12520736,0.0,0.0
2008-12-22 00:00:00+05:30,98.62724646702733,99.03819332730662,95.84102474775734,97.54235076904297,8749184,0.0,0.0
2008-12-23 00:00:00+05:30,96.63825850610381,97.80534346539548,95.63554224244405,96.65880584716797,7100208,0.0,0.0
2008-12-24 00:00:00+05:30,96.98343150254206,100.45593148642546,95.97249849999936,96.49029541015625,8551056,0.0,0.0
2008-12-26 00:00:00+05:30,95.09721996472486,97.7067326102133,90.81925900046396,91.16856384277344,11889320,0.0,0.0
2008-12-29 00:00:00+05:30,91.23429452295925,92.01919681760332,87.53166018913089,91.53839111328125,14264688,0.0,0.0
2008-12-30 00:00:00+05:30,92.21645865524385,93.19040053018705,89.68091899558621,92.70137786865234,8457504,0.0,0.0
2008-12-31 00:00:00+05:30,93.28492181513512,93.61367924884486,90.66307927472391,91.67811584472656,7221320,0.0,0.0
2009-01-02 00:00:00+05:30,95.75059384739086,95.75059384739086,92.36439660173374,93.04656219482422,9012080,0.0,0.0
2009-01-05 00:00:00+05:30,93.69587046287837,97.36973084419152,93.67120964170948,96.39168548583984,11241232,0.0,0.0
2009-01-06 00:00:00+05:30,96.98343004349216,97.805323518437,94.13556714623239,96.04236602783203,11563864,0.0,0.0
2009-01-07 00:00:00+05:30,96.25606594842269,98.42586694578964,94.15612389683467,97.60397338867188,22538352,0.0,0.0
2009-01-09 00:00:00+05:30,97.48477475420027,104.10101666402446,96.16152837881113,98.90665435791016,40182160,0.0,0.0
2009-01-12 00:00:00+05:30,94.6533764973928,99.44501006678837,93.55203708954289,95.31499481201172,31269176,0.0,0.0
2009-01-13 00:00:00+05:30,96.97932405844716,102.11205522591146,91.96988695463325,100.94085693359375,43956656,0.0,0.0
2009-01-14 00:00:00+05:30,100.72305727495907,107.9968153890626,100.72305727495907,107.14204406738281,41551264,0.0,0.0
2009-01-15 00:00:00+05:30,103.55859477628374,103.87913529050081,99.86007353427361,102.87641906738281,25359176,0.0,0.0
2009-01-16 00:00:00+05:30,103.3942118552674,104.7010246476136,101.91480341854657,104.16679382324219,12717272,0.0,0.0
2009-01-19 00:00:00+05:30,104.13394523728967,104.60653417581723,101.96004013321625,103.72711181640625,9543688,0.0,0.0
2009-01-20 00:00:00+05:30,101.91481388946102,103.3120331121391,101.09292022906213,102.88053894042969,4974688,0.0,0.0
2009-01-21 00:00:00+05:30,101.1751194096738,102.86000157693482,99.77790005145735,100.58746337890625,7770736,0.0,0.0
2009-01-22 00:00:00+05:30,101.5038520910776,101.83260950675721,98.87379276564079,101.16687774658203,8776080,0.0,0.0
2009-01-23 00:00:00+05:30,99.44914873273964,100.82993431507475,97.85056932204846,99.00943756103516,11625024,0.0,0.0
2009-01-27 00:00:00+05:30,100.18883578690993,103.55859974692905,99.86007832739587,102.9093017578125,10507184,0.0,0.0
2009-01-28 00:00:00+05:30,103.8051603348125,106.5174091796651,102.73669866865846,105.75304412841797,7187848,0.0,0.0
2009-01-29 00:00:00+05:30,106.02426432175018,108.40775553518488,105.77769626518797,107.68038177490234,26001752,0.0,0.0
2009-01-30 00:00:00+05:30,106.92832843037283,107.99678982129892,105.77767770168319,107.3927001953125,11631672,0.0,0.0
2009-02-02 00:00:00+05:30,106.18865877482486,106.59960559670886,104.21200054841027,105.17362213134766,16870008,0.0,0.0
2009-02-03 00:00:00+05:30,105.6954996268884,107.01052917123539,103.60788821866173,105.4078369140625,16125072,0.0,0.0
2009-02-04 00:00:00+05:30,105.61332214232465,107.35573247113149,104.90238220848701,105.3379898071289,7574304,0.0,0.0
2009-02-05 00:00:00+05:30,105.69552544765354,106.43522974705391,101.70934116755151,103.21751403808594,17537624,0.0,0.0
2009-02-06 00:00:00+05:30,103.468172697645,106.63246261074863,102.57230679359303,105.93385314941406,14020016,0.0,0.0
2009-02-09 00:00:00+05:30,104.21610385717447,108.48995038759489,104.21610385717447,107.84065246582031,11513640,0.0,0.0
2009-02-10 00:00:00+05:30,108.03793614024296,108.90092459933201,106.43524328764903,107.53658294677734,13367760,0.0,0.0
2009-02-11 00:00:00+05:30,106.02423380228998,107.2488568039461,105.20234051700092,107.00228881835938,7057024,0.0,0.0
2009-02-12 00:00:00+05:30,106.43518842520886,106.43518842520886,102.7448852909948,103.11063385009766,11242656,0.0,0.0
2009-02-13 00:00:00+05:30,104.37634275766904,105.19823611387062,102.24764699140924,102.87228393554688,12791336,0.0,0.0
2009-02-16 00:00:00+05:30,103.55448049603743,103.55859397720475,99.86828969318691,100.39019012451172,11885736,0.0,0.0
2009-02-17 00:00:00+05:30,99.28477379323569,100.17242313500414,95.75063035523144,96.48622131347656,15025184,0.0,0.0
2009-02-18 00:00:00+05:30,96.8601887200688,97.64098786545756,91.66992713124992,96.88484954833984,11096656,0.0,0.0
2009-02-19 00:00:00+05:30,96.57249877662088,99.75322302104742,96.325930694638,99.35460662841797,9882800,0.0,0.0
2009-02-20 00:00:00+05:30,97.8053455186565,98.32724598606627,95.75061136910489,96.74921417236328,7635856,0.0,0.0
2009-02-24 00:00:00+05:30,94.92869429998437,97.96970009141243,94.14789551569878,97.43958282470703,7708808,0.0,0.0
2009-02-25 00:00:00+05:30,97.96969428527024,100.63673438248546,97.80531560358355,100.06140899658203,10625008,0.0,0.0
2009-02-26 00:00:00+05:30,98.95599977561186,101.91481704465008,98.62724230127426,101.5860595703125,16571848,0.0,0.0
2009-02-27 00:00:00+05:30,100.90387195597445,101.7380959557791,98.93544082254323,101.19564819335938,13326776,0.0,0.0
2009-03-02 00:00:00+05:30,100.10666741150867,100.91212736935239,97.80536471239353,100.1929702758789,11820592,0.0,0.0
2009-03-03 00:00:00+05:30,99.12033164627049,100.25454840960256,97.92447288564595,98.42993927001953,8818448,0.0,0.0
2009-03-04 00:00:00+05:30,98.7094225240298,100.02445229953727,96.98344594367624,98.56147766113281,8641608,0.0,0.0
2009-03-05 00:00:00+05:30,99.038207095374,100.66556090146393,96.6218372144371,97.14373779296875,6939760,0.0,0.0
2009-03-06 00:00:00+05:30,97.14780506691669,101.75040835265892,94.64103006307492,100.21757507324219,10278952,0.0,0.0
2009-03-09 00:00:00+05:30,99.04636389154226,99.94222963414757,97.81352388783155,98.79569244384766,9863440,0.0,0.0
2009-03-12 00:00:00+05:30,99.62172275438353,103.21750730870413,99.53131646359395,100.91210174560547,16502352,0.0,0.0
2009-03-13 00:00:00+05:30,102.68740365529972,106.84207040117217,101.9148215498774,106.60372924804688,14660976,0.0,0.0
2009-03-16 00:00:00+05:30,107.09274204078464,107.09274204078464,104.30652057512731,105.84346771240234,13499264,0.0,0.0
2009-03-17 00:00:00+05:30,105.53114628122992,105.53114628122992,103.31203339213864,104.0106430053711,9897992,0.0,0.0
2009-03-18 00:00:00+05:30,103.96953910996844,107.0105453922363,103.96953910996844,105.0421142578125,14668304,0.0,0.0
2009-03-19 00:00:00+05:30,105.6133594973191,107.71740574220642,104.38051872497685,106.6160659790039,13425064,0.0,0.0
2009-03-20 00:00:00+05:30,108.76942396543696,108.76942396543696,105.61334986937855,106.53386688232422,9503144,0.0,0.0
2009-03-23 00:00:00+05:30,106.86258164489385,110.12960808690839,106.45163492262786,109.4186782836914,12242840,0.0,0.0
2009-03-24 00:00:00+05:30,110.54468181262791,111.79806946886775,107.75846068824661,108.55158996582031,10746656,0.0,0.0
2009-03-25 00:00:00+05:30,107.85298767602166,110.95563601648256,107.85298767602166,110.04743957519531,13099280,0.0,0.0
2009-03-26 00:00:00+05:30,110.54469453191571,114.82675838787685,110.31456029966327,113.3514633178711,23946120,0.0,0.0
2009-03-27 00:00:00+05:30,113.01035835087903,113.91444121768608,109.31595101285133,110.53646087646484,16699616,0.0,0.0
2009-03-30 00:00:00+05:30,108.489978424521,109.22968282287,104.02298775884555,106.95304107666016,12393408,0.0,0.0
2009-03-31 00:00:00+05:30,107.6680291850297,110.12549231575213,106.92832516772796,108.81046295166016,12775224,0.0,0.0
2009-04-01 00:00:00+05:30,109.40638105039153,113.41721625617274,107.28589130735823,112.90764617919922,12438888,0.0,0.0
2009-04-02 00:00:00+05:30,114.73633593415737,117.94172067730359,113.63089315768583,116.6595687866211,15717736,0.0,0.0
2009-04-06 00:00:00+05:30,118.6197890948496,120.73616503054498,113.75418318982052,116.21986389160156,13856976,0.0,0.0
2009-04-08 00:00:00+05:30,114.24731958063288,117.91296289207386,111.48986264327725,117.13216400146484,19805776,0.0,0.0
2009-04-09 00:00:00+05:30,117.94174039288676,118.09790219510523,114.73635511391632,117.28422546386719,15061688,0.0,0.0
2009-04-13 00:00:00+05:30,117.94171475175457,120.56766041547985,113.191166409229,115.82945251464844,18836512,0.0,0.0
2009-04-15 00:00:00+05:30,110.79126501664817,113.58570345178619,106.85850587259644,112.64874267578125,44636272,0.0,0.0
2009-04-16 00:00:00+05:30,112.76379786146452,115.06509985863727,108.48995129528657,110.56111907958984,27307312,0.0,0.0
2009-04-17 00:00:00+05:30,110.95561769559075,116.77462743677785,110.95561769559075,114.84317779541016,23499408,0.0,0.0
2009-04-20 00:00:00+05:30,113.83635854256752,115.88697872746567,112.84597290270239,114.52674102783203,14932696,0.0,0.0
2009-04-21 00:00:00+05:30,113.33915055204687,114.2350167653075,111.36660550980676,111.97891235351562,8013864,0.0,0.0
2009-04-22 00:00:00+05:30,111.94189651670489,114.078819651385,111.40766573303486,113.51171112060547,10622240,0.0,0.0
2009-04-23 00:00:00+05:30,112.6939379156412,119.97179939746108,111.48164491001913,119.2115478515625,12194592,0.0,0.0
2009-04-24 00:00:00+05:30,118.44310423441368,119.83210665419728,115.43908865043201,119.05952453613281,11411288,0.0,0.0
2009-04-27 00:00:00+05:30,119.001996670538,119.1663754186062,116.29796425823987,118.0157241821289,9638104,0.0,0.0
2009-04-28 00:00:00+05:30,117.53078809301897,120.74439015248264,116.54451574538525,117.5924301147461,9435696,0.0,0.0
2009-04-29 00:00:00+05:30,118.35268286969935,124.73468892129793,117.55955350916992,124.04429626464844,15414232,0.0,0.0
2009-04-30 00:00:00+05:30,124.04429626464844,124.04429626464844,124.04429626464844,124.04429626464844,0,0.0,0.0
2009-05-04 00:00:00+05:30,124.9360843362049,134.45361930027894,124.9360843362049,133.8207550048828,20014080,0.0,0.0
2009-05-05 00:00:00+05:30,132.78099180658344,133.55767705383747,127.41813738949858,130.02764892578125,18430600,0.0,0.0
2009-05-06 00:00:00+05:30,129.48935418558597,132.24269811780886,127.22092954949522,129.30442810058594,14468192,0.0,0.0
2009-05-07 00:00:00+05:30,129.03731162335788,129.36195562352495,125.69220825875871,127.61954498291016,14538144,0.0,0.0
2009-05-08 00:00:00+05:30,127.31136101419104,129.11952753601946,123.38270428542837,124.98539733886719,12951168,0.0,0.0
2009-05-11 00:00:00+05:30,124.92785372378995,126.46479106894917,122.64298501753059,124.73471069335938,6537800,0.0,0.0
2009-05-12 00:00:00+05:30,123.69500244262822,131.9139394820055,123.57993531750051,131.37559509277344,14131776,0.0,0.0
2009-05-13 00:00:00+05:30,131.5234761050429,131.5234761050429,128.21535555311166,129.3618927001953,7508488,0.0,0.0
2009-05-14 00:00:00+05:30,126.57162786593017,130.51671756564747,125.98808535442336,128.8071746826172,8547272,0.0,0.0
2009-05-15 00:00:00+05:30,129.11947714814391,132.0782939382987,128.2606023985983,130.9112091064453,8377648,0.0,0.0
2009-05-18 00:00:00+05:30,140.13283106223957,157.05561894313507,138.16028681268313,147.94903564453125,139624,0.0,0.0
2009-05-19 00:00:00+05:30,140.64651522848632,147.52987280358388,127.2291047910573,128.1290740966797,44417904,0.0,0.0
2009-05-20 00:00:00+05:30,128.05102971956362,132.1604979390618,124.54565132175539,125.82369995117188,33408600,0.0,0.0
2009-05-21 00:00:00+05:30,125.0100050438097,127.80444302638007,122.62651382338204,123.48128509521484,19423488,0.0,0.0
2009-05-22 00:00:00+05:30,122.46214671739685,125.66753176570455,122.05531339749477,125.11686706542969,9119160,0.0,0.0
2009-05-25 00:00:00+05:30,125.74972223057001,125.74972223057001,122.50735595483614,124.1922378540039,10456560,0.0,0.0
2009-05-26 00:00:00+05:30,125.26475466639518,128.26466518313518,124.19629338646038,127.2003173828125,11653664,0.0,0.0
2009-05-27 00:00:00+05:30,128.37975363418877,131.25638063623524,127.89894798470817,130.5290069580078,9898848,0.0,0.0
2009-05-28 00:00:00+05:30,124.72646089749642,133.88646058752386,124.72646089749642,129.77699279785156,20866896,0.0,0.0
2009-05-29 00:00:00+05:30,130.57837063100106,132.73584174292162,129.44826671523316,131.9221649169922,13918392,0.0,0.0
2009-06-01 00:00:00+05:30,132.76462888900417,138.546650458435,131.9427349904956,137.79051208496094,13187728,0.0,0.0
2009-06-02 00:00:00+05:30,139.7095793037881,140.37942458340567,136.68090344391314,138.7890625,10426160,0.0,0.0
2009-06-03 00:00:00+05:30,138.75618617475814,140.37942602487007,132.58787073118046,134.91383361816406,13714024,0.0,0.0
2009-06-04 00:00:00+05:30,135.47735851714833,136.68727169779422,132.67631790287416,135.0712890625,10945016,1.6875,0.0
2009-06-05 00:00:00+05:30,136.90272061806996,142.12358708231838,135.49391538168547,140.78936767578125,16594680,0.0,0.0
2009-06-08 00:00:00+05:30,140.7147803039152,145.18980865280298,140.21755493181658,144.369384765625,11278384,0.0,0.0
2009-06-09 00:00:00+05:30,143.36667071459283,149.16763426951857,142.55453177047218,148.73670959472656,16875544,0.0,0.0
2009-06-10 00:00:00+05:30,148.33890420841576,152.31670722629508,146.10139001085867,149.89688110351562,17733368,0.0,0.0
2009-06-11 00:00:00+05:30,152.8471062179112,152.8471062179112,142.58768366177327,145.10281372070312,16257800,0.0,0.0
2009-06-12 00:00:00+05:30,145.93567237936017,147.09586511832157,141.95786870292105,143.23822021484375,9467072,0.0,0.0
2009-06-15 00:00:00+05:30,142.94400525230273,147.17455826715195,139.5670163650714,142.13186645507812,16612752,0.0,0.0
2009-06-16 00:00:00+05:30,141.54347650214643,143.77684288413136,139.63744608086458,142.92327880859375,9519696,0.0,0.0
2009-06-17 00:00:00+05:30,140.71481224801533,144.36941753936824,138.92065493318037,141.8294219970703,13470704,0.0,0.0
2009-06-18 00:00:00+05:30,140.217602188926,146.0185668184915,139.69137384931705,143.01449584960938,12714408,0.0,0.0
2009-06-19 00:00:00+05:30,143.20091715456755,147.93284358593888,142.3017699005103,146.7146453857422,14974920,0.0,0.0
2009-06-22 00:00:00+05:30,147.52677583116585,148.27261394985945,144.85833683071502,146.38316345214844,9418608,0.0,0.0
2009-06-23 00:00:00+05:30,144.29896337949955,146.67321683175888,140.96340945213424,144.80447387695312,12632032,0.0,0.0
2009-06-24 00:00:00+05:30,145.05313401011526,147.08761944005266,142.72031524776793,145.64981079101562,10190424,0.0,0.0
2009-06-25 00:00:00+05:30,146.22571843126428,148.9853237379737,144.874918572745,145.77821350097656,13230880,0.0,0.0
2009-06-26 00:00:00+05:30,147.92457361910252,152.48247364658187,145.43844633138653,151.41343688964844,12946176,0.0,0.0
2009-06-29 00:00:00+05:30,154.13163885593033,171.54281856213703,146.764411436495,147.7547149658203,9795432,0.0,0.0
2009-06-30 00:00:00+05:30,148.7532808758526,149.08476451011634,145.70362739419514,147.2201690673828,8956848,0.0,0.0
2009-07-01 00:00:00+05:30,146.72710692130576,150.14138467343676,146.23401889288553,148.76986694335938,7992144,0.0,0.0
2009-07-02 00:00:00+05:30,148.4342703036299,149.4991597453404,146.27547850145152,148.8900604248047,8419040,0.0,0.0
2009-07-03 00:00:00+05:30,147.94115579497551,150.49358406452782,144.82935895624,149.5944366455078,8891848,0.0,0.0
2009-07-06 00:00:00+05:30,149.9963286895046,150.77531717110742,145.0530774915219,145.9522247314453,13548688,0.0,0.0
2009-07-07 00:00:00+05:30,148.91904703714164,148.91904703714164,142.9523406450024,144.02137756347656,12685960,0.0,0.0
2009-07-08 00:00:00+05:30,143.28378422291308,144.02962231314226,140.0518191652534,141.41090393066406,9024592,0.0,0.0
2009-07-09 00:00:00+05:30,141.70923719064012,141.70923719064012,138.39440123296433,139.02008056640625,10921792,0.0,0.0
2009-07-10 00:00:00+05:30,140.8805183330294,146.66491072042766,137.98003707323176,142.63323974609375,24205400,0.0,0.0
2009-07-13 00:00:00+05:30,141.94129196996602,147.08757321394552,140.97169629925386,146.68978881835938,8249000,0.0,0.0
2009-07-14 00:00:00+05:30,146.67322981993482,150.82091291421006,145.1152526210213,150.14552307128906,11646872,0.0,0.0
2009-07-15 00:00:00+05:30,149.30435595571345,151.11093546913224,145.43842652653638,148.47564697265625,15574832,0.0,0.0
2009-07-16 00:00:00+05:30,149.16766623877567,150.6261925076722,146.42464062171192,148.7615966796875,9393272,0.0,0.0
2009-07-17 00:00:00+05:30,149.35408660292583,155.3000739597076,149.333368876944,154.66197204589844,12571528,0.0,0.0
2009-07-20 00:00:00+05:30,154.97687738061776,165.24458453090395,154.97687738061776,163.3717041015625,20075736,0.0,0.0
2009-07-21 00:00:00+05:30,162.83305140479155,163.25569101822214,159.57208315309995,161.03060913085938,14524536,0.0,0.0
2009-07-22 00:00:00+05:30,161.03058393974962,163.653449827133,156.8456036825461,159.09555053710938,15314264,0.0,0.0
2009-07-23 00:00:00+05:30,159.11214701659222,163.96424283793039,159.11214701659222,162.32339477539062,17288488,0.0,0.0
2009-07-24 00:00:00+05:30,162.43524926013285,167.1506054989609,162.43524926013285,166.04428100585938,14041208,0.0,0.0
2009-07-27 00:00:00+05:30,165.74177894468625,169.46268390520953,165.3522898105964,168.0538787841797,10443320,0.0,0.0
2009-07-28 00:00:00+05:30,166.9848736698673,168.93648753015697,163.00707022760744,165.49734497070312,14101128,0.0,0.0
2009-07-29 00:00:00+05:30,162.4518048726604,165.56774822059586,161.1175754905577,164.47384643554688,13927608,0.0,0.0
2009-07-30 00:00:00+05:30,164.60233760835524,167.56497250803994,164.60233760835524,166.89785766601562,22281496,0.0,0.0
2009-07-31 00:00:00+05:30,168.3854026257823,172.28862043050162,167.95446782778612,171.07456970214844,16582960,0.0,0.0
2009-08-03 00:00:00+05:30,171.04554705102407,173.48194355278446,169.7320351205854,172.07728576660156,14640824,0.0,0.0
2009-08-04 00:00:00+05:30,172.37148676414373,172.98887097559393,167.48210324535313,169.36741638183594,9584856,0.0,0.0
2009-08-05 00:00:00+05:30,170.689212237885,174.60901039522952,170.689212237885,173.91290283203125,10347128,0.0,0.0
2009-08-06 00:00:00+05:30,174.02892006196979,174.02892006196979,169.0649502712722,170.58148193359375,6832848,0.0,0.0
2009-08-07 00:00:00+05:30,170.54832805897104,170.54832805897104,167.817735696489,169.02764892578125,9850600,0.0,0.0
2009-08-10 00:00:00+05:30,169.88535348001264,175.27196224889107,169.88535348001264,173.00958251953125,12412080,0.0,0.0
2009-08-11 00:00:00+05:30,172.2885805245996,174.8575781177995,170.66845057665142,172.7609405517578,9207256,0.0,0.0
2009-08-12 00:00:00+05:30,171.3770545882792,171.54279642056963,165.4103486258246,169.28871154785156,7314200,0.0,0.0
2009-08-13 00:00:00+05:30,169.9806625263909,172.67811475001866,168.77489683019414,171.02899169921875,11459720,0.0,0.0
2009-08-14 00:00:00+05:30,171.12838569025237,171.12838569025237,167.8964210210418,169.25135803222656,4906088,0.0,0.0
2009-08-17 00:00:00+05:30,167.8177570775621,167.8177570775621,163.35929762851094,164.29159545898438,10796904,0.0,0.0
2009-08-18 00:00:00+05:30,163.255694408334,165.49320900174772,162.01263074532636,163.53330993652344,10879064,0.0,0.0
2009-08-19 00:00:00+05:30,164.4987554254515,164.4987554254515,160.35520994873986,161.7225799560547,7609192,0.0,0.0
2009-08-20 00:00:00+05:30,163.33857368307628,165.46006708669302,162.42699361685922,164.95040893554688,4696576,0.0,0.0
2009-08-21 00:00:00+05:30,165.32746831986853,169.47101389179505,163.25569553390525,168.48484802246094,9837224,0.0,0.0
2009-08-24 00:00:00+05:30,170.70575811037253,172.7360951519664,169.93920228854628,172.0316925048828,5919008,0.0,0.0
2009-08-25 00:00:00+05:30,169.98893065896408,174.43909386488517,168.64227855746103,173.61453247070312,8148232,0.0,0.0
2009-08-26 00:00:00+05:30,174.4432720669689,181.3215578539325,174.4432720669689,180.62957763671875,14303176,0.0,0.0
2009-08-27 00:00:00+05:30,180.6337132756177,182.64748037702225,179.05089107952008,181.63645935058594,13123784,0.0,0.0
2009-08-28 00:00:00+05:30,180.74144156483598,182.2331178363477,177.44317554028478,181.5411376953125,7292688,0.0,0.0
2009-08-31 00:00:00+05:30,179.46522440159077,179.46522440159077,175.8727628884381,176.6103057861328,10788632,0.0,0.0
2009-09-01 00:00:00+05:30,177.33960991308834,181.48730324135994,175.90181168195437,177.74981689453125,11446120,0.0,0.0
2009-09-02 00:00:00+05:30,177.34374129519196,180.65857758108342,175.68632315224625,179.40309143066406,7847928,0.0,0.0
2009-09-03 00:00:00+05:30,179.91272919159334,182.64746897202753,177.00395242317907,181.25523376464844,13643728,0.0,0.0
2009-09-04 00:00:00+05:30,180.6544006692643,183.6419004334867,179.09229646235897,182.40298461914062,9014920,0.0,0.0
2009-09-07 00:00:00+05:30,183.5590334585283,184.80209689052737,182.0010565773257,184.32144165039062,8133400,0.0,0.0
2009-09-08 00:00:00+05:30,184.64464134256292,185.54792596655614,182.096361430338,182.63087463378906,7909128,0.0,0.0
2009-09-09 00:00:00+05:30,182.73867241786516,183.84913464469494,180.40999149042185,181.4624481201172,7556600,0.0,0.0
2009-09-10 00:00:00+05:30,183.47619173980186,186.4512492672915,183.47619173980186,185.65570068359375,8824944,0.0,0.0
2009-09-11 00:00:00+05:30,182.96651314157265,188.52299045111388,182.96651314157265,187.90145874023438,9594120,0.0,0.0
2009-09-14 00:00:00+05:30,184.6239796091378,187.59903742171474,184.6239796091378,186.47198486328125,6304472,0.0,0.0
2009-09-15 00:00:00+05:30,186.11974158881145,188.5312928117036,185.63081138383123,188.1625213623047,6428216,0.0,0.0
2009-09-16 00:00:00+05:30,188.93325707574147,192.6748706648216,188.29928245877633,192.26466369628906,10085952,0.0,0.0
2009-09-17 00:00:00+05:30,193.0892142328646,196.3874803936596,192.2605051589038,195.7327880859375,10261328,0.0,0.0
2009-09-18 00:00:00+05:30,194.87924233857655,197.89573540515624,194.04638563685984,195.92755126953125,5975112,0.0,0.0
2009-09-22 00:00:00+05:30,195.51321679211523,200.63049607023885,194.75495597170186,199.73133850097656,13272872,0.0,0.0
2009-09-23 00:00:00+05:30,198.89019391075448,199.2092550230157,195.41791070159192,196.15130615234375,10933336,0.0,0.0
2009-09-24 00:00:00+05:30,193.9179520176482,193.9179520176482,187.28413085198036,189.31446838378906,44169688,0.0,0.0
2009-09-25 00:00:00+05:30,189.7660709475432,189.9649732522126,185.05901988600877,185.67225646972656,21200256,0.0,0.0
2009-09-29 00:00:00+05:30,188.8752786561559,190.60314570025977,188.3822006517549,190.21780395507812,6782824,0.0,0.0
2009-09-30 00:00:00+05:30,187.61976493313125,192.6748911084497,187.61976493313125,191.13348388671875,8042976,0.0,0.0
2009-10-01 00:00:00+05:30,193.08925711510463,194.7466756311141,189.6335435556568,193.6486358642578,15046512,0.0,0.0
2009-10-05 00:00:00+05:30,191.84617825643602,193.5035966431007,189.86969873747518,192.51744079589844,7023408,0.0,0.0
2009-10-06 00:00:00+05:30,193.9096183354932,194.96209499202297,189.04924795490598,191.6265411376953,10445384,0.0,0.0
2009-10-07 00:00:00+05:30,191.8503006064406,192.93177000787833,184.55351307278082,186.68743896484375,15837168,0.0,0.0
2009-10-08 00:00:00+05:30,187.4540003839682,187.69846552459833,181.42514161830346,183.2110137939453,18074064,0.0,0.0
2009-10-09 00:00:00+05:30,184.80209787318725,188.68045984807742,179.54809116552795,180.4596710205078,25903608,0.0,0.0
2009-10-12 00:00:00+05:30,181.4872708415144,186.0451703375342,181.32152904165915,185.58108520507812,9146696,0.0,0.0
2009-10-13 00:00:00+05:30,185.58108520507812,185.58108520507812,185.58108520507812,185.58108520507812,0,0.0,0.0
2009-10-14 00:00:00+05:30,189.608627394788,189.608627394788,183.22756781900185,186.9443359375,8163800,0.0,0.0
2009-10-15 00:00:00+05:30,188.5383842101873,189.0919214477353,181.96243173663112,184.57615661621094,7204728,1.25,0.0
2009-10-16 00:00:00+05:30,184.62611269075316,186.4241028007685,181.88336183493107,182.29122924804688,8313992,0.0,0.0
2009-10-20 00:00:00+05:30,183.04454737846297,185.04230505790048,180.64723409868952,182.15805053710938,12591872,0.0,0.0
2009-10-21 00:00:00+05:30,183.5273779260497,186.37417909838695,181.46302386533432,184.50961303710938,12899344,0.0,0.0
2009-10-22 00:00:00+05:30,183.12783051014986,187.2898266581078,182.39531512365988,184.22242736816406,15117160,0.0,0.0
2009-10-23 00:00:00+05:30,185.62499513879288,189.37079100482234,184.13915464970393,188.1221923828125,12532216,0.0,0.0
2009-10-26 00:00:00+05:30,188.57168135591965,191.40183825645985,185.62499671190162,189.2792205810547,10029776,0.0,0.0
2009-10-27 00:00:00+05:30,188.5383939584288,191.44762471466316,184.43049631878156,186.673828125,14337256,0.0,0.0
2009-10-28 00:00:00+05:30,186.50735328426882,188.78811872372665,184.8217450813784,187.84750366210938,12262776,0.0,0.0
2009-10-29 00:00:00+05:30,187.20657042108246,187.20657042108246,182.72825889169158,183.8228759765625,15260688,0.0,0.0
2009-10-30 00:00:00+05:30,185.45846289448625,187.20650047113983,178.31231067246216,183.64382934570312,14282728,0.0,0.0
2009-11-03 00:00:00+05:30,183.37748021800803,187.0650114606936,177.30930028158693,178.3872528076172,12042264,0.0,0.0
2009-11-04 00:00:00+05:30,179.71487471143246,188.12210136537163,179.71487471143246,186.22006225585938,12771288,0.0,0.0
2009-11-05 00:00:00+05:30,185.30449593320466,186.64466645699812,180.2019063023528,184.92991638183594,9016400,0.0,0.0
2009-11-06 00:00:00+05:30,186.49066952582157,187.28978071911988,182.50765238254004,184.67605590820312,6601328,0.0,0.0
2009-11-09 00:00:00+05:30,185.62496226490214,186.45736119882548,183.12776546313216,185.79977416992188,5086712,0.0,0.0
2009-11-10 00:00:00+05:30,188.6215986717482,188.9420803906203,183.17771776572243,184.62191772460938,6127880,0.0,0.0
2009-11-11 00:00:00+05:30,184.1266753809726,192.70038585305227,183.96019556598077,192.01365661621094,9474696,0.0,0.0
2009-11-12 00:00:00+05:30,190.34467208190776,195.53052182961915,190.34467208190776,193.6492919921875,8001216,0.0,0.0
2009-11-13 00:00:00+05:30,194.1903549656266,197.65314294137988,192.50060125007363,196.4211883544922,7251216,0.0,0.0
2009-11-16 00:00:00+05:30,197.06216036945082,197.66981579405763,194.39017137634937,195.77610778808594,5099088,0.0,0.0
2009-11-17 00:00:00+05:30,196.11740618685533,200.1753520511058,196.11740618685533,199.63429260253906,8147944,0.0,0.0
2009-11-18 00:00:00+05:30,199.7465732201586,203.3883180304522,199.71745145501825,202.547607421875,8816704,0.0,0.0
2009-11-19 00:00:00+05:30,197.09964610249398,201.44059965627125,197.09964610249398,200.60403442382812,6498616,0.0,0.0
2009-11-20 00:00:00+05:30,199.8673312594882,203.85451432544215,198.11096124726512,201.99826049804688,6156416,0.0,0.0
2009-11-23 00:00:00+05:30,201.5155325247581,201.5155325247581,199.02666681932112,200.35433959960938,4655008,0.0,0.0
2009-11-24 00:00:00+05:30,200.83295209595278,203.679753312179,198.96421994545568,202.6642303466797,7325904,0.0,0.0
2009-11-25 00:00:00+05:30,202.77244483321036,204.52048315073804,201.1242903550922,202.98471069335938,5025976,0.0,0.0
2009-11-26 00:00:00+05:30,203.52159735340317,203.5548851913522,197.0288838182026,199.23057556152344,7643840,0.0,0.0
2009-11-27 00:00:00+05:30,196.11318382392886,199.35953958332328,192.0427612698915,193.76998901367188,8169288,0.0,0.0
2009-11-30 00:00:00+05:30,195.83020212210485,199.18475392429883,195.63458022296075,198.05686950683594,7009016,0.0,0.0
2009-12-01 00:00:00+05:30,202.02325948981718,202.02325948981718,196.0299860315284,199.42201232910156,6511080,0.0,0.0
2009-12-02 00:00:00+05:30,200.18364717016428,200.44169901457036,196.27970360313824,199.3928680419922,7410024,0.0,0.0
2009-12-03 00:00:00+05:30,199.9422498458554,201.3573282169543,196.7874656062436,197.85708618164062,7344480,0.0,0.0
2009-12-04 00:00:00+05:30,198.2774373065829,201.73189307829708,197.29936850374816,198.41062927246094,7718720,0.0,0.0
2009-12-07 00:00:00+05:30,199.35121668280547,201.97743943814208,197.69475089890642,198.99330139160156,6889896,0.0,0.0
2009-12-08 00:00:00+05:30,199.75077683565695,204.02098761768448,198.12343278429503,203.6464080810547,8611792,0.0,0.0
2009-12-09 00:00:00+05:30,202.27296297545954,204.9366398541487,201.61952161225935,204.4829864501953,7670064,0.0,0.0
2009-12-10 00:00:00+05:30,205.14056266046893,205.14056266046893,202.28128435613604,204.1833038330078,4517448,0.0,0.0
2009-12-11 00:00:00+05:30,205.18635013560558,207.15496560943015,204.0667775634112,204.83258056640625,6840432,0.0,0.0
2009-12-14 00:00:00+05:30,204.35395145082305,209.59806507257534,203.94191801641927,207.99569702148438,9189776,0.0,0.0
2009-12-15 00:00:00+05:30,207.26731304593835,209.34831016487348,206.8677575346553,208.6033172607422,8746848,0.0,0.0
2009-12-16 00:00:00+05:30,208.59913506544092,212.76112898135153,206.98428955496195,211.837158203125,9163072,0.0,0.0
2009-12-17 00:00:00+05:30,211.84556657702439,214.0888780407686,211.02981141141473,213.01092529296875,8603088,0.0,0.0
2009-12-18 00:00:00+05:30,213.42709351109494,213.42709351109494,208.8488992275106,210.2598114013672,11180776,0.0,0.0
2009-12-21 00:00:00+05:30,206.67215806398397,211.82886491178598,206.16438663299493,208.94044494628906,8766008,0.0,0.0
2009-12-22 00:00:00+05:30,209.75621300050284,210.60527622663557,207.83338353025397,208.2995147705078,5762168,0.0,0.0
2009-12-23 00:00:00+05:30,209.01544731594134,216.0076008701186,209.01544731594134,215.07115173339844,10708656,0.0,0.0
2009-12-24 00:00:00+05:30,215.91592620598678,216.42369762546448,213.10658013104083,215.7411346435547,5583144,0.0,0.0
2009-12-29 00:00:00+05:30,216.01583971567155,216.58185469166398,213.36880723441553,214.52166748046875,6281944,0.0,0.0
2009-12-30 00:00:00+05:30,213.68517025353083,217.25615408254225,213.4021423805375,214.7589569091797,4970400,0.0,0.0
2009-12-31 00:00:00+05:30,215.17514925700945,217.589106444032,215.17514925700945,216.51531982421875,9255248,0.0,0.0
2010-01-04 00:00:00+05:30,217.25616332171782,218.92096150809112,216.03254071918212,217.47259521484375,4069264,0.0,0.0
2010-01-05 00:00:00+05:30,218.08851523463147,218.97917800721058,216.43204952643964,218.20089721679688,6895528,0.0,0.0
2010-01-06 00:00:00+05:30,223.33268804290358,223.33268804290358,214.35110950022877,215.01702880859375,6817288,0.0,0.0
2010-01-07 00:00:00+05:30,215.30829446971535,215.30829446971535,209.6146741476664,210.18487548828125,10892600,0.0,0.0
2010-01-08 00:00:00+05:30,209.68133261183613,210.0392682881272,204.6036981182585,205.11978149414062,12649312,0.0,0.0
2010-01-11 00:00:00+05:30,206.0270048438576,208.49089273647894,205.93543286041842,207.23812866210938,7849656,0.0,0.0
2010-01-12 00:00:00+05:30,208.09978735666843,215.92433936127915,208.09978735666843,215.33749389648438,24859680,0.0,0.0
2010-01-13 00:00:00+05:30,206.17272251809425,224.3314957623156,206.17272251809425,223.37423706054688,19704040,0.0,0.0
2010-01-14 00:00:00+05:30,222.99965669071932,224.98908185592944,220.6023438869314,223.8944854736328,8413904,0.0,0.0
2010-01-15 00:00:00+05:30,223.89449931271014,224.1234090155115,220.93115103118595,222.73330688476562,5049504,0.0,0.0
2010-01-18 00:00:00+05:30,221.66784393123808,223.91532113219318,221.0851646569164,223.63645935058594,6140088,0.0,0.0
2010-01-19 00:00:00+05:30,223.08295164072248,223.74887089935152,218.76280857926392,219.4120635986328,5837512,0.0,0.0
2010-01-20 00:00:00+05:30,220.47338980271374,222.51693375322577,219.5868928486555,221.22671508789062,6091992,0.0,0.0
2010-01-21 00:00:00+05:30,220.0030210973048,221.80932257875637,216.4237059602696,218.52134704589844,6682792,0.0,0.0
2010-01-22 00:00:00+05:30,216.42371487303188,217.2561137763897,212.42820013691437,214.39266967773438,13486496,0.0,0.0
2010-01-25 00:00:00+05:30,212.26176230961656,213.92239438559025,209.59808529239783,211.62081909179688,6498712,0.0,0.0
2010-01-27 00:00:00+05:30,210.76338914605762,210.91739106244088,206.8635923988795,208.28700256347656,9840856,0.0,0.0
2010-01-28 00:00:00+05:30,209.18187281211593,212.66961656178182,206.39333610729864,207.41302490234375,12732872,0.0,0.0
2010-01-29 00:00:00+05:30,204.13755938084205,208.0997874630362,200.17535162089274,206.06040954589844,15012280,0.0,0.0
2010-02-01 00:00:00+05:30,203.68799380273737,210.59690409518822,198.9516525865665,204.04176330566406,12308784,0.0,0.0
2010-02-02 00:00:00+05:30,208.18298076677738,208.18298076677738,201.57788686265383,203.10118103027344,9889384,0.0,0.0
2010-02-03 00:00:00+05:30,203.93773505766453,208.09972965067809,203.93773505766453,205.868896484375,6405608,0.0,0.0
2010-02-04 00:00:00+05:30,205.18633295597346,205.602532414302,200.81623864352372,202.19386291503906,6176408,0.0,0.0
2010-02-05 00:00:00+05:30,198.97667202550048,199.64675736305952,193.8657496986248,195.83853149414062,13544872,0.0,0.0
2010-02-08 00:00:00+05:30,197.68643797357848,203.27184360699172,195.1559530452875,200.075439453125,9252480,0.0,0.0
2010-02-09 00:00:00+05:30,200.1086902681767,206.6014015164786,199.29710136213896,205.91883850097656,10387392,0.0,0.0
2010-02-10 00:00:00+05:30,207.35052532122165,207.78336859987803,203.77121075325195,205.34860229492188,7187984,0.0,0.0
2010-02-11 00:00:00+05:30,205.85223684465103,209.6105095461385,205.6025171881472,207.97068786621094,6453888,0.0,0.0
2010-02-15 00:00:00+05:30,208.68242700892182,211.62911130767435,206.0062723821992,207.98736572265625,8950128,0.0,0.0
2010-02-16 00:00:00+05:30,208.09975889017434,212.3449939715339,207.12169002339053,211.550048828125,4418096,0.0,0.0
2010-02-17 00:00:00+05:30,212.27838348681738,213.62686576788352,209.231815418074,209.65216064453125,7991184,0.0,0.0
2010-02-18 00:00:00+05:30,210.0142448674241,212.01200225022956,209.0986060669716,210.90074157714844,3721696,0.0,0.0
2010-02-19 00:00:00+05:30,210.17242313906502,211.8039333681844,208.52843505338151,210.79672241210938,5998992,0.0,0.0
2010-02-22 00:00:00+05:30,212.68619528194583,215.73276226351152,212.68619528194583,213.78912353515625,5855400,0.0,0.0
2010-02-23 00:00:00+05:30,212.9359500104837,215.50805423221684,212.67789824770725,214.8671112060547,3786032,0.0,0.0
2010-02-24 00:00:00+05:30,213.760032598833,216.28220527221546,212.3449545014108,214.450927734375,5427016,0.0,0.0
2010-02-25 00:00:00+05:30,213.97653025098427,218.89599695649977,213.97653025098427,217.8679962158203,8729568,0.0,0.0
2010-02-26 00:00:00+05:30,218.0053500442924,218.9209891624624,214.93380513132965,216.5861053466797,10546368,0.0,0.0
2010-03-02 00:00:00+05:30,219.04998057394434,220.64818271837734,218.30913321085666,219.8365936279297,8534656,0.0,0.0
2010-03-03 00:00:00+05:30,220.67733898854738,222.79162462594863,219.14154635326324,221.93841552734375,5904976,0.0,0.0
2010-03-04 00:00:00+05:30,221.58460619786666,221.75108599215505,216.75669216350292,218.40484619140625,6755240,0.0,0.0
2010-03-05 00:00:00+05:30,219.24553461935818,219.75330606909503,217.50999513408738,219.39537048339844,4984808,0.0,0.0
2010-03-08 00:00:00+05:30,220.83545086954013,223.02883032539177,219.5951845099494,221.38067626953125,8664992,0.0,0.0
2010-03-09 00:00:00+05:30,220.58988832824068,224.87257687161974,217.90956776738193,223.41171264648438,7958752,0.0,0.0
2010-03-10 00:00:00+05:30,222.65834785425608,224.035971938712,220.58568296211044,221.35565185546875,7330952,0.0,0.0
2010-03-11 00:00:00+05:30,221.83432387641577,224.33152076808275,220.5857254305823,223.32847595214844,4298424,0.0,0.0
2010-03-12 00:00:00+05:30,224.73940769062565,225.080699424419,221.11016008555944,222.5210723876953,3176920,0.0,0.0
2010-03-15 00:00:00+05:30,220.95200873250928,225.78825562709682,219.42040251908838,224.851806640625,10582856,0.0,0.0
2010-03-16 00:00:00+05:30,224.74773283000823,228.48936231767433,223.27439064590425,227.4405517578125,5881344,0.0,0.0
2010-03-17 00:00:00+05:30,227.66112579959997,229.2177078603629,225.8298480052339,227.93582153320312,6352000,0.0,0.0
2010-03-18 00:00:00+05:30,228.07730845830403,232.5639305943361,228.07730845830403,232.03953552246094,8923048,0.0,0.0
2010-03-19 00:00:00+05:30,231.4152967216922,232.6555633311247,229.7463323549931,230.7701873779297,12582544,0.0,0.0
2010-03-22 00:00:00+05:30,229.08455581098218,231.15722136301375,228.3187324100335,229.5257110595703,4108528,0.0,0.0
2010-03-23 00:00:00+05:30,230.57871045894723,232.98850172314636,230.087582810022,231.03236389160156,4792560,0.0,0.0
2010-03-25 00:00:00+05:30,230.65770044852744,238.89844831731278,228.98042504655277,234.23284912109375,15207528,0.0,0.0
2010-03-26 00:00:00+05:30,234.40360112358266,235.1527603601282,229.99188561948114,230.97828674316406,9105680,0.0,0.0
2010-03-29 00:00:00+05:30,229.57564499804894,230.57452380152125,224.76854075633852,226.1336669921875,13981704,0.0,0.0
2010-03-30 00:00:00+05:30,225.9963516543133,225.9963516543133,218.97091150342274,220.0946502685547,10649936,0.0,0.0
2010-03-31 00:00:00+05:30,220.91040026582255,222.80827437488495,216.97316858018777,217.75144958496094,13070104,0.0,0.0
2010-04-01 00:00:00+05:30,218.1052042404102,222.91647501733152,218.0885603231548,222.2880096435547,8187000,0.0,0.0
2010-04-05 00:00:00+05:30,222.99974423671944,223.91538335079332,219.5869075388077,222.91233825683594,7318616,0.0,0.0
2010-04-06 00:00:00+05:30,223.2493849175654,223.49910458749557,220.1903189609209,220.68975830078125,5348808,0.0,0.0
2010-04-07 00:00:00+05:30,221.04771030296249,222.650078303976,217.8720960712461,220.0654754638672,8380880,0.0,0.0
2010-04-08 00:00:00+05:30,219.75339849249178,222.90818347073898,218.9209992557778,221.7303466796875,7227984,0.0,0.0
2010-04-09 00:00:00+05:30,222.25053350456568,224.55627467535206,221.8343340036208,222.76661682128906,8260312,0.0,0.0
2010-04-12 00:00:00+05:30,223.57396725235805,224.58117784676185,220.75630973846648,223.34091186523438,8325648,0.0,0.0
2010-04-13 00:00:00+05:30,223.91533975514147,232.5598118370388,219.337145076133,231.56507873535156,57635400,0.0,0.0
2010-04-15 00:00:00+05:30,232.07282433291383,235.12772437643503,229.68384344099354,233.20489501953125,22395128,0.0,0.0
2010-04-16 00:00:00+05:30,232.41414239625522,233.82088863472288,230.66193836535578,232.122802734375,6244344,0.0,0.0
2010-04-19 00:00:00+05:30,230.96151726589244,230.96151726589244,227.74430413930997,229.06781005859375,8754896,0.0,0.0
2010-04-20 00:00:00+05:30,230.19991660509365,232.23512785830798,226.4125015967654,227.02015686035156,9542128,0.0,0.0
2010-04-21 00:00:00+05:30,228.3270251388477,228.88889441325063,224.7726857933689,225.78404235839844,6496288,0.0,0.0
2010-04-22 00:00:00+05:30,225.41367099534907,229.9793880807068,224.16507237462153,226.27935791015625,6978144,0.0,0.0
2010-04-23 00:00:00+05:30,227.6610671403965,229.21764880009025,226.15027147821294,226.99098205566406,5888336,0.0,0.0
2010-04-26 00:00:00+05:30,227.25323782899838,229.2426631237254,226.83287230893148,227.98989868164062,4454288,0.0,0.0
2010-04-27 00:00:00+05:30,227.17005596182585,228.2771305530933,226.94529193767912,227.86509704589844,3280256,0.0,0.0
2010-04-28 00:00:00+05:30,225.58843617641634,227.40721559697587,224.00687825128335,224.70608520507812,5544496,0.0,0.0
2010-04-29 00:00:00+05:30,224.66447683148957,227.4863011459383,222.66671934947558,225.5093536376953,11319960,0.0,0.0
2010-04-30 00:00:00+05:30,225.74660932380672,229.64224071729413,222.8415449359625,227.92332458496094,8067024,0.0,0.0
2010-05-03 00:00:00+05:30,225.41361655452693,225.99212971129566,223.24937946796206,224.3231658935547,5408952,0.0,0.0
2010-05-04 00:00:00+05:30,225.16394747173908,225.24718737838296,221.0435720928662,221.93006896972656,6576208,0.0,0.0
2010-05-05 00:00:00+05:30,220.5357714820165,225.4136374976792,217.2561277211753,224.1650390625,12122080,0.0,0.0
2010-05-06 00:00:00+05:30,223.94028914443484,223.94028914443484,220.21530391701432,221.2641143798828,7808360,0.0,0.0
2010-05-07 00:00:00+05:30,219.59520297351227,220.19869228878594,217.01059984158135,217.82635498046875,8984392,0.0,0.0
2010-05-10 00:00:00+05:30,218.088547535249,223.39925745189166,218.088547535249,222.72500610351562,5635408,0.0,0.0
2010-05-11 00:00:00+05:30,222.23383951779513,222.6250628960891,219.42032746086778,221.4805145263672,5802824,0.0,0.0
2010-05-12 00:00:00+05:30,221.08513476986988,224.6561177108647,220.77298520082357,223.22439575195312,9185176,0.0,0.0
2010-05-13 00:00:00+05:30,223.41585766108915,226.66221326793806,221.52215022376063,225.25961303710938,4923880,0.0,0.0
2010-05-14 00:00:00+05:30,225.58009632641028,226.99517442144682,218.92090529094432,220.7438507080078,6824496,0.0,0.0
2010-05-17 00:00:00+05:30,219.33709896800002,220.423383541568,214.43011176711033,217.78468322753906,8170824,0.0,0.0
2010-05-18 00:00:00+05:30,221.4181788800898,221.4181788800898,214.92963142434976,218.85438537597656,7144600,0.0,0.0
2010-05-19 00:00:00+05:30,218.5880065553141,220.78138634176406,215.8785433844771,216.6610107421875,11939240,0.0,0.0
2010-05-20 00:00:00+05:30,217.42262443638555,219.2996882944941,215.30000693135958,216.48617553710938,6508872,0.0,0.0
2010-05-21 00:00:00+05:30,213.76005347783723,217.08964932640168,212.95679660826718,214.90460205078125,7127200,0.0,0.0
2010-05-24 00:00:00+05:30,217.33939765382203,218.92095589029182,214.69653060077383,216.45704650878906,7186104,0.0,0.0
2010-05-25 00:00:00+05:30,215.32914811576978,215.32914811576978,208.94048565215863,210.8799591064453,8838128,0.0,0.0
2010-05-26 00:00:00+05:30,214.78629446237497,221.05390030695392,214.04941610019858,219.47549438476562,7868856,1.875,0.0
2010-05-27 00:00:00+05:30,220.04063369108596,223.07186135203298,217.3024809230564,221.3427276611328,11312696,0.0,0.0
2010-05-28 00:00:00+05:30,223.57843853584376,224.78003318147583,220.83609523585108,224.1980743408203,6793992,0.0,0.0
2010-05-31 00:00:00+05:30,229.01715306611416,229.01715306611416,219.76854854191888,222.5695037841797,7020752,0.0,0.0
2010-06-01 00:00:00+05:30,222.318291658984,222.52763091666668,219.1865845413662,219.75180053710938,5782888,0.0,0.0
2010-06-02 00:00:00+05:30,220.6435480181912,222.0628639063497,219.730837154367,221.08316040039062,6557144,0.0,0.0
2010-06-03 00:00:00+05:30,222.73694320463798,226.5720420296755,222.73694320463798,225.9188995361328,5517096,0.0,0.0
2010-06-04 00:00:00+05:30,225.91888263312416,229.26831009988655,224.6167886167637,228.510498046875,4950400,0.0,0.0
2010-06-07 00:00:00+05:30,226.9237819217774,226.9237819217774,221.8996391486015,223.71250915527344,7781952,0.0,0.0
2010-06-08 00:00:00+05:30,223.71244130945573,225.16526366474716,221.7195483017836,222.27638244628906,6651144,0.0,0.0
2010-06-09 00:00:00+05:30,223.40681209509668,223.40681209509668,219.09442423044246,219.80198669433594,5427120,0.0,0.0
2010-06-10 00:00:00+05:30,219.82293278444408,222.2345247833345,219.43356999708453,221.52696228027344,5187448,0.0,0.0
2010-06-11 00:00:00+05:30,223.1471778560583,225.32430526679326,219.47119013601343,220.28761291503906,9912864,0.0,0.0
2010-06-14 00:00:00+05:30,221.90793476237766,231.01419000411414,221.90793476237766,229.97166442871094,9728848,0.0,0.0
2010-06-15 00:00:00+05:30,229.98002840019635,232.7851734762592,227.93688613404757,228.991943359375,7946312,0.0,0.0
2010-06-16 00:00:00+05:30,230.68343083198152,232.7433368638913,229.6032486709084,231.89759826660156,5720064,0.0,0.0
2010-06-17 00:00:00+05:30,232.45026153161206,233.10340396318878,229.1008341320211,231.51661682128906,5639240,0.0,0.0
2010-06-18 00:00:00+05:30,226.7437030836755,235.71597435655906,226.7437030836755,233.30438232421875,8356232,0.0,0.0
2010-06-21 00:00:00+05:30,234.40965902484263,236.03414351476025,233.72722139673357,234.5269012451172,7164752,0.0,0.0
2010-06-22 00:00:00+05:30,233.6226483676344,234.40558549198894,231.1105768798104,231.70510864257812,4763688,0.0,0.0
2010-06-23 00:00:00+05:30,230.03034055019955,234.87443833765613,227.5810714220619,234.27154541015625,4948088,0.0,0.0
2010-06-24 00:00:00+05:30,235.66567706022792,237.28177968679063,233.04057589804194,236.36068725585938,12316104,0.0,0.0
2010-06-25 00:00:00+05:30,235.29730314782938,235.4605836645597,232.03161104008373,232.59263610839844,3345664,0.0,0.0
2010-06-28 00:00:00+05:30,231.94790007338995,235.88347816127776,231.94790007338995,235.21359252929688,3834168,0.0,0.0
2010-06-29 00:00:00+05:30,233.87797773521473,235.59875028789358,231.705040624778,233.9198455810547,3773072,0.0,0.0
2010-06-30 00:00:00+05:30,232.61784122785502,235.18433299065117,228.76599792458603,233.70640563964844,9449976,0.0,0.0
2010-07-01 00:00:00+05:30,233.70631718212465,233.70631718212465,230.3568894905141,231.7008514404297,5847248,0.0,0.0
2010-07-02 00:00:00+05:30,232.3623846522528,232.3623846522528,227.42616905541075,228.38912963867188,11169440,0.0,0.0
2010-07-05 00:00:00+05:30,228.59844467304094,230.4406299414684,227.76108773284665,229.7246856689453,3616720,0.0,0.0
2010-07-06 00:00:00+05:30,229.68698449061472,234.3761828615496,229.68698449061472,233.21226501464844,5872600,0.0,0.0
2010-07-07 00:00:00+05:30,234.4264529842866,234.4264529842866,231.5459328952842,232.9317626953125,5923392,0.0,0.0
2010-07-08 00:00:00+05:30,234.96233682023862,238.34525038474217,234.46830444614787,236.8463897705078,6278192,0.0,0.0
2010-07-09 00:00:00+05:30,237.65033337195575,241.20071939789324,237.65033337195575,240.6396942138672,7859112,0.0,0.0
2010-07-12 00:00:00+05:30,238.65094932085242,243.67090073005292,238.64675844695904,242.49021911621094,8597240,0.0,0.0
2010-07-13 00:00:00+05:30,240.32150747309936,240.7443769320498,232.8690286699266,234.1878662109375,25502384,0.0,0.0
2010-07-14 00:00:00+05:30,233.61838774729162,235.21355675448632,229.1845869836344,229.67861938476562,14193928,0.0,0.0
2010-07-15 00:00:00+05:30,230.18525937138998,232.45031425274797,229.43582890941263,231.07705688476562,8328136,0.0,0.0
2010-07-16 00:00:00+05:30,230.69179637937782,233.70628083297404,230.35685366231158,232.5339813232422,8205560,0.0,0.0
2010-07-19 00:00:00+05:30,230.18942337467743,233.85705086959516,229.07992542643646,231.9855499267578,7047120,0.0,0.0
2010-07-20 00:00:00+05:30,231.98555688862118,232.99457612275143,230.5662409178782,231.08120727539062,5054736,0.0,0.0
2010-07-21 00:00:00+05:30,231.72179104830647,232.70149458348064,231.11051639093438,232.08602905273438,2634480,0.0,0.0
2010-07-22 00:00:00+05:30,231.5082389054616,231.5082389054616,228.3514076177782,230.6499481201172,8226952,0.0,0.0
2010-07-23 00:00:00+05:30,233.37134557896013,240.32559805309643,231.52916057618398,233.32528686523438,5323096,0.0,0.0
2010-07-26 00:00:00+05:30,233.6225734256566,235.29728721365416,233.6225734256566,234.83255004882812,4470816,0.0,0.0
2010-07-27 00:00:00+05:30,234.7110756539897,237.3068813426353,234.7110756539897,236.8714599609375,5093960,0.0,0.0
2010-07-28 00:00:00+05:30,236.8883145739474,237.68380378867082,235.4648075581266,237.1479034423828,3725168,0.0,0.0
2010-07-29 00:00:00+05:30,236.5365827995487,237.80936120749544,235.3684740048095,237.2357635498047,3613008,0.0,0.0
2010-07-30 00:00:00+05:30,235.71594852037677,237.07665337418,231.11048593827348,233.4885711669922,4472672,0.0,0.0
2010-08-02 00:00:00+05:30,234.4599114705987,235.5317322974064,232.8814856749928,234.2045135498047,3815232,0.0,0.0
2010-08-03 00:00:00+05:30,234.87864969095952,236.05094954681456,231.90603219932706,233.14532470703125,2434584,0.0,0.0
2010-08-04 00:00:00+05:30,233.6225467243284,242.16358606693825,233.6225467243284,240.69821166992188,9536024,0.0,0.0
2010-08-05 00:00:00+05:30,241.15877985590748,243.40290036822321,239.61386051111216,240.2586212158203,6594296,0.0,0.0
2010-08-06 00:00:00+05:30,239.56787356272844,242.16368065131445,238.81425214991316,239.80233764648438,3676480,0.0,0.0
2010-08-09 00:00:00+05:30,238.52115023018683,241.40165023890629,235.82067380577976,240.71083068847656,4201544,0.0,0.0
2010-08-10 00:00:00+05:30,240.32141296540695,240.32141296540695,235.71595034760298,236.89244079589844,4811984,0.0,0.0
2010-08-11 00:00:00+05:30,237.3069066702532,239.3081811568151,234.45989367562066,235.3726043701172,5344800,0.0,0.0
2010-08-12 00:00:00+05:30,234.12499591660776,234.12499591660776,230.60809683631535,232.1739501953125,6973400,0.0,0.0
2010-08-13 00:00:00+05:30,232.3665263489907,234.29244710791926,230.69181264557454,232.554931640625,5561808,0.0,0.0
2010-08-16 00:00:00+05:30,231.1104416595022,232.61768367032502,230.27308498682282,231.26953125,5193608,0.0,0.0
2010-08-17 00:00:00+05:30,230.69185887655547,232.49217646851406,228.5984663277664,230.31504821777344,5140640,0.0,0.0
2010-08-18 00:00:00+05:30,231.5376105216782,236.0928247838891,230.95563100611594,235.0670623779297,6128144,0.0,0.0
2010-08-19 00:00:00+05:30,235.71598160114146,236.5533385517672,233.45092696104192,234.8451385498047,4826744,0.0,0.0
2010-08-20 00:00:00+05:30,234.71111601091195,234.71111601091195,230.60806760401408,231.9143524169922,4624824,0.0,0.0
2010-08-23 00:00:00+05:30,232.11530507410836,235.2972609156726,231.21933738632416,234.72366333007812,4511832,0.0,0.0
2010-08-24 00:00:00+05:30,233.53884783128257,233.53884783128257,230.70857731856785,231.5501251220703,5247552,0.0,0.0
2010-08-25 00:00:00+05:30,231.2779387562,233.95328953476354,230.7713338241424,232.02317810058594,3502008,0.0,0.0
2010-08-26 00:00:00+05:30,232.36649385307442,233.03218836843,230.0512106592016,231.58355712890625,7834984,0.0,0.0
2010-08-27 00:00:00+05:30,230.94305474222392,230.94305474222392,224.52889210760208,226.9153594970703,6973800,0.0,0.0
2010-08-30 00:00:00+05:30,227.7066247631646,229.1008156283273,223.26444294458054,226.12400817871094,4781168,0.0,0.0
2010-08-31 00:00:00+05:30,224.83026580434566,228.0959568160289,224.08919697438324,227.2460479736328,7722280,0.0,0.0
2010-09-01 00:00:00+05:30,227.24609749681434,233.16201547990917,226.77716948229988,232.4628143310547,10131800,0.0,0.0
2010-09-02 00:00:00+05:30,234.37613268657205,235.6321676956105,229.92976057726474,230.5242919921875,3402512,0.0,0.0
2010-09-03 00:00:00+05:30,231.20261953908886,234.79487242708282,231.20261953908886,232.57168579101562,7606688,0.0,0.0
2010-09-06 00:00:00+05:30,233.30851609070118,237.80930846032888,233.2540960812174,237.110107421875,6391192,0.0,0.0
2010-09-07 00:00:00+05:30,237.80932795390817,240.5642236109914,235.31400063531308,239.89852905273438,8321272,0.0,0.0
2010-09-08 00:00:00+05:30,239.23287964233066,241.71146438156723,236.5533374132251,241.10855102539062,9386496,0.0,0.0
2010-09-09 00:00:00+05:30,240.3298300384626,242.83351917958632,239.31661993629575,242.4148406982422,7591392,0.0,0.0
2010-09-13 00:00:00+05:30,241.9961291439857,246.60159180935568,241.32624366538644,245.92332458496094,6650488,0.0,0.0
2010-09-14 00:00:00+05:30,247.07053293913353,251.20706781178757,247.02028334825778,249.16392517089844,9767144,0.0,0.0
2010-09-15 00:00:00+05:30,249.1137203422151,256.23125520913555,248.61130611631484,255.63255310058594,14344648,0.0,0.0
2010-09-16 00:00:00+05:30,253.8907559640782,253.8907559640782,247.71105909713486,248.35581970214844,7088984,0.0,0.0
2010-09-17 00:00:00+05:30,248.35592519035248,252.25382658271997,247.80745220074314,248.70761108398438,8616488,0.0,0.0
2010-09-20 00:00:00+05:30,249.11367300960802,252.7143076110914,249.11367300960802,251.9272003173828,5025976,0.0,0.0
2010-09-21 00:00:00+05:30,252.4630814755267,256.64986557959844,250.922353102541,256.1600036621094,9223912,0.0,0.0
2010-09-22 00:00:00+05:30,256.27308004061126,256.4740375199217,250.74233361028408,252.4044952392578,10806440,0.0,0.0
2010-09-23 00:00:00+05:30,251.62991833682335,254.1168640337514,248.95037648030137,253.1245880126953,11181376,0.0,0.0
2010-09-24 00:00:00+05:30,253.12457504922796,256.12231643634266,250.67530644643716,255.31846618652344,8791520,0.0,0.0
2010-09-27 00:00:00+05:30,255.81254576227727,256.2312242332466,253.16231921835512,253.93687438964844,7210320,0.0,0.0
2010-09-28 00:00:00+05:30,253.30046329639688,253.56005211378275,251.29080672809488,252.5970916748047,6209144,0.0,0.0
2010-09-29 00:00:00+05:30,253.3841376134589,257.8221281268473,251.4247311112744,253.8070068359375,8972920,0.0,0.0
2010-09-30 00:00:00+05:30,255.13849466548916,257.48728520947196,251.83093441645693,255.43576049804688,13665816,0.0,0.0
2010-10-01 00:00:00+05:30,255.47760847953387,260.4222054166722,253.4093408771242,259.76068115234375,8086512,0.0,0.0
2010-10-04 00:00:00+05:30,260.58552115096353,264.77230651649955,256.44479451310593,257.77618408203125,7636640,0.0,0.0
2010-10-05 00:00:00+05:30,257.4872977640321,260.5017832012696,257.06861923108244,258.2995300292969,5189152,0.0,0.0
2010-10-06 00:00:00+05:30,260.08301811547324,261.4981429085895,257.621197338312,259.8988037109375,5788528,0.0,0.0
2010-10-07 00:00:00+05:30,258.65953169786417,259.3712850223808,254.72395449171344,255.68272399902344,6833672,0.0,0.0
2010-10-08 00:00:00+05:30,256.2312647687299,258.3790774872702,254.30953437162196,257.5961608886719,6548160,0.0,0.0
2010-10-11 00:00:00+05:30,257.9310240238629,259.3294058173992,256.11813425193765,257.441162109375,4493832,0.0,0.0
2010-10-12 00:00:00+05:30,257.23610864670815,258.3204820342791,255.4190477751988,257.5040588378906,4625624,0.0,0.0
2010-10-13 00:00:00+05:30,257.9897152614272,265.00677165093117,257.50404406841506,264.0061340332031,13024504,0.0,0.0
2010-10-14 00:00:00+05:30,265.03191082282586,270.3784237800415,264.2866507183812,266.71917724609375,9193376,0.0,0.0
2010-10-15 00:00:00+05:30,267.95426381043643,271.1362206931854,256.32755265497156,257.5961608886719,25870360,0.0,0.0
2010-10-18 00:00:00+05:30,257.94780324417354,261.1632456899976,254.4978967684221,260.1709899902344,12591096,0.0,0.0
2010-10-19 00:00:00+05:30,259.1368697357844,260.0035424182474,251.29083864256611,252.0612030029297,14077712,0.0,0.0
2010-10-20 00:00:00+05:30,252.02767873905418,254.9416847806093,250.36970802202424,252.76455688476562,7093856,0.0,0.0
2010-10-21 00:00:00+05:30,254.39812729871497,257.8391914075887,252.89185893556947,257.5039978027344,9231920,5.0,0.0
2010-10-22 00:00:00+05:30,255.0261165641681,261.78522322066647,254.83518111378314,259.0909118652344,11345744,0.0,0.0
2010-10-25 00:00:00+05:30,259.5703772332123,260.9366139874099,255.43768974297717,256.2056579589844,5224432,0.0,0.0
2010-10-26 00:00:00+05:30,256.2778482194426,258.25509536417104,254.8097623625674,255.75596618652344,6925872,0.0,0.0
2010-10-27 00:00:00+05:30,254.7502089904242,255.42909029352992,251.79707117835164,252.90025329589844,9072696,0.0,0.0
2010-10-28 00:00:00+05:30,253.22279095823825,257.3724456998836,250.17207146408458,252.1068878173828,18232152,0.0,0.0
2010-10-29 00:00:00+05:30,253.64716289726255,254.41090477283143,249.8284535194182,252.1790771484375,6886024,0.0,0.0
2010-11-01 00:00:00+05:30,253.1379013061908,257.2918027170822,253.1379013061908,254.7205352783203,4552944,0.0,0.0
2010-11-02 00:00:00+05:30,254.75034626343185,257.34707693419284,253.29075481881182,256.8760986328125,4998504,0.0,0.0
2010-11-03 00:00:00+05:30,257.2918366035121,258.37805112705,255.85770774833003,256.64691162109375,3047536,0.0,0.0
2010-11-04 00:00:00+05:30,258.31436548824234,261.79363256610634,257.3766564371086,261.1274719238281,5514792,0.0,0.0
2010-11-08 00:00:00+05:30,261.7087961379168,261.7087961379168,255.1533472074194,255.9298095703125,5381520,0.0,0.0
2010-11-09 00:00:00+05:30,257.7034583288191,260.9451138104775,257.12640482788515,259.6552429199219,5266960,0.0,0.0
2010-11-10 00:00:00+05:30,258.65387136327354,263.4909024222324,257.13488217750074,261.5942687988281,9728432,0.0,0.0
2010-11-11 00:00:00+05:30,261.7088250207044,261.7088250207044,258.90843876075525,259.2181701660156,5586392,0.0,0.0
2010-11-12 00:00:00+05:30,257.8052143222918,257.8688594542015,253.64706570419037,254.39808654785156,7499456,0.0,0.0
2010-11-15 00:00:00+05:30,254.83514301932505,258.3950237407831,252.6797025443179,257.130615234375,5850488,0.0,0.0
2010-11-16 00:00:00+05:30,255.5988401604699,256.19286136934215,249.5101227695291,252.11532592773438,8375136,0.0,0.0
2010-11-18 00:00:00+05:30,253.6471309310845,257.2833986897411,251.07161564370207,254.91578674316406,7128224,0.0,0.0
2010-11-19 00:00:00+05:30,253.52405061573464,255.31883524684667,249.91324558937703,251.5086212158203,5664792,0.0,0.0
2010-11-22 00:00:00+05:30,252.14925890345282,260.3509855422257,252.14925890345282,258.28887939453125,8780144,0.0,0.0
2010-11-23 00:00:00+05:30,256.948119793709,259.57031167474327,252.87907847953718,255.6073455810547,4579872,0.0,0.0
2010-11-24 00:00:00+05:30,256.6086746191217,257.5421365431168,250.35873102422656,254.2325897216797,4038888,0.0,0.0
2010-11-25 00:00:00+05:30,255.0514778267921,263.99997824974673,255.0514778267921,260.041259765625,18331976,0.0,0.0
2010-11-26 00:00:00+05:30,260.5207945683537,263.40604115314983,256.8675590872757,258.1489562988281,9515792,0.0,0.0
2010-11-29 00:00:00+05:30,260.09649260048195,262.6974492393585,258.9211706355342,260.00738525390625,4964328,0.0,0.0
2010-11-30 00:00:00+05:30,258.272026264562,261.5985420584283,255.6158977832019,258.9084777832031,9072544,0.0,0.0
2010-12-01 00:00:00+05:30,258.80662811987963,260.22378923974395,257.55069308417507,259.0272521972656,4624096,0.0,0.0
2010-12-02 00:00:00+05:30,259.33274243711674,263.8642683273913,257.2960978630033,262.9393005371094,7197360,0.0,0.0
2010-12-03 00:00:00+05:30,263.6606875195313,267.1314620195103,263.32124666015625,265.18817138671875,6647816,0.0,0.0
2010-12-06 00:00:00+05:30,265.6124542401358,269.5499596516457,265.27301340404614,266.74957275390625,6023648,0.0,0.0
2010-12-07 00:00:00+05:30,266.95740141358453,271.1282709089856,266.4779289733056,269.736572265625,6085496,0.0,0.0
2010-12-08 00:00:00+05:30,268.0733253854329,268.50612061762706,264.25461704660904,265.7099609375,6951112,0.0,0.0
2010-12-09 00:00:00+05:30,266.8853036107124,270.0336250183357,266.558583584665,267.4326477050781,7931128,0.0,0.0
2010-12-10 00:00:00+05:30,266.88530041662113,268.32792366211635,264.5771073673927,266.8216552734375,6125120,0.0,0.0
2010-12-13 00:00:00+05:30,267.2247757225349,267.8527329293235,260.94512078335816,266.9107971191406,6849080,0.0,0.0
2010-12-14 00:00:00+05:30,268.4721576882505,269.3462217195619,265.34082521247547,268.0436096191406,3933584,0.0,0.0
2010-12-15 00:00:00+05:30,267.0294917675226,272.3162844817344,267.0294917675226,271.8453063964844,8254392,0.0,0.0
2010-12-16 00:00:00+05:30,273.1988819101589,280.03862137387273,272.40120442731256,279.4700622558594,8509144,0.0,0.0
2010-12-20 00:00:00+05:30,275.9738471734078,285.45272676761226,275.9653528668186,284.27740478515625,11346320,0.0,0.0
2010-12-21 00:00:00+05:30,284.3283393415476,285.9449302501271,280.97636153482324,282.52081298828125,8059840,0.0,0.0
2010-12-22 00:00:00+05:30,282.1601488781619,285.10479350634876,281.2054716827095,282.7966003417969,5927280,0.0,0.0
2010-12-23 00:00:00+05:30,283.7724783866058,286.14856373194823,282.5207905707558,285.8006286621094,6231504,0.0,0.0
2010-12-24 00:00:00+05:30,284.0271022343741,286.9802414713825,283.6070483689576,285.9916076660156,3620064,0.0,0.0
2010-12-27 00:00:00+05:30,284.875682450027,287.8288214608124,284.875682450027,286.56439208984375,3691760,0.0,0.0
2010-12-28 00:00:00+05:30,286.06366381171324,287.67176006246365,285.42721246831724,287.0522766113281,2554440,0.0,0.0
2010-12-29 00:00:00+05:30,286.91227959476487,289.79752582553147,286.0721720676395,288.9404296875,3802920,0.0,0.0
2010-12-30 00:00:00+05:30,289.37326998145085,293.10711862637277,288.6943884096468,292.50885009765625,8991688,0.0,0.0
2010-12-31 00:00:00+05:30,291.3250179732601,292.85250131829906,288.96165351061404,292.15240478515625,5859728,0.0,0.0
2011-01-03 00:00:00+05:30,292.25850526515234,294.4394080859652,290.8752799729756,293.47625732421875,5048544,0.0,0.0
2011-01-04 00:00:00+05:30,293.3616654981315,296.9257933404577,293.3616654981315,295.4364929199219,8119288,0.0,0.0
2011-01-05 00:00:00+05:30,294.04048149214265,295.0588035059682,292.3517724396743,293.5822448730469,3523160,0.0,0.0
2011-01-06 00:00:00+05:30,295.3134327289604,296.4166150926031,292.2669604887974,295.15643310546875,4691840,0.0,0.0
2011-01-07 00:00:00+05:30,293.9005422132407,296.58635889291145,284.82050204112585,286.04248046875,8550928,0.0,0.0
2011-01-10 00:00:00+05:30,286.40318278456124,292.1863972846226,284.4513981315109,288.1640319824219,10390408,0.0,0.0
2011-01-11 00:00:00+05:30,283.4329564301805,290.5102860371498,279.0287220709809,282.2194519042969,12319416,0.0,0.0
2011-01-12 00:00:00+05:30,284.28161000449563,287.6760172881314,281.5830520704416,286.5982971191406,10035400,0.0,0.0
2011-01-13 00:00:00+05:30,279.44462584793587,279.953787024701,271.1283266274385,271.993896484375,22352872,0.0,0.0
2011-01-14 00:00:00+05:30,270.377225417556,278.1631461031498,270.2796445080779,271.9174499511719,10321640,0.0,0.0
2011-01-17 00:00:00+05:30,271.5526956633447,278.48577128093416,270.81016876114023,277.3910827636719,8218616,0.0,0.0
2011-01-18 00:00:00+05:30,275.7956533233982,283.06816840746916,275.7956533233982,281.9904479980469,9797168,0.0,0.0
2011-01-19 00:00:00+05:30,280.64534465011826,281.2266451881624,274.59058305118464,275.76165771484375,6935088,0.0,0.0
2011-01-20 00:00:00+05:30,274.2682061030195,280.66665782212937,273.08865743939714,279.6907653808594,7231848,0.0,0.0
2011-01-21 00:00:00+05:30,277.5776886062193,278.1717099514481,274.18328091919733,275.27374267578125,4626824,0.0,0.0
2011-01-24 00:00:00+05:30,274.94705374475825,279.1900638334119,273.86933332580475,278.7360534667969,7501360,0.0,0.0
2011-01-25 00:00:00+05:30,277.06854281113635,280.4502299439078,274.61184425504297,276.6145324707031,9925912,0.0,0.0
2011-01-27 00:00:00+05:30,277.40791675391705,277.40791675391705,270.3220920219036,271.28948974609375,12710648,0.0,0.0
2011-01-28 00:00:00+05:30,272.0448527041665,277.3698306339119,266.51619784920274,268.849853515625,12684296,0.0,0.0
2011-01-31 00:00:00+05:30,266.33373028764305,266.33373028764305,261.8955378075983,264.5686340332031,7749368,0.0,0.0
2011-02-01 00:00:00+05:30,265.29840667299413,265.4766006349431,258.2380432605177,262.15008544921875,10301688,0.0,0.0
2011-02-02 00:00:00+05:30,264.16972604090796,268.49759498664724,260.0964376213887,262.154296875,9174728,0.0,0.0
2011-02-03 00:00:00+05:30,263.18536806500015,267.5641618747205,261.895497403459,264.56011962890625,6049408,0.0,0.0
2011-02-04 00:00:00+05:30,262.98165700151503,265.07769897861607,256.8208006026404,258.6452941894531,6959880,0.0,0.0
2011-02-07 00:00:00+05:30,260.9366177899244,264.24616555310536,259.75706931017595,262.0016174316406,7341128,0.0,0.0
2011-02-08 00:00:00+05:30,263.0665925346236,264.7637963574277,260.690507182698,262.778076171875,6023992,0.0,0.0
2011-02-09 00:00:00+05:30,261.79370711484296,268.1327596719201,260.3425894625073,265.67181396484375,7504144,0.0,0.0
2011-02-10 00:00:00+05:30,263.54606707449835,264.25465801880665,258.05986353088986,259.09515380859375,8252152,0.0,0.0
2011-02-11 00:00:00+05:30,257.1433456791062,260.41046302059283,256.3074852315217,258.047119140625,11214152,0.0,0.0
2011-02-14 00:00:00+05:30,258.31440928633214,264.6195253254197,258.01739863176505,263.45269775390625,6979048,0.0,0.0
2011-02-15 00:00:00+05:30,263.066567662879,265.5275129732737,260.8729236421758,263.6224060058594,4599952,0.0,0.0
2011-02-16 00:00:00+05:30,261.56034838043024,265.07779948558635,261.4627674387043,263.3211975097656,2920384,0.0,0.0
2011-02-17 00:00:00+05:30,264.63648455233346,265.4426563026131,263.2532594056583,264.199462890625,3392984,0.0,0.0
2011-02-18 00:00:00+05:30,265.1881142446284,266.885318175794,262.14164147531466,263.0920715332031,7102304,0.0,0.0
2011-02-21 00:00:00+05:30,263.0666314741134,269.6687594656413,261.02998658528156,268.603759765625,9398952,0.0,0.0
2011-02-22 00:00:00+05:30,266.47791871931565,268.75217556421165,264.25458626679983,266.6179504394531,6085648,0.0,0.0
2011-02-23 00:00:00+05:30,263.56736938682405,263.56736938682405,260.5251426953308,261.2676696777344,7076384,0.0,0.0
2011-02-24 00:00:00+05:30,258.8235825270842,261.3693882568588,254.1562720224975,255.3273468017578,16486520,0.0,0.0
2011-02-25 00:00:00+05:30,256.54925004349394,258.1997761307919,251.6952526855022,255.19998168945312,10366720,0.0,0.0
2011-02-28 00:00:00+05:30,256.44751377918857,266.0197480863176,251.8141387639516,254.33450317382812,14514472,0.0,0.0
2011-03-01 00:00:00+05:30,257.1263931120406,263.74548838027135,255.25946880561656,261.57305908203125,8377632,0.0,0.0
2011-03-03 00:00:00+05:30,259.51096687467225,259.5873327619427,254.66544152291272,256.7954406738281,12571856,0.0,0.0
2011-03-04 00:00:00+05:30,260.2662198010312,262.21800429905005,258.6538760852765,259.85888671875,9770912,0.0,0.0
2011-03-07 00:00:00+05:30,257.6355424207482,260.94508990243764,256.7445104064472,258.2041015625,7357728,0.0,0.0
2011-03-08 00:00:00+05:30,257.14763487304305,265.7821606871944,256.29478567363344,264.4498596191406,8514512,0.0,0.0
2011-03-09 00:00:00+05:30,264.7637975930282,265.8500121882559,260.60564820775306,262.6847229003906,6676440,0.0,0.0
2011-03-10 00:00:00+05:30,262.6422215426164,263.06652238517313,259.8842660659977,262.2391357421875,3438200,0.0,0.0
2011-03-11 00:00:00+05:30,260.35110870977445,261.284570963949,258.3993239965004,259.1545715332031,7278272,0.0,0.0
2011-03-14 00:00:00+05:30,257.55062637603686,263.74541903681137,257.18147633446716,263.1344299316406,3557952,0.0,0.0
2011-03-15 00:00:00+05:30,257.2960987613578,259.5788296090189,255.08973379836465,257.13909912109375,9037824,0.0,0.0
2011-03-16 00:00:00+05:30,256.702061463526,259.7952110853657,256.28200768833125,257.2027282714844,5594720,0.0,0.0
2011-03-17 00:00:00+05:30,253.23128293621664,254.4956913885657,252.1196062405564,252.7730255126953,8321376,0.0,0.0
2011-03-18 00:00:00+05:30,252.8960796580112,254.13929383639874,248.86099431397676,249.58230590820312,7468000,0.0,0.0
2011-03-21 00:00:00+05:30,250.45634217505045,250.93156749903778,246.463687037831,247.98692321777344,6607096,0.0,0.0
2011-03-22 00:00:00+05:30,249.07737954080028,250.91036794038698,248.13119670506183,249.74778747558594,5119744,0.0,0.0
2011-03-23 00:00:00+05:30,249.043450294423,254.47874977536088,248.3857838016104,254.01626586914062,7266720,0.0,0.0
2011-03-24 00:00:00+05:30,253.98223429697467,255.61579252213056,252.77722406146148,254.818115234375,8189232,0.0,0.0
2011-03-25 00:00:00+05:30,258.31435440800385,270.27963823570707,257.9791608840531,268.4169616699219,12662792,0.0,0.0
2011-03-28 00:00:00+05:30,266.3760522588694,267.9502124296388,263.893892485511,266.4227294921875,12056632,0.0,0.0
2011-03-29 00:00:00+05:30,265.78215995916923,270.59372940107227,265.5233321924004,269.2911376953125,9860592,0.0,0.0
2011-03-30 00:00:00+05:30,269.176545421984,271.8496416328265,267.8739331083019,269.08319091796875,5608128,0.0,0.0
2011-03-31 00:00:00+05:30,270.0251290356961,277.0685249219195,268.489151284223,275.0573425292969,18839928,0.0,0.0
2011-04-01 00:00:00+05:30,274.53113934997873,276.3259236262912,272.2314204969343,273.0927429199219,5588288,0.0,0.0
2011-04-04 00:00:00+05:30,273.6740922220482,279.699165260115,273.33465148750923,278.60870361328125,7375992,0.0,0.0
2011-04-05 00:00:00+05:30,278.0825946785491,279.4446048677027,274.19176740891174,278.6172180175781,4302536,0.0,0.0
2011-04-06 00:00:00+05:30,278.2565906565584,279.9537946251864,275.9696124523966,277.92987060546875,6766920,0.0,0.0
2011-04-07 00:00:00+05:30,276.8054866305502,276.8054866305502,274.75187387077386,275.4477233886719,3800288,0.0,0.0
2011-04-08 00:00:00+05:30,275.1167338526809,277.0388088541907,272.1848101672878,273.8692932128906,4832928,0.0,0.0
2011-04-11 00:00:00+05:30,271.15370317122563,276.7969044309945,269.94019860638906,275.0827331542969,8000064,0.0,0.0
2011-04-13 00:00:00+05:30,272.4860722910872,281.489746809945,271.21316943080495,280.56475830078125,11068904,0.0,0.0
2011-04-15 00:00:00+05:30,279.71186386665875,279.9197878743653,252.6711767783311,253.6894989013672,81019736,0.0,0.0
2011-04-18 00:00:00+05:30,247.7070086139776,251.78029960865757,244.39745968080007,246.61231994628906,41086712,0.0,0.0
2011-04-19 00:00:00+05:30,246.60367589387164,248.3857396219416,244.4821714556931,245.0210418701172,19210632,0.0,0.0
2011-04-20 00:00:00+05:30,247.706910435838,248.46215788796238,245.33082496403142,246.71405029296875,17949856,0.0,0.0
2011-04-21 00:00:00+05:30,247.68145584883456,249.53141230946963,246.18792879418612,246.94317626953125,23953696,0.0,0.0
2011-04-25 00:00:00+05:30,247.36747685113136,251.52137939431242,246.72253106003402,249.59930419921875,15527240,0.0,0.0
2011-04-26 00:00:00+05:30,249.06462389309672,250.7575803105784,247.79172121561922,249.6883544921875,18230880,0.0,0.0
2011-04-27 00:00:00+05:30,249.9132561464842,251.58075057014702,249.70110567437342,250.6048583984375,9981328,0.0,0.0
2011-04-28 00:00:00+05:30,250.25268977482366,251.01643145267155,247.87660455485246,248.56820678710938,23419304,0.0,0.0
2011-04-29 00:00:00+05:30,246.94308830015123,248.55543148836526,245.07191745658204,246.62486267089844,16254336,0.0,0.0
2011-05-02 00:00:00+05:30,247.71115277394617,249.82841046499533,246.9431638767447,248.00816345214844,13468184,0.0,0.0
2011-05-03 00:00:00+05:30,247.79172101588597,250.94426835743732,246.09027029479913,247.0322265625,13234040,0.0,0.0
2011-05-04 00:00:00+05:30,246.1793460561814,246.51878672637264,241.2362412965218,243.5274658203125,16924400,0.0,0.0
2011-05-05 00:00:00+05:30,243.31961882649043,244.30398456701295,240.74835101156583,241.7242431640625,12661232,0.0,0.0
2011-05-06 00:00:00+05:30,242.52197826922847,246.94320335876066,241.68187050369428,245.50057983398438,11930664,0.0,0.0
2011-05-09 00:00:00+05:30,246.94318780264712,247.53720921660536,243.33662921790054,246.8201446533203,4938200,0.0,0.0
2011-05-10 00:00:00+05:30,246.74804907858993,248.2076406689109,243.71854347217038,244.40167236328125,4873368,0.0,0.0
2011-05-11 00:00:00+05:30,244.5670188498352,248.1311461196801,244.39305135143437,246.60791015625,6410072,0.0,0.0
2011-05-12 00:00:00+05:30,245.91630112536816,246.85825738671025,243.7184308059924,244.50338745117188,4996480,0.0,0.0
2011-05-13 00:00:00+05:30,244.6688684049156,247.11284574818643,243.65479339096166,244.25730895996094,8282336,0.0,0.0
2011-05-16 00:00:00+05:30,244.0578965927718,244.0578965927718,241.20235960161472,241.88546752929688,6469368,0.0,0.0
2011-05-17 00:00:00+05:30,241.71568194075982,244.16815310181786,239.64085508233129,241.3550262451172,7570472,0.0,0.0
2011-05-18 00:00:00+05:30,241.85150871176202,244.59674377321357,237.86308032248033,241.21505737304688,10176496,0.0,0.0
2011-05-19 00:00:00+05:30,242.67467519966186,242.67467519966186,240.62955710191628,241.55027770996094,7455960,0.0,0.0
2011-05-20 00:00:00+05:30,241.42725643421485,243.01413794805654,240.33679463384223,241.83883666992188,8023672,0.0,0.0
2011-05-23 00:00:00+05:30,241.66908814330392,242.0891419189733,239.97188442923067,240.75259399414062,6778880,0.0,0.0
2011-05-24 00:00:00+05:30,240.40890401544166,243.02684900884387,240.40890401544166,241.38479614257812,7625464,0.0,0.0
2011-05-25 00:00:00+05:30,239.9591651854726,239.9591651854726,233.92561785406352,236.64537048339844,11075416,0.0,0.0
2011-05-26 00:00:00+05:30,238.81209013317712,239.1326145920173,235.73505532831157,237.32058715820312,8476176,2.5,0.0
2011-05-27 00:00:00+05:30,235.90606322694788,239.92330415871112,235.90606322694788,238.25657653808594,6264944,0.0,0.0
2011-05-30 00:00:00+05:30,239.84636047419679,239.84636047419679,235.9915107170847,237.6667938232422,6867352,0.0,0.0
2011-05-31 00:00:00+05:30,238.72653318503683,240.86336216091433,237.3205038924035,238.09829711914062,20410608,0.0,0.0
2011-06-01 00:00:00+05:30,238.81207524173314,241.37627075256063,237.95734340479063,240.3121337890625,8105864,0.0,0.0
2011-06-02 00:00:00+05:30,237.61548623051428,241.03441408994613,237.3590666410569,239.5856475830078,7117288,0.0,0.0
2011-06-03 00:00:00+05:30,240.26516877103083,242.98322074492498,240.2566131039115,240.70962524414062,6293384,0.0,0.0
2011-06-06 00:00:00+05:30,241.2053310024451,243.25240963458702,238.91036761030344,242.56434631347656,3769264,0.0,0.0
2011-06-07 00:00:00+05:30,241.89350389702392,248.21424469430622,241.89350389702392,247.23558044433594,7978664,0.0,0.0
2011-06-08 00:00:00+05:30,246.9320595829979,247.20556963264696,245.07301759755998,245.453369140625,5945968,0.0,0.0
2011-06-09 00:00:00+05:30,246.2910529334458,246.2910529334458,243.98755411316952,244.5815887451172,4221616,0.0,0.0
2011-06-10 00:00:00+05:30,245.17984182707866,246.23116622176056,243.70115148882508,244.65419006347656,7187264,0.0,0.0
2011-06-13 00:00:00+05:30,243.4703938194907,246.35083629220054,241.00876165161142,245.95767211914062,7733184,0.0,0.0
2011-06-14 00:00:00+05:30,245.9748023514049,246.46199546389565,244.85937281262184,245.50469970703125,7870104,0.0,0.0
2011-06-15 00:00:00+05:30,244.60291353318723,244.60291353318723,241.624164367944,242.3677978515625,7335880,0.0,0.0
2011-06-16 00:00:00+05:30,241.80366239701746,241.80366239701746,238.90185167536342,239.3505859375,7628960,0.0,0.0
2011-06-17 00:00:00+05:30,239.3335105391583,239.61129843320657,233.452950331656,236.7308349609375,8525168,0.0,0.0
2011-06-20 00:00:00+05:30,236.61546844670534,237.59413243270353,226.71766751605222,231.5939178466797,12458152,0.0,0.0
2011-06-21 00:00:00+05:30,232.7435915825262,235.47873478143947,230.20504097453212,233.09829711914062,7542816,0.0,0.0
2011-06-22 00:00:00+05:30,235.30770119524823,237.76077766988308,234.37605173511002,235.48292541503906,5625000,0.0,0.0
2011-06-23 00:00:00+05:30,235.05123540018735,238.39324494868535,233.81187434080454,237.53851318359375,4158768,0.0,0.0
2011-06-24 00:00:00+05:30,238.5557082794998,245.96623076592212,238.5557082794998,244.44908142089844,11219288,0.0,0.0
2011-06-27 00:00:00+05:30,242.03014055738018,249.83812450249027,241.05575457685538,245.39779663085938,10724296,0.0,0.0
2011-06-28 00:00:00+05:30,245.31241563572365,245.8936376966941,243.06874364363867,244.9064178466797,4486792,0.0,0.0
2011-06-29 00:00:00+05:30,245.13716706479218,248.47062226546404,245.13716706479218,246.3124237060547,4800752,0.0,0.0
2011-06-30 00:00:00+05:30,246.67993466530552,249.49627245043976,246.29102742923678,248.76547241210938,11341840,0.0,0.0
2011-07-01 00:00:00+05:30,250.86378298642285,253.85106645019366,249.93213367257763,250.79112243652344,6402464,0.0,0.0
2011-07-04 00:00:00+05:30,253.56903449876697,254.45369037527934,250.86381634244034,251.20143127441406,4114592,0.0,0.0
2011-07-05 00:00:00+05:30,252.74426480201402,253.84686078912557,250.09459547199629,252.69725036621094,6423728,0.0,0.0
2011-07-06 00:00:00+05:30,251.88950722536245,254.0647958780917,251.0433309366124,252.46217346191406,3440224,0.0,0.0
2011-07-07 00:00:00+05:30,252.5904284672995,256.4196324859192,251.5476594686867,256.0520935058594,5751472,0.0,0.0
2011-07-08 00:00:00+05:30,256.41951811806297,258.46231859874734,253.62027171194077,254.41517639160156,5669792,0.0,0.0
2011-07-11 00:00:00+05:30,252.47927041892,254.37679210244428,246.8936094679457,249.68002319335938,9206520,0.0,0.0
2011-07-12 00:00:00+05:30,243.59857993645198,243.59857993645198,234.77775132066955,238.60267639160156,29652656,0.0,0.0
2011-07-13 00:00:00+05:30,236.4188229359446,239.95314738141712,235.9957348558126,237.38467407226562,13338168,0.0,0.0
2011-07-14 00:00:00+05:30,235.92737912763215,236.24790359886796,233.4272882519929,234.22647094726562,10891224,0.0,0.0
2011-07-15 00:00:00+05:30,234.538487889728,236.15820104331246,232.4871308527916,233.45726013183594,6392624,0.0,0.0
2011-07-18 00:00:00+05:30,233.76918772830263,234.47434158525272,231.40586223957675,231.92295837402344,9408656,0.0,0.0
2011-07-19 00:00:00+05:30,232.57255029114913,236.07695108568686,232.20073356717648,235.09400939941406,8324424,0.0,0.0
2011-07-20 00:00:00+05:30,237.00002282697605,237.00002282697605,234.623864398372,235.26063537597656,6222712,0.0,0.0
2011-07-21 00:00:00+05:30,234.64105487649903,238.00015624534203,233.92308825044117,236.59840393066406,5897088,0.0,0.0
2011-07-22 00:00:00+05:30,237.98303527517308,243.08578114900308,236.76076433992213,241.7395782470703,7749624,0.0,0.0
2011-07-25 00:00:00+05:30,240.86348129488482,241.46607153762474,238.56426052660657,239.9873809814453,7404256,0.0,0.0
2011-07-26 00:00:00+05:30,240.09413189179006,241.37622942770207,238.25645875698285,239.47872924804688,6848736,0.0,0.0
2011-07-27 00:00:00+05:30,239.41046733269735,242.39347409099176,238.57282567977887,239.0386505126953,8506440,0.0,0.0
2011-07-28 00:00:00+05:30,236.33336314725307,237.0940661680779,233.72643093170473,235.14529418945312,9481376,0.0,0.0
2011-07-29 00:00:00+05:30,234.28208406361216,237.8249446783082,232.9486935526665,237.2650909423828,9757592,0.0,0.0
2011-08-01 00:00:00+05:30,237.6240688867282,241.35924382390638,237.6240688867282,240.61563110351562,6094952,0.0,0.0
2011-08-02 00:00:00+05:30,239.20100915248872,239.20100915248872,234.6239154802793,235.13247680664062,4932528,0.0,0.0
2011-08-03 00:00:00+05:30,233.76919898563622,234.17091884696012,231.50415921484304,233.56407165527344,5646088,0.0,0.0
2011-08-04 00:00:00+05:30,234.1965178677799,235.90170366927092,231.11948332645142,231.55966186523438,6529888,0.0,0.0
2011-08-05 00:00:00+05:30,225.9569420016435,225.9569420016435,215.81981293614626,221.47813415527344,15758072,0.0,0.0
2011-08-08 00:00:00+05:30,213.6829579269758,213.6829579269758,207.78530828819126,211.1614990234375,16170240,0.0,0.0
2011-08-09 00:00:00+05:30,200.94742975051707,208.5502643164134,200.87904703861295,202.9603271484375,16849744,0.0,0.0
2011-08-10 00:00:00+05:30,209.23835550728592,211.66578559836998,206.08440334846824,209.16143798828125,13955960,0.0,0.0
2011-08-11 00:00:00+05:30,207.8708181441512,211.03332647940348,206.41349594049163,208.60589599609375,8206232,0.0,0.0
2011-08-12 00:00:00+05:30,212.65732680400367,212.65732680400367,200.2081632663485,203.0159454345703,14098080,0.0,0.0
2011-08-16 00:00:00+05:30,207.6998435797672,208.4049973696985,202.76804488307639,205.07582092285156,10146704,0.0,0.0
2011-08-17 00:00:00+05:30,204.79376357492984,210.73415028964504,204.79376357492984,209.31956481933594,8531328,0.0,0.0
2011-08-18 00:00:00+05:30,210.69149658269515,210.95647192336364,200.26376328326762,201.2125244140625,10674664,0.0,0.0
2011-08-19 00:00:00+05:30,194.36602337086583,194.36602337086583,185.61357754319667,190.15219116210938,28899200,0.0,0.0
2011-08-22 00:00:00+05:30,189.22909900999423,191.8958794013163,185.90420005485544,187.57948303222656,15708072,0.0,0.0
2011-08-23 00:00:00+05:30,188.14786289461557,196.81483617057208,187.52818225589394,194.61817932128906,17143440,0.0,0.0
2011-08-24 00:00:00+05:30,194.87892619119566,195.3020144232456,190.60526552910804,192.3916473388672,8606144,0.0,0.0
2011-08-25 00:00:00+05:30,192.3318068012256,193.6053701098775,184.75033749082823,186.6221923828125,26853752,0.0,0.0
2011-08-26 00:00:00+05:30,186.88715363855485,192.56256582739613,186.55807346832523,188.25900268554688,21021960,0.0,0.0
2011-08-29 00:00:00+05:30,191.3744818955838,197.6353933734094,190.77616953592812,196.267822265625,11222528,0.0,0.0
2011-08-30 00:00:00+05:30,199.2379990023678,201.71672142667865,194.87886646306242,200.2593994140625,12142920,0.0,0.0
2011-09-02 00:00:00+05:30,203.85361867401068,203.85361867401068,194.4772111206568,198.22947692871094,14960904,0.0,0.0
2011-09-05 00:00:00+05:30,196.04986759097537,196.04986759097537,191.47705155601037,193.6053466796875,10902544,0.0,0.0
2011-09-06 00:00:00+05:30,192.64800663075067,198.29779260320348,189.9427886260642,196.80628967285156,10816696,0.0,0.0
2011-09-07 00:00:00+05:30,196.40885716845946,197.81063016349117,193.82329287852414,195.85755920410156,13157432,0.0,0.0
2011-09-08 00:00:00+05:30,196.58831622467935,201.20386799691093,196.5028430437121,199.874755859375,11027872,0.0,0.0
2011-09-09 00:00:00+05:30,198.99013959672743,198.99013959672743,193.25488026959917,194.3916778564453,12392104,0.0,0.0
2011-09-12 00:00:00+05:30,188.72485796822178,189.52404087228192,186.38715720029026,187.90858459472656,8198264,0.0,0.0
2011-09-13 00:00:00+05:30,190.01547124455055,193.14377771198536,187.6777709762559,189.92572021484375,10365216,0.0,0.0
2011-09-14 00:00:00+05:30,192.40013830855332,202.3064720450639,192.22919193955417,201.0030059814453,17236880,0.0,0.0
2011-09-15 00:00:00+05:30,203.25524044038315,207.5716364211398,199.15252742897087,205.98182678222656,13703456,0.0,0.0
2011-09-16 00:00:00+05:30,210.0846050861284,210.0846050861284,202.87922981444888,204.72116088867188,11304104,0.0,0.0
2011-09-19 00:00:00+05:30,205.0502272998758,206.12719807453803,201.38343500028077,201.94326782226562,6558432,0.0,0.0
2011-09-20 00:00:00+05:30,203.16971242498454,208.554521799311,203.01157872335287,208.2596435546875,9008904,0.0,0.0
2011-09-21 00:00:00+05:30,208.55457121801786,209.82811332641586,206.8451075195095,208.18275451660156,7402480,0.0,0.0
2011-09-22 00:00:00+05:30,203.76810917109873,206.14426830892225,199.72094479673592,201.08425903320312,9037856,0.0,0.0
2011-09-23 00:00:00+05:30,198.9816093885785,204.2638573164621,198.38329698921422,199.90472412109375,10448432,0.0,0.0
2011-09-26 00:00:00+05:30,200.4346661415829,202.14413024513587,196.6824007812769,201.28939819335938,6544288,0.0,0.0
2011-09-27 00:00:00+05:30,203.18687551111458,211.0033950407811,203.18687551111458,208.9093017578125,10341024,0.0,0.0
2011-09-28 00:00:00+05:30,211.97350027831192,217.10189141407753,209.62298767441933,211.14013671875,20061760,0.0,0.0
2011-09-29 00:00:00+05:30,212.1444535168173,219.66181625984234,211.2256167419157,218.0506591796875,23256344,0.0,0.0
2011-09-30 00:00:00+05:30,216.4096278511458,219.15332643944464,214.3839167997539,216.5079345703125,10730656,0.0,0.0
2011-10-03 00:00:00+05:30,212.8282578018212,215.22150728714288,210.9222013596584,211.62307739257812,9885128,0.0,0.0
2011-10-04 00:00:00+05:30,209.59738557551094,212.12312291395426,206.29813243891155,208.42640686035156,7838480,0.0,0.0
2011-10-05 00:00:00+05:30,210.08879505197868,213.5974732050932,207.53743319264308,209.14859008789062,10771856,0.0,0.0
2011-10-07 00:00:00+05:30,218.8113844059272,220.08492669473543,212.62739025355685,214.42660522460938,18457728,0.0,0.0
2011-10-10 00:00:00+05:30,217.5292912550249,222.30723472774045,216.11042780593718,221.37130737304688,16946432,0.0,0.0
2011-10-11 00:00:00+05:30,221.6661804361769,221.80294589817342,212.82826022599298,214.0718994140625,22339248,0.0,0.0
2011-10-12 00:00:00+05:30,221.80299083075147,229.75199975069748,221.80299083075147,229.01266479492188,34633704,0.0,0.0
2011-10-13 00:00:00+05:30,232.40160072039004,233.25633260976258,229.49551229652346,230.49554443359375,18041536,0.0,0.0
2011-10-14 00:00:00+05:30,231.72635301071037,235.62391760529445,229.60661391498422,234.5170440673828,19600992,0.0,0.0
2011-10-17 00:00:00+05:30,236.00006319596426,236.324844665185,232.50419676097695,234.7564239501953,14145496,0.0,0.0
2011-10-18 00:00:00+05:30,230.7690366846885,232.91442190870964,229.72626803349152,230.9100799560547,10518136,0.0,0.0
2011-10-19 00:00:00+05:30,232.65801952167325,233.76917097420144,230.8716382257536,233.1494903564453,10135320,0.0,0.0
2011-10-20 00:00:00+05:30,231.36616234811464,236.95264100808026,230.98370762104435,236.1404571533203,5573680,1.875,0.0
2011-10-21 00:00:00+05:30,236.1404604035868,236.26507765575852,232.65535293348066,234.00039672851562,6858312,0.0,0.0
2011-10-24 00:00:00+05:30,236.35100846185938,238.48246902565236,235.5946810382081,237.83787536621094,6075592,0.0,0.0
2011-10-25 00:00:00+05:30,241.5937621618748,249.15699626726257,241.5937621618748,245.69337463378906,15677584,0.0,0.0
2011-10-28 00:00:00+05:30,251.04770972168487,255.37508962612333,244.52012968225557,245.68898010253906,24868784,0.0,0.0
2011-10-31 00:00:00+05:30,245.4612484935025,249.0494862822293,245.4612484935025,247.31338500976562,10291624,0.0,0.0
2011-11-01 00:00:00+05:30,244.08613745893047,247.0168984180454,242.19532935185424,243.79393005371094,7906192,0.0,0.0
2011-11-02 00:00:00+05:30,242.36729235169,245.28084821766214,242.14382475282642,243.6049041748047,5317856,0.0,0.0
2011-11-03 00:00:00+05:30,243.5704905822764,244.25805724588196,237.82930474459593,240.82882690429688,10779624,0.0,0.0
2011-11-04 00:00:00+05:30,244.5158271595878,245.02289904069247,239.92202785469127,242.87855529785156,7643688,0.0,0.0
2011-11-08 00:00:00+05:30,241.94173291578892,244.7736428810603,239.86184871428483,244.26657104492188,6107336,0.0,0.0
2011-11-09 00:00:00+05:30,244.51590613967207,246.4282010119419,242.7969894005531,243.68223571777344,6679648,0.0,0.0
2011-11-11 00:00:00+05:30,224.37875379195836,241.31008076316942,224.37875379195836,238.559814453125,9441224,0.0,0.0
2011-11-14 00:00:00+05:30,241.52052471106268,243.4328183116066,240.47629187963852,241.40451049804688,4633040,0.0,0.0
2011-11-15 00:00:00+05:30,240.65688867278632,242.36720202442245,239.06258958346393,240.50218200683594,5098024,0.0,0.0
2011-11-16 00:00:00+05:30,240.21855508700105,240.9920674289628,237.06434784468576,238.78326416015625,6552648,0.0,0.0
2011-11-17 00:00:00+05:30,237.92384267604885,239.70291714021465,234.88134773897622,236.65184020996094,6366984,0.0,0.0
2011-11-18 00:00:00+05:30,234.722361415887,237.59294372269937,233.77265580510507,235.56033325195312,4737896,0.0,0.0
2011-11-21 00:00:00+05:30,233.7726358792802,235.04893972934133,225.7195165531004,229.48394775390625,9365792,0.0,0.0
2011-11-22 00:00:00+05:30,223.45904043592546,237.63149195350707,223.45904043592546,234.11631774902344,14859512,0.0,0.0
2011-11-23 00:00:00+05:30,229.90504337841526,231.15555911934538,224.95027578996618,227.98414611816406,12792816,0.0,0.0
2011-11-24 00:00:00+05:30,226.98301799532175,230.67869000357575,222.30757156872758,229.1488494873047,13231776,0.0,0.0
2011-11-25 00:00:00+05:30,228.18615777004766,228.18615777004766,222.68562515336853,223.433349609375,8022528,0.0,0.0
2011-11-28 00:00:00+05:30,225.1823705760217,227.74784094900247,224.5291738908633,226.5660858154297,7290208,0.0,0.0
2011-11-29 00:00:00+05:30,225.36716070832452,225.8699522281193,221.84768301836974,223.28297424316406,10659368,0.0,0.0
2011-11-30 00:00:00+05:30,221.82611368288812,225.60772894908226,220.10719765279987,224.04782104492188,11640232,0.0,0.0
2011-12-01 00:00:00+05:30,229.81912875078817,231.26732424918947,226.08908845740376,228.21624755859375,8125208,0.0,0.0
2011-12-02 00:00:00+05:30,227.8423498886023,233.38155333077722,227.57590947559433,231.5509033203125,9451408,0.0,0.0
2011-12-05 00:00:00+05:30,231.19426981510153,233.5792664646811,229.92226740541892,232.15255737304688,7468184,0.0,0.0
2011-12-07 00:00:00+05:30,232.48342112725462,238.27616045461798,230.68286056500455,237.1201934814453,8070392,0.0,0.0
2011-12-08 00:00:00+05:30,236.0931196438341,237.0385234720402,231.71848668646152,234.069091796875,7295584,0.0,0.0
2011-12-09 00:00:00+05:30,229.31627578197094,235.474304885432,228.63301087478507,232.93890380859375,10570752,0.0,0.0
2011-12-12 00:00:00+05:30,233.76404033788754,236.86669300442335,231.8646502006857,235.51304626464844,11025800,0.0,0.0
2011-12-13 00:00:00+05:30,234.74376499781246,237.63153125440402,232.80138154732975,236.54002380371094,9648336,0.0,0.0
2011-12-14 00:00:00+05:30,236.35101805593766,237.833583532834,234.20237243724733,235.51304626464844,9857632,0.0,0.0
2011-12-15 00:00:00+05:30,234.31415657729028,235.00602481181528,229.0456721911044,233.45899963378906,10053168,0.0,0.0
2011-12-16 00:00:00+05:30,231.62403682849455,239.6857607484501,231.36189782215155,234.15943908691406,13669288,0.0,0.0
2011-12-19 00:00:00+05:30,231.19430821149564,232.3588785330757,228.25496469772295,230.0254364013672,12064432,0.0,0.0
2011-12-20 00:00:00+05:30,231.19420717762003,231.89465707016214,227.85092387589134,229.36785888671875,10484608,0.0,0.0
2011-12-21 00:00:00+05:30,233.6866294201647,236.76349324646915,230.33474323135027,235.74932861328125,8422920,0.0,0.0
2011-12-22 00:00:00+05:30,227.75640339152534,236.17909302638174,227.75640339152534,233.84567260742188,12707136,0.0,0.0
2011-12-23 00:00:00+05:30,235.49154155450557,235.49154155450557,230.61411637814857,231.6024932861328,7045296,0.0,0.0
2011-12-26 00:00:00+05:30,231.28018226134625,239.53098029073655,231.28018226134625,238.57269287109375,4236568,0.0,0.0
2011-12-27 00:00:00+05:30,237.64024062990657,240.56239910419836,235.1692978023804,237.158935546875,6178200,0.0,0.0
2011-12-28 00:00:00+05:30,237.9839921042184,240.99209601308357,236.48424163765773,239.10128784179688,6851248,0.0,0.0
2011-12-29 00:00:00+05:30,237.03860369436632,238.49107985612616,234.7223677279368,235.6720733642578,8837168,0.0,0.0
2011-12-30 00:00:00+05:30,235.83529471800924,238.49961473851153,235.6204302002268,237.86790466308594,5308816,0.0,0.0
2012-01-02 00:00:00+05:30,237.14170636882005,242.07928961497717,235.66344243632523,241.41751098632812,5826176,0.0,0.0
2012-01-03 00:00:00+05:30,242.71963383146164,248.12131681158465,242.36724752524532,246.17465209960938,8903008,0.0,0.0
2012-01-04 00:00:00+05:30,244.5158177689118,247.09419194573687,244.17633603220239,245.32369995117188,7341424,0.0,0.0
2012-01-05 00:00:00+05:30,244.01738520281546,247.18019579904296,243.35130505071444,244.09902954101562,7125272,0.0,0.0
2012-01-06 00:00:00+05:30,243.91422941245736,246.45823399679765,241.60229532103872,243.41143798828125,7087632,0.0,0.0
2012-01-09 00:00:00+05:30,244.730760270638,246.34654613291443,242.12659732561798,243.78965759277344,8265784,0.0,0.0
2012-01-10 00:00:00+05:30,246.66447044053587,247.12856941337617,244.96273923534903,246.1144256591797,11179176,0.0,0.0
2012-01-11 00:00:00+05:30,246.49256561333053,248.80449934535946,241.76554639829106,242.93441772460938,13795800,0.0,0.0
2012-01-12 00:00:00+05:30,236.35100065585232,236.35100065585232,221.5726213750532,222.4492645263672,48970600,0.0,0.0
2012-01-13 00:00:00+05:30,225.006200281099,225.09214611772282,219.3552615230844,222.10122680664062,20898944,0.0,0.0
2012-01-16 00:00:00+05:30,221.84762077027264,227.24072031635868,221.66284567299442,226.90982055664062,13188736,0.0,0.0
2012-01-17 00:00:00+05:30,227.75641718033518,229.71598602283723,226.36840061594845,228.7920684814453,8740424,0.0,0.0
2012-01-18 00:00:00+05:30,227.24073077871049,227.24073077871049,222.1699277847831,224.49476623535156,9700424,0.0,0.0
2012-01-19 00:00:00+05:30,224.8342511228239,225.41868685901278,221.4479944187836,223.00360107421875,9652336,0.0,0.0
2012-01-20 00:00:00+05:30,223.1153725459685,224.29282620913278,221.42224390773652,222.49656677246094,11635712,0.0,0.0
2012-01-23 00:00:00+05:30,222.59967815650782,224.7912966094001,222.5137323348258,223.48492431640625,5160864,0.0,0.0
2012-01-24 00:00:00+05:30,225.00609744879202,226.86253506458485,223.0293441098607,225.2467498779297,5653208,0.0,0.0
2012-01-25 00:00:00+05:30,226.46719908189465,229.90503132602208,225.6077410208628,229.1143341064453,10545360,0.0,0.0
2012-01-27 00:00:00+05:30,232.22562330893422,235.061835584728,230.86767505304118,234.20237731933594,12218872,0.0,0.0
2012-01-30 00:00:00+05:30,231.95918369181985,234.2195631345436,231.19427422600364,233.11087036132812,9588456,0.0,0.0
2012-01-31 00:00:00+05:30,233.0850143710454,236.75059442293207,232.56933956048996,236.00717163085938,8658896,0.0,0.0
2012-02-01 00:00:00+05:30,235.465734344186,236.17908877249525,231.67981717074696,235.72357177734375,6269336,0.0,0.0
2012-02-02 00:00:00+05:30,235.50017585185427,239.18724354497326,234.6321145805882,236.95265197753906,11538256,0.0,0.0
2012-02-03 00:00:00+05:30,235.4958543931095,239.96073566129414,235.4958543931095,239.20870971679688,11637200,0.0,0.0
2012-02-06 00:00:00+05:30,241.08662822516936,241.32725973502613,236.53149976233482,238.68014526367188,7937680,0.0,0.0
2012-02-07 00:00:00+05:30,241.0780377269993,241.0780377269993,233.22687826563083,234.417236328125,7221640,0.0,0.0
2012-02-08 00:00:00+05:30,236.17915643444556,239.10131484738994,235.60762502035593,237.9969024658203,6671496,0.0,0.0
2012-02-09 00:00:00+05:30,236.26505358686634,242.54770127328288,234.7910912019061,241.4991455078125,10156840,0.0,0.0
2012-02-10 00:00:00+05:30,240.562308209745,240.8201456247608,236.4497930470979,239.8231658935547,5177616,0.0,0.0
2012-02-13 00:00:00+05:30,238.52115743303776,240.69128957435265,236.9612490592596,239.65133666992188,5734008,0.0,0.0
2012-02-14 00:00:00+05:30,238.585593685613,241.49914855829596,237.55424385700084,240.73854064941406,5477768,0.0,0.0
2012-02-15 00:00:00+05:30,241.93752187513905,247.09427189734453,241.93752187513905,246.157470703125,7178328,0.0,0.0
2012-02-16 00:00:00+05:30,246.14880958625554,250.7640955694249,245.85230072658803,250.01206970214844,8256552,0.0,0.0
2012-02-17 00:00:00+05:30,250.63946450021405,255.94661818487353,249.25572858766756,253.35105895996094,11457280,0.0,0.0
2012-02-21 00:00:00+05:30,251.82125094473884,254.39102255270083,250.20976683033138,252.53030395507812,6049224,0.0,0.0
2012-02-22 00:00:00+05:30,249.68982596639776,257.32182001512354,249.68982596639776,253.73358154296875,10413120,0.0,0.0
2012-02-23 00:00:00+05:30,252.59471027657145,256.341955610192,250.63514180837413,252.0919189453125,10474960,0.0,0.0
2012-02-24 00:00:00+05:30,251.99315444787598,255.60287903410068,251.2626149482829,253.37258911132812,8536440,0.0,0.0
2012-02-27 00:00:00+05:30,254.82938887285752,254.82938887285752,246.83642659117936,247.81192016601562,6910568,0.0,0.0
2012-02-28 00:00:00+05:30,248.03964490006672,250.10234464975542,245.37102290233358,246.8707733154297,7950200,0.0,0.0
2012-02-29 00:00:00+05:30,248.72724360958125,249.93908826219527,246.16605355966746,247.8205108642578,8868408,0.0,0.0
2012-03-01 00:00:00+05:30,245.07880926538542,247.09423456465254,241.07802711438273,245.51712036132812,9806632,0.0,0.0
2012-03-02 00:00:00+05:30,246.23470102210135,246.23470102210135,241.7741226846879,244.57594299316406,6077656,0.0,0.0
2012-03-05 00:00:00+05:30,245.64174338102,246.13593181955622,240.36465772588846,241.49485778808594,5780456,0.0,0.0
2012-03-06 00:00:00+05:30,241.086681337292,247.52401628431562,240.74289798134154,245.1562042236328,10349688,0.0,0.0
2012-03-07 00:00:00+05:30,244.25800244449619,248.81313056890093,243.66498472333276,247.85484313964844,7908568,0.0,0.0
2012-03-09 00:00:00+05:30,248.7271295482659,249.50064169959086,244.7736229970495,245.40103149414062,6644808,0.0,0.0
2012-03-12 00:00:00+05:30,250.5320421854027,250.5320421854027,239.0153033679605,242.1437225341797,7294472,0.0,0.0
2012-03-13 00:00:00+05:30,244.4256074331252,246.65161673207285,244.2580172828646,245.78785705566406,7710424,0.0,0.0
2012-03-14 00:00:00+05:30,248.38341259412286,250.5320580317883,245.28506167643621,247.4251251220703,10602088,0.0,0.0
2012-03-15 00:00:00+05:30,248.81307787920161,249.6854193100554,246.70740589024118,247.6871795654297,6251360,0.0,0.0
2012-03-16 00:00:00+05:30,249.6725720365902,250.36013850003002,244.70059865469557,246.23043823242188,9031008,0.0,0.0
2012-03-19 00:00:00+05:30,248.81311505691596,249.24284409846504,241.6194550979571,243.87123107910156,6061528,0.0,0.0
2012-03-20 00:00:00+05:30,242.8828786298601,245.2206006536452,240.90612484058664,243.3426971435547,9225384,0.0,0.0
2012-03-21 00:00:00+05:30,243.4372743958621,248.38346136106202,242.4531987887737,246.4324951171875,6250664,0.0,0.0
2012-03-22 00:00:00+05:30,247.0083171863413,247.05559158975308,241.87735529522382,243.08059692382812,5664640,0.0,0.0
2012-03-23 00:00:00+05:30,243.4844705606447,247.76027444712264,243.26100306991472,246.89651489257812,5497736,0.0,0.0
2012-03-26 00:00:00+05:30,246.57859634470836,246.57859634470836,242.46179931265172,243.29116821289062,4922664,0.0,0.0
2012-03-27 00:00:00+05:30,245.805039709887,249.56516925090364,243.42434474563362,247.17156982421875,7590752,0.0,0.0
2012-03-28 00:00:00+05:30,246.32072046770992,247.06844490619218,242.71099602261438,244.35256958007812,5919920,0.0,0.0
2012-03-29 00:00:00+05:30,242.41022593380728,243.94436747104965,237.8808846573404,239.9607696533203,14000208,0.0,0.0
2012-03-30 00:00:00+05:30,241.499139970214,246.92232935262234,240.906122232997,246.34649658203125,7963600,0.0,0.0
2012-04-02 00:00:00+05:30,246.1488403834058,248.2759995312722,244.17208642781281,244.96278381347656,4851584,0.0,0.0
2012-04-03 00:00:00+05:30,246.34652761612077,247.32200016082837,244.30531422910119,245.67184448242188,5451584,0.0,0.0
2012-04-04 00:00:00+05:30,244.85969699410163,247.0899873349079,244.4299677961478,245.04019165039062,5254144,0.0,0.0
2012-04-09 00:00:00+05:30,243.8712622358974,245.74918678053433,241.71401377856736,242.6035614013672,6541568,0.0,0.0
2012-04-10 00:00:00+05:30,244.25803010733063,244.74361561640282,235.23371865016324,238.19024658203125,7243056,0.0,0.0
2012-04-11 00:00:00+05:30,237.9796985633041,242.7969664662254,235.76659347073587,241.02647399902344,8179640,0.0,0.0
2012-04-12 00:00:00+05:30,242.60359365699884,243.38570910967297,235.35835593096445,236.40689086914062,11805608,0.0,0.0
2012-04-13 00:00:00+05:30,216.41157654652622,216.8155177072876,205.33316865021797,206.4891357421875,75255568,0.0,0.0
2012-04-16 00:00:00+05:30,206.26994990396167,208.55181542134713,200.51588195633863,203.22317504882812,33491480,0.0,0.0
2012-04-17 00:00:00+05:30,206.18401873095073,206.18401873095073,200.7780351365286,204.6112060546875,23687088,0.0,0.0
2012-04-18 00:00:00+05:30,206.26990704895886,206.4890730217704,202.40234629179088,203.79896545410156,19165328,0.0,0.0
2012-04-19 00:00:00+05:30,204.5424362876199,207.55484129349617,203.51968948445463,206.7340545654297,17113512,0.0,0.0
2012-04-20 00:00:00+05:30,205.81873866714466,208.71080692339822,203.04698615769047,206.90594482421875,11507520,0.0,0.0
2012-04-23 00:00:00+05:30,205.4104736586105,205.4104736586105,198.10508024397373,198.61215209960938,18136696,0.0,0.0
2012-04-24 00:00:00+05:30,198.5906707346242,203.2446487776858,188.93467189898342,201.93397521972656,53037912,0.0,0.0
2012-04-25 00:00:00+05:30,201.94686681885048,203.26184191661744,197.95468811604613,201.96835327148438,24638504,0.0,0.0
2012-04-26 00:00:00+05:30,201.972724703515,204.44796910071105,201.31524741837333,202.50558471679688,17137064,0.0,0.0
2012-04-27 00:00:00+05:30,202.57427193559099,206.09805010672346,202.40238031748697,205.49642944335938,14062464,0.0,0.0
2012-04-30 00:00:00+05:30,205.5824128026026,212.11429548362173,205.44061058491164,211.6072235107422,10869608,0.0,0.0
2012-05-02 00:00:00+05:30,211.85649374927902,213.83324805201065,211.57716977171913,212.45811462402344,10124688,0.0,0.0
2012-05-03 00:00:00+05:30,211.426746305147,214.62822854086517,211.426746305147,213.3948974609375,11400728,0.0,0.0
2012-05-04 00:00:00+05:30,213.31750009272935,214.6926330506196,208.2810672413107,209.8753662109375,10800888,0.0,0.0
2012-05-07 00:00:00+05:30,207.04348227010908,210.46413013390958,203.51110064271535,209.5015411376953,10710000,0.0,0.0
2012-05-08 00:00:00+05:30,205.84024581980935,206.93605506164758,200.18070498940395,205.74569702148438,11526640,0.0,0.0
2012-05-09 00:00:00+05:30,203.51966785525622,205.82301964410954,202.19611084089667,203.3692626953125,10498144,0.0,0.0
2012-05-10 00:00:00+05:30,203.51972761895814,204.96792326311052,199.59200734248023,201.47421264648438,9084024,0.0,0.0
2012-05-11 00:00:00+05:30,201.45698454170423,202.83211754198888,196.9921037779778,198.6465606689453,8901312,0.0,0.0
2012-05-14 00:00:00+05:30,199.41148040877334,201.58591377546765,198.0277653447791,201.02296447753906,7918416,0.0,0.0
2012-05-15 00:00:00+05:30,198.10512914172014,208.76241157710987,198.10512914172014,207.57635498046875,10267152,0.0,0.0
2012-05-16 00:00:00+05:30,204.37909033095076,204.9807108659872,202.31639135368297,203.5583038330078,8589288,0.0,0.0
2012-05-17 00:00:00+05:30,203.55835122951441,204.33186352609437,201.66324190632074,203.7388458251953,5807416,0.0,0.0
2012-05-18 00:00:00+05:30,199.85409082584812,206.6996659645432,197.86013131590803,204.7959747314453,5938160,0.0,0.0
2012-05-21 00:00:00+05:30,204.97215785971787,205.02373373986583,199.73806632213297,201.15187072753906,4776760,0.0,0.0
2012-05-22 00:00:00+05:30,202.40243285220603,203.52403014802454,199.70802264593036,201.20779418945312,5823208,0.0,0.0
2012-05-23 00:00:00+05:30,202.40239839681473,203.2446715973321,198.29418416059505,201.81796264648438,5402032,0.0,0.0
2012-05-24 00:00:00+05:30,204.67595170926634,208.15255898270772,201.5391555144883,207.44679260253906,7612048,4.0,0.0
2012-05-25 00:00:00+05:30,205.89580335185204,207.81273423367207,204.854565604688,206.7540740966797,4313728,0.0,0.0
2012-05-28 00:00:00+05:30,208.59691914706937,208.94545201114136,205.8609446732076,207.88243103027344,4725784,0.0,0.0
2012-05-29 00:00:00+05:30,208.33556021306248,211.29809013662756,207.20282818346408,209.94752502441406,5144760,0.0,0.0
2012-05-30 00:00:00+05:30,209.72962296444507,214.2431272063489,208.48361388713064,211.93409729003906,8051488,0.0,0.0
2012-05-31 00:00:00+05:30,209.81685127496604,222.36403839439924,208.3443079624162,211.67715454101562,21626352,0.0,0.0
2012-06-01 00:00:00+05:30,210.4267371249079,211.8644353288669,207.63847394147226,208.17869567871094,6543040,0.0,0.0
2012-06-04 00:00:00+05:30,206.85428206274668,208.8017182062664,204.3274184655185,207.8650360107422,4812088,0.0,0.0
2012-06-05 00:00:00+05:30,207.8127371999534,210.15661239344024,206.91526074701176,208.14820861816406,5992720,0.0,0.0
2012-06-06 00:00:00+05:30,208.87576411375778,212.02564298225053,208.8060532787391,210.47030639648438,8777184,0.0,0.0
2012-06-07 00:00:00+05:30,213.30216945217924,214.77037304105147,212.26963205908353,213.7334747314453,6647088,0.0,0.0
2012-06-08 00:00:00+05:30,216.86586312098888,216.86586312098888,208.49237342827715,210.7970428466797,5564824,0.0,0.0
2012-06-11 00:00:00+05:30,211.4723441773518,213.71602479645637,210.41802361033817,211.35470581054688,3553784,0.0,0.0
2012-06-12 00:00:00+05:30,209.31141193659843,215.21904836905367,209.31141193659843,214.1778106689453,4134680,0.0,0.0
2012-06-13 00:00:00+05:30,213.58529829384,216.9355662348613,212.7793160361274,215.22776794433594,6157784,0.0,0.0
2012-06-14 00:00:00+05:30,214.43487806332567,218.7044063140786,214.43487806332567,217.68495178222656,7883336,0.0,0.0
2012-06-15 00:00:00+05:30,218.70876250986205,220.62133260391016,218.07268569290528,219.7979278564453,6311512,0.0,0.0
2012-06-18 00:00:00+05:30,220.8827630647605,221.69746736662947,217.5281333298519,218.85255432128906,7117032,0.0,0.0
2012-06-19 00:00:00+05:30,217.83301269137,218.26867871675273,214.16469624854525,215.82894897460938,6414080,0.0,0.0
2012-06-20 00:00:00+05:30,216.09037828402782,216.52604436927788,213.7334205082734,215.22776794433594,6535976,0.0,0.0
2012-06-21 00:00:00+05:30,213.99923513124043,218.09449736705812,212.6181647830348,217.07504272460938,6536616,0.0,0.0
2012-06-22 00:00:00+05:30,213.45459483589954,216.48247407686188,211.4243866586308,215.60678100585938,6414328,0.0,0.0
2012-06-25 00:00:00+05:30,215.64604119942754,216.78749512094612,214.1952813026792,215.05789184570312,7949448,0.0,0.0
2012-06-26 00:00:00+05:30,213.74650144349073,214.3389902962044,211.6945099447971,212.639892578125,10330160,0.0,0.0
2012-06-27 00:00:00+05:30,213.65070467522207,215.65476919705327,213.34137741838668,215.05355834960938,8677384,0.0,0.0
2012-06-28 00:00:00+05:30,214.7833818347257,217.5716448037769,213.33262226774454,215.506591796875,7612976,0.0,0.0
2012-06-29 00:00:00+05:30,217.31029886551278,219.48862984852713,215.75932295105383,218.6347198486328,9364968,0.0,0.0
2012-07-02 00:00:00+05:30,218.09446510085135,219.47117432887262,217.02272216442137,217.78077697753906,5175216,0.0,0.0
2012-07-03 00:00:00+05:30,219.2489630358622,219.2489630358622,215.79413940015812,217.0096435546875,6428808,0.0,0.0
2012-07-04 00:00:00+05:30,217.833069456504,218.2556741203539,215.13193939524336,216.03811645507812,6390816,0.0,0.0
2012-07-05 00:00:00+05:30,216.11216735839844,216.7874498085658,214.56555271446675,216.11216735839844,5780464,0.0,0.0
2012-07-06 00:00:00+05:30,215.7418893258417,216.52608843890008,212.60509287360813,213.01025390625,4887440,0.0,0.0
2012-07-09 00:00:00+05:30,210.95824017642465,215.12319093059355,209.2939872227112,212.42642211914062,7314680,0.0,0.0
2012-07-10 00:00:00+05:30,212.9535975453711,214.635273008035,212.72270301294662,214.29544067382812,7054720,0.0,0.0
2012-07-11 00:00:00+05:30,213.4764004023825,218.0421728651499,213.0407342791123,215.3061981201172,16945880,0.0,0.0
2012-07-12 00:00:00+05:30,196.04970325009796,198.6636992934326,193.34857400531882,197.30441284179688,54271864,0.0,0.0
2012-07-13 00:00:00+05:30,193.26149652353087,196.81653642197838,193.26149652353087,194.2896728515625,26756504,0.0,0.0
2012-07-16 00:00:00+05:30,194.30711472911275,195.30042510247947,188.49097127253506,189.19239807128906,18441096,0.0,0.0
2012-07-17 00:00:00+05:30,190.37730206265215,191.51875538318131,188.40810469360997,189.1879425048828,13503128,0.0,0.0
2012-07-18 00:00:00+05:30,189.18805345939293,190.72594668595016,188.46920420617934,189.8546142578125,7873264,0.0,0.0
2012-07-19 00:00:00+05:30,191.69309792733824,196.04975924386866,191.10494864960665,195.6315155029297,10912392,0.0,0.0
2012-07-20 00:00:00+05:30,195.60535315119046,195.60535315119046,192.15489047195373,193.3268280029297,5153832,0.0,0.0
2012-07-23 00:00:00+05:30,191.6930601209785,192.55567038242043,190.1769507909423,190.74331665039062,3890800,0.0,0.0
2012-07-24 00:00:00+05:30,190.86531032550022,192.73867447614995,188.6521351403474,188.96144104003906,7153512,0.0,0.0
2012-07-25 00:00:00+05:30,189.4276765008166,189.95047597597986,187.33647860016362,188.9528045654297,7036544,0.0,0.0
2012-07-26 00:00:00+05:30,188.81770963555363,188.81770963555363,183.08869975621,185.05355834960938,11975336,0.0,0.0
2012-07-27 00:00:00+05:30,188.38204819523526,188.55631465980068,183.7901311084884,187.21881103515625,9862488,0.0,0.0
2012-07-30 00:00:00+05:30,188.20779707634497,193.0001252426408,187.99432489439906,192.53831481933594,7166920,0.0,0.0
2012-07-31 00:00:00+05:30,193.00009824907661,194.8298960202868,190.386101433062,194.0413360595703,6914440,0.0,0.0
2012-08-01 00:00:00+05:30,193.00009052587373,194.34193366196104,191.75844208795334,193.30941772460938,3047984,0.0,0.0
2012-08-02 00:00:00+05:30,193.26147369623428,194.02825025399906,191.25740972192708,192.194091796875,2420032,0.0,0.0
2012-08-03 00:00:00+05:30,191.36633387836147,193.20485332421325,190.39480698724017,192.4337158203125,3095592,0.0,0.0
2012-08-06 00:00:00+05:30,193.6274475494818,194.73403524790936,192.33787157019768,193.1569366455078,3250784,0.0,0.0
2012-08-07 00:00:00+05:30,194.48132339969686,197.74009692247103,193.61871313565553,196.33726501464844,5465344,0.0,0.0
2012-08-08 00:00:00+05:30,197.09536128021367,199.97075779756426,196.92109482461666,198.97744750976562,8039104,0.0,0.0
2012-08-09 00:00:00+05:30,199.55686488629254,201.40844588349097,198.22808322947955,198.84237670898438,6931096,0.0,0.0
2012-08-10 00:00:00+05:30,198.48947913096686,202.23620766592364,197.26961402656232,201.5435028076172,5635688,0.0,0.0
2012-08-13 00:00:00+05:30,200.51974289658466,203.10759604335627,200.41518725613466,202.15785217285156,4013928,0.0,0.0
2012-08-14 00:00:00+05:30,201.56526803785528,203.45605452557578,199.47843181879324,202.96376037597656,4044816,0.0,0.0
2012-08-16 00:00:00+05:30,202.8591815458292,202.8591815458292,200.49788423475087,201.75259399414062,3729624,0.0,0.0
2012-08-17 00:00:00+05:30,202.49759545814646,205.1987251738102,201.82667394461382,204.85455322265625,8493280,0.0,0.0
2012-08-21 00:00:00+05:30,206.0700838968634,212.51794275875258,206.0700838968634,209.90394592285156,12206136,0.0,0.0
2012-08-22 00:00:00+05:30,209.37243236396796,212.60508374476552,208.61001659234228,212.0474395751953,5149168,0.0,0.0
2012-08-23 00:00:00+05:30,212.16947744917,216.35187371921523,211.2327949511911,215.84649658203125,14722856,0.0,0.0
2012-08-24 00:00:00+05:30,213.30210694114112,214.20394421120838,212.08224195046463,213.02328491210938,6724512,0.0,0.0
2012-08-27 00:00:00+05:30,211.7511431034375,213.17141881792466,209.60767869442915,210.15660095214844,7891360,0.0,0.0
2012-08-28 00:00:00+05:30,208.85831160513786,213.60271079943905,208.85831160513786,210.9625701904297,5666056,0.0,0.0
2012-08-29 00:00:00+05:30,211.03671254478797,211.03671254478797,207.5905885622639,208.10032653808594,5616416,0.0,0.0
2012-08-30 00:00:00+05:30,207.7125567815189,209.65561077301072,206.5101139649098,208.48367309570312,11175392,0.0,0.0
2012-08-31 00:00:00+05:30,207.89985479904618,207.89985479904618,205.1769417804082,205.7781524658203,5811064,0.0,0.0
2012-09-03 00:00:00+05:30,206.1571619853522,209.02383590622404,205.4600963488844,206.07875061035156,4321512,0.0,0.0
2012-09-04 00:00:00+05:30,205.66494163730826,206.68003532531108,204.24902655550542,205.7041473388672,2333328,0.0,0.0
2012-09-05 00:00:00+05:30,204.50168642087823,205.37301870217723,203.21211039000355,203.8438262939453,4013224,0.0,0.0
2012-09-06 00:00:00+05:30,204.80662659472614,211.55072908261582,204.80662659472614,211.03665161132812,7623384,0.0,0.0
2012-09-07 00:00:00+05:30,213.91209063931126,217.31028678388688,213.57227953395864,216.72213745117188,6075696,0.0,0.0
2012-09-10 00:00:00+05:30,217.48445190584872,220.1855809158973,215.98140431154746,218.90908813476562,7337320,0.0,0.0
2012-09-11 00:00:00+05:30,217.83304299307238,220.96547789676114,215.619867785366,220.40347290039062,5441904,0.0,0.0
2012-09-12 00:00:00+05:30,220.5342119757242,222.18538248092682,219.67594112447762,221.29226684570312,5083328,0.0,0.0
2012-09-13 00:00:00+05:30,221.21384577264715,223.6622767409342,219.40147035708333,222.6297607421875,5249704,0.0,0.0
2012-09-14 00:00:00+05:30,225.5007698206915,230.44121906259775,225.33522521439326,229.34335327148438,10627848,0.0,0.0
2012-09-17 00:00:00+05:30,230.8159445533745,230.8159445533745,221.92835438937138,223.45318603515625,9859272,0.0,0.0
2012-09-18 00:00:00+05:30,224.8036833148454,228.2018785277442,224.62941689367108,226.61605834960938,7184200,0.0,0.0
2012-09-20 00:00:00+05:30,222.76484355046836,230.4674132380527,222.76484355046836,228.04510498046875,11625136,0.0,0.0
2012-09-21 00:00:00+05:30,227.88384644274905,230.90300362252225,225.1173670597245,225.96255493164062,12293872,0.0,0.0
2012-09-24 00:00:00+05:30,226.54635625162084,227.40896656055295,224.38108737603608,226.55941772460938,8854032,0.0,0.0
2012-09-25 00:00:00+05:30,225.6750229617446,227.5048204452182,225.50511744997348,226.37644958496094,8849752,0.0,0.0
2012-09-26 00:00:00+05:30,224.62944976995078,226.54638068342592,223.68404578761033,225.6140594482422,8489904,0.0,0.0
2012-09-27 00:00:00+05:30,225.8929237150716,225.93649033488163,220.86097912701163,222.1331329345703,13822880,0.0,0.0
2012-09-28 00:00:00+05:30,223.14816620646616,224.79497547998787,220.1159260347006,220.8783416748047,9685224,0.0,0.0
2012-10-01 00:00:00+05:30,222.3029962297611,228.30646678901144,222.10258556218722,227.38720703125,8826288,0.0,0.0
2012-10-03 00:00:00+05:30,227.0038268548793,228.21497013285276,223.1046151662675,224.65122985839844,7823624,0.0,0.0
2012-10-04 00:00:00+05:30,224.37674585054864,226.10196645393458,222.80398709752606,224.42465209960938,7164280,0.0,0.0
2012-10-05 00:00:00+05:30,225.23942738090844,225.23942738090844,179.54240351557053,220.17263793945312,11632000,0.0,0.0
2012-10-08 00:00:00+05:30,219.9939704035637,221.57106901003493,214.34773317750668,216.8048858642578,8077440,0.0,0.0
2012-10-09 00:00:00+05:30,218.2687400189922,222.18973534867467,216.43894219847368,220.9916534423828,9084320,0.0,0.0
2012-10-10 00:00:00+05:30,218.45167057313887,220.28580755216151,216.9268394590546,218.19461059570312,5932104,0.0,0.0
2012-10-11 00:00:00+05:30,217.48449414980954,224.80804477186547,216.19491837545968,220.72584533691406,14966400,0.0,0.0
2012-10-12 00:00:00+05:30,204.76305404687264,213.28904759362945,201.36485868183942,208.7145538330078,56701776,0.0,0.0
2012-10-15 00:00:00+05:30,207.87375601984456,210.16536437181782,205.0070810762826,206.1223907470703,14790120,0.0,0.0
2012-10-16 00:00:00+05:30,207.36832407941696,208.16124482288066,204.50164989506106,205.25970458984375,7282048,0.0,0.0
2012-10-17 00:00:00+05:30,207.03289760460248,207.2899363564615,205.39478876682173,206.518798828125,5707320,0.0,0.0
2012-10-18 00:00:00+05:30,207.29481342383184,210.1885227482762,205.63751573767433,208.4873809814453,10192576,1.875,0.0
2012-10-19 00:00:00+05:30,207.47020935952767,210.18854261825354,207.47020935952767,208.99160766601562,10937200,0.0,0.0
2012-10-22 00:00:00+05:30,207.66751486771653,210.2762380039203,207.66751486771653,209.1845245361328,4566864,0.0,0.0
2012-10-23 00:00:00+05:30,207.1194664763426,209.04860629957696,206.06720839094203,206.33905029296875,4743144,0.0,0.0
2012-10-25 00:00:00+05:30,205.45335724465895,206.6897688541144,204.32655583433106,205.6068115234375,11256776,0.0,0.0
2012-10-29 00:00:00+05:30,203.52426723054737,205.10265448179678,202.3229434376348,204.79574584960938,4736664,0.0,0.0
2012-10-30 00:00:00+05:30,203.9626569467987,207.38249513292303,203.9626569467987,206.79937744140625,5728256,0.0,0.0
2012-10-31 00:00:00+05:30,206.06722224328763,208.21558264539848,205.67701412536994,207.20716857910156,6517320,0.0,0.0
2012-11-01 00:00:00+05:30,207.1194568130275,207.82096217056528,205.2867826297579,207.35182189941406,7010976,0.0,0.0
2012-11-02 00:00:00+05:30,207.9086505644033,210.85498163253618,207.74205160510627,209.4081268310547,7049216,0.0,0.0
2012-11-05 00:00:00+05:30,208.96972886050662,209.6273902688525,207.60178456784763,208.5619659423828,4959200,0.0,0.0
2012-11-06 00:00:00+05:30,209.04860506734946,211.02158896584584,207.93058085820152,208.842529296875,6815768,0.0,0.0
2012-11-07 00:00:00+05:30,208.87322636560455,211.67924787849262,208.26379784992324,210.83743286132812,4695264,0.0,0.0
2012-11-08 00:00:00+05:30,207.99637604891407,209.0968670588158,207.38255875028742,208.28575134277344,5229160,0.0,0.0
2012-11-09 00:00:00+05:30,207.3825227514286,207.3825227514286,205.6287593454969,205.9532012939453,5938920,0.0,0.0
2012-11-12 00:00:00+05:30,206.50565624715713,207.7332907216625,204.6247491375106,206.85202026367188,3696192,0.0,0.0
2012-11-15 00:00:00+05:30,204.76497873090332,204.9272103747271,199.82376423112518,201.35830688476562,9133048,0.0,0.0
2012-11-16 00:00:00+05:30,200.89360074536677,209.3116652026148,200.89360074536677,205.4840850830078,13693104,0.0,0.0
2012-11-19 00:00:00+05:30,205.54105797132505,208.80305341515987,204.89654139775072,206.81692504882812,4036128,0.0,0.0
2012-11-20 00:00:00+05:30,208.4479090601273,208.4479090601273,202.80518859036124,203.85305786132812,5440304,0.0,0.0
2012-11-21 00:00:00+05:30,204.28711723078774,207.2860482436942,203.55930116712705,206.05404663085938,6989808,0.0,0.0
2012-11-22 00:00:00+05:30,205.8918681532063,209.75014847634986,204.7519216940957,208.92588806152344,5827312,0.0,0.0
2012-11-23 00:00:00+05:30,208.87320976295496,210.36390857318597,206.6853943201764,208.48300170898438,3477736,0.0,0.0
2012-11-26 00:00:00+05:30,209.64049007484346,212.29305718757544,209.64049007484346,211.9773712158203,3788056,0.0,0.0
2012-11-27 00:00:00+05:30,212.3807532736377,217.46666726615257,212.36760861109306,216.6467742919922,5717304,0.0,0.0
2012-11-29 00:00:00+05:30,214.8359828535953,215.64709829906295,212.77531118132612,214.41946411132812,10365096,0.0,0.0
2012-11-30 00:00:00+05:30,214.09948703001413,217.15540751753736,212.6482432461428,213.68296813964844,7050712,0.0,0.0
2012-12-03 00:00:00+05:30,213.69603103438197,215.0990414966512,212.58678445094665,213.88455200195312,5202984,0.0,0.0
2012-12-04 00:00:00+05:30,212.99463470554034,214.57302228260897,211.76699992337583,213.735595703125,4510288,0.0,0.0
2012-12-05 00:00:00+05:30,212.9945528973062,213.08224106235244,208.47861239742505,208.91705322265625,13995024,0.0,0.0
2012-12-06 00:00:00+05:30,209.92551797789798,209.92551797789798,202.90607438374587,205.04129028320312,11011928,0.0,0.0
2012-12-07 00:00:00+05:30,203.52426988681484,205.9356948854738,202.65616545059663,203.53741455078125,9485912,0.0,0.0
2012-12-10 00:00:00+05:30,203.51990150259277,205.5411185756974,201.5951500023585,202.8710174560547,6829920,0.0,0.0
2012-12-11 00:00:00+05:30,203.0857922195762,204.84394422747818,200.1789380833577,201.16104125976562,11384424,0.0,0.0
2012-12-12 00:00:00+05:30,202.5596748264331,203.76977586678544,200.47708076707042,201.48988342285156,15359688,0.0,0.0
2012-12-13 00:00:00+05:30,202.11682881042273,202.8797115536124,199.2625747979136,200.2403106689453,9967112,0.0,0.0
2012-12-14 00:00:00+05:30,199.31522631325487,201.248754897679,198.70140907427873,199.82382202148438,8507992,0.0,0.0
2012-12-17 00:00:00+05:30,198.78907850447504,200.96813806064273,197.90780812711822,198.7233123779297,10961640,0.0,0.0
2012-12-18 00:00:00+05:30,198.1752465003285,199.42041412146963,196.8599240678042,199.1398162841797,8292000,0.0,0.0
2012-12-19 00:00:00+05:30,199.40289991100508,201.6740149658668,199.05653591884203,201.34518432617188,9991896,0.0,0.0
2012-12-20 00:00:00+05:30,202.2177087326446,202.55968405151117,199.7536624542608,201.64773559570312,8441728,0.0,0.0
2012-12-21 00:00:00+05:30,201.59515251839463,203.55060347301557,200.52536086236546,201.40663146972656,6924016,0.0,0.0
2012-12-24 00:00:00+05:30,203.53305360673377,204.17316022698677,202.8227707489828,203.63827514648438,4323992,0.0,0.0
2012-12-26 00:00:00+05:30,203.6996640344506,204.39239216760893,202.06428786497267,203.02008056640625,3263560,0.0,0.0
2012-12-27 00:00:00+05:30,204.1205586225345,204.22578016149194,199.6352951742107,200.608642578125,8110232,0.0,0.0
2012-12-28 00:00:00+05:30,201.8669554455819,203.91885016930215,200.66999901654026,203.7171630859375,7064256,0.0,0.0
2012-12-31 00:00:00+05:30,202.99809836012926,203.79606921071684,202.0072178316256,203.32254028320312,3451824,0.0,0.0
2013-01-01 00:00:00+05:30,204.10301567439583,204.3046813611491,202.16948702996945,202.4588623046875,2959992,0.0,0.0
2013-01-02 00:00:00+05:30,203.10338031501325,204.1381052331542,201.98974458959222,202.48956298828125,4349944,0.0,0.0
2013-01-03 00:00:00+05:30,202.99811401646483,205.96636714108337,202.64736133565884,205.00616455078125,10599288,0.0,0.0
2013-01-04 00:00:00+05:30,205.92688623984415,206.50124802488278,204.48880884045596,206.02774047851562,8454008,0.0,0.0
2013-01-07 00:00:00+05:30,206.1636466448235,208.6890485887699,204.80009144140737,208.24185180664062,8761624,0.0,0.0
2013-01-08 00:00:00+05:30,207.3825128900313,207.6411886984568,203.7434539957665,205.5410614013672,12867424,0.0,0.0
2013-01-09 00:00:00+05:30,205.2078499243987,207.1019229483625,203.72592842356426,204.401123046875,6149968,0.0,0.0
2013-01-10 00:00:00+05:30,204.40115806998656,205.42271685611473,202.48955136623238,203.63827514648438,10901016,0.0,0.0
2013-01-11 00:00:00+05:30,221.06183158055777,238.68715016353758,221.06183158055777,237.8190460205078,92852568,0.0,0.0
2013-01-14 00:00:00+05:30,242.00184431273482,248.76697886067527,241.3397942697133,246.0968780517578,50924760,0.0,0.0
2013-01-15 00:00:00+05:30,246.05301350142616,246.35553341670507,243.29083605121414,244.39132690429688,20377880,0.0,0.0
2013-01-16 00:00:00+05:30,243.8608016701991,244.54477368037288,241.62475332694484,242.67262268066406,11660824,0.0,0.0
2013-01-17 00:00:00+05:30,244.8253513859853,246.10997441215972,243.70293861660727,245.3470916748047,11767072,0.0,0.0
2013-01-18 00:00:00+05:30,245.96537549563902,246.40381645017672,243.54956155448647,244.47906494140625,7290592,0.0,0.0
2013-01-21 00:00:00+05:30,242.286791573489,246.45636815231913,242.286791573489,245.20242309570312,5899560,0.0,0.0
2013-01-22 00:00:00+05:30,244.96565138974802,245.40845946943784,243.51001937609354,244.08438110351562,5110280,0.0,0.0
2013-01-23 00:00:00+05:30,243.86081758072365,245.3515165734861,243.86081758072365,244.6149444580078,7458712,0.0,0.0
2013-01-24 00:00:00+05:30,246.4036972119615,247.98208388449362,244.71570035383684,245.3689727783203,11211296,0.0,0.0
2013-01-25 00:00:00+05:30,246.40378197013635,247.98216918560342,244.7508512395291,246.8115234375,8442536,0.0,0.0
2013-01-28 00:00:00+05:30,246.57908092667208,247.94702464731378,245.61451126444115,246.460693359375,6723008,0.0,0.0
2013-01-29 00:00:00+05:30,246.05301093033015,247.7190862003502,244.5228566087239,245.43919372558594,6197184,0.0,0.0
2013-01-30 00:00:00+05:30,245.94338191030454,246.04860342713783,243.8213325892331,244.70697021484375,6805528,0.0,0.0
2013-01-31 00:00:00+05:30,244.82537582515067,246.1494757834916,242.89623604429346,244.6061553955078,17480440,0.0,0.0
2013-02-01 00:00:00+05:30,244.74645211971452,245.6934671992063,241.31783621771322,242.97952270507812,7899648,0.0,0.0
2013-02-04 00:00:00+05:30,243.8607732802933,244.64996672132983,240.7039995161471,242.68576049804688,7500016,0.0,0.0
2013-02-05 00:00:00+05:30,242.30436777218725,243.97922060381114,240.75229123973463,241.65985107421875,6166112,0.0,0.0
2013-02-06 00:00:00+05:30,243.356627662175,244.47904067603812,241.65548549071278,243.42239379882812,9097344,0.0,0.0
2013-02-07 00:00:00+05:30,244.2992467940078,245.4391930281507,243.7775064531068,244.6061553955078,10704472,0.0,0.0
2013-02-08 00:00:00+05:30,244.04933633742755,246.99127889815594,243.09354379068228,244.60177612304688,5482696,0.0,0.0
2013-02-11 00:00:00+05:30,245.6365917308508,246.83791589425587,244.20288097217244,244.82986450195312,7394792,0.0,0.0
2013-02-12 00:00:00+05:30,242.89618345800065,243.2557134480758,240.41899313934053,241.602783203125,4442392,0.0,0.0
2013-02-13 00:00:00+05:30,241.75628050226163,245.2769519034782,240.704022480489,244.61053466796875,6322888,0.0,0.0
2013-02-14 00:00:00+05:30,245.035810995797,247.98214203876321,245.03144371394063,246.6448974609375,6894000,0.0,0.0
2013-02-15 00:00:00+05:30,244.65003761127764,246.27226904346713,243.4487137512519,244.52728271484375,5194256,0.0,0.0
2013-02-18 00:00:00+05:30,244.03619327447532,244.36063524331678,242.2824297583095,243.7819061279297,2754784,0.0,0.0
2013-02-19 00:00:00+05:30,243.78186392301234,247.7190537718773,242.63752914517875,247.320068359375,4643344,0.0,0.0
2013-02-20 00:00:00+05:30,247.7410022838421,248.3635968541182,246.27222543639343,247.23240661621094,5545224,0.0,0.0
2013-02-21 00:00:00+05:30,245.66719880456,247.27187527498475,244.92621660174314,246.2108612060547,5558744,0.0,0.0
2013-02-22 00:00:00+05:30,245.4128980689568,250.34974674348103,245.27260982991533,249.08265686035156,8703536,0.0,0.0
2013-02-25 00:00:00+05:30,251.66509825409082,256.22488400642976,251.45465516728245,255.85659790039062,10457648,0.0,0.0
2013-02-26 00:00:00+05:30,255.69868289607624,260.38122222943565,255.69868289607624,259.5394287109375,12173544,0.0,0.0
2013-02-27 00:00:00+05:30,258.50471219792155,258.50471219792155,254.47983396003693,255.22079467773438,7029760,0.0,0.0
2013-02-28 00:00:00+05:30,255.63731618597336,257.43931228995046,253.01542716158096,254.9095001220703,11808104,0.0,0.0
2013-03-01 00:00:00+05:30,255.5233011728184,259.67971144122754,253.59416163067635,255.50576782226562,8414632,0.0,0.0
2013-03-04 00:00:00+05:30,256.57562415645583,258.0224791798945,251.85360692575233,254.59825134277344,10108320,0.0,0.0
2013-03-05 00:00:00+05:30,256.4484386974284,257.7505951609478,255.45755810698046,256.1634521484375,7171944,0.0,0.0
2013-03-06 00:00:00+05:30,258.41708234248733,261.0214171669021,256.5975524956578,260.44268798828125,12205480,0.0,0.0
2013-03-07 00:00:00+05:30,261.4203784289269,263.9238801710863,261.3107682073634,263.44598388671875,13715360,0.0,0.0
2013-03-08 00:00:00+05:30,262.01227570543307,262.09996388338,259.3158642335649,260.455810546875,6162896,0.0,0.0
2013-03-11 00:00:00+05:30,261.4686587636766,262.1876976662618,256.92640607429666,258.3074951171875,4866160,0.0,0.0
2013-03-12 00:00:00+05:30,257.8032513889519,258.21538155680173,255.3479823281047,255.8828887939453,5714056,0.0,0.0
2013-03-13 00:00:00+05:30,253.4188851509516,253.4188851509516,249.92013471164887,251.09075927734375,10730136,0.0,0.0
2013-03-14 00:00:00+05:30,251.31428394196757,253.32233438155603,249.2886787425712,252.02456665039062,8332320,0.0,0.0
2013-03-15 00:00:00+05:30,252.22188980093966,255.31726524050808,251.49407366945567,252.38848876953125,7260792,0.0,0.0
2013-03-18 00:00:00+05:30,251.3361513857386,253.41874487737795,249.9989071437386,250.85386657714844,6446824,0.0,0.0
2013-03-19 00:00:00+05:30,252.1035297244203,253.08563310639278,249.13090884157768,250.4374542236328,11976144,0.0,0.0
2013-03-20 00:00:00+05:30,251.20909300702326,252.07719739345288,247.94270842345017,251.2836151123047,8994640,0.0,0.0
2013-03-21 00:00:00+05:30,252.80505981606677,253.81347403316175,250.9636077674586,251.91064453125,9940080,0.0,0.0
2013-03-22 00:00:00+05:30,249.9069790169034,252.1474167880108,248.15760372459414,251.06884765625,7370288,0.0,0.0
2013-03-25 00:00:00+05:30,249.49047662595768,251.2267073668979,248.3899853713735,250.15252685546875,5036856,0.0,0.0
2013-03-26 00:00:00+05:30,249.47287631956144,251.6343814298221,248.50830632324679,250.310302734375,3415584,0.0,0.0
2013-03-28 00:00:00+05:30,251.22666147603275,254.0282948328329,250.0165601862261,253.36187744140625,12348048,0.0,0.0
2013-04-01 00:00:00+05:30,255.2384040923366,258.99146298023993,255.2384040923366,258.17156982421875,7422040,0.0,0.0
2013-04-02 00:00:00+05:30,256.9263583474992,262.1613382274014,255.59789103060507,260.3505859375,9720888,0.0,0.0
2013-04-03 00:00:00+05:30,258.5836957487972,263.02511543135,258.50478494084643,260.2980041503906,8355472,0.0,0.0
2013-04-04 00:00:00+05:30,258.24177743048153,258.6056749372431,251.84492681788666,252.5464324951172,7499960,0.0,0.0
2013-04-05 00:00:00+05:30,252.454284305341,254.20804800318984,249.91132694346018,251.3011932373047,4372960,0.0,0.0
2013-04-08 00:00:00+05:30,249.91127632686758,251.98509291624734,247.91637052460925,248.32411193847656,3716360,0.0,0.0
2013-04-09 00:00:00+05:30,248.46884373614887,248.94235133916246,241.69054322191747,242.57620239257812,10840656,0.0,0.0
2013-04-10 00:00:00+05:30,245.78996878344236,247.96463993124567,243.4443099661191,246.8992156982422,6551616,0.0,0.0
2013-04-11 00:00:00+05:30,251.35811413051258,257.4173746339521,248.58715967273653,255.7600555419922,17018672,0.0,0.0
2013-04-12 00:00:00+05:30,230.18586497512143,230.18586497512143,198.93817295508117,201.38905334472656,98027744,0.0,0.0
2013-04-15 00:00:00+05:30,200.8058861055644,206.6809928169499,193.26470435662182,205.10699462890625,66559976,0.0,0.0
2013-04-16 00:00:00+05:30,203.34886397526324,203.96268115845723,200.54284256637646,201.3539581298828,14301736,0.0,0.0
2013-04-17 00:00:00+05:30,201.6828181706424,202.73068766166213,197.29840907997627,200.26666259765625,15149144,0.0,0.0
2013-04-18 00:00:00+05:30,200.49020564811866,203.69960095045434,200.04300886549336,201.3057098388672,13224368,0.0,0.0
2013-04-22 00:00:00+05:30,200.9462284816182,201.06898336215204,194.9790439479872,196.82049560546875,15401288,0.0,0.0
2013-04-23 00:00:00+05:30,197.2984088851755,199.10479399204544,196.80734650420675,198.37258911132812,7869960,0.0,0.0
2013-04-25 00:00:00+05:30,197.123015501182,197.29839184949267,194.9439558101238,195.3429412841797,13762344,0.0,0.0
2013-04-26 00:00:00+05:30,194.67653035571894,196.2286068072465,193.13320987694516,193.96624755859375,11129584,0.0,0.0
2013-04-29 00:00:00+05:30,193.440137361816,197.19319598575294,191.6863736504668,195.4832763671875,8965680,0.0,0.0
2013-04-30 00:00:00+05:30,195.8953936523982,196.62759851694926,194.86066884921868,196.0225372314453,8840720,0.0,0.0
2013-05-02 00:00:00+05:30,196.0707395260659,200.93304405779836,196.0707395260659,200.5165252685547,9376184,0.0,0.0
2013-05-03 00:00:00+05:30,201.39781008025926,203.78731277958966,199.7711901996165,202.37991333007812,9117192,0.0,0.0
2013-05-06 00:00:00+05:30,202.99811907780943,205.6287642494441,202.99811907780943,205.2867889404297,6000104,0.0,0.0
2013-05-07 00:00:00+05:30,206.0671660853671,206.50560686427212,203.85304015189666,205.96194458007812,6983104,0.0,0.0
2013-05-08 00:00:00+05:30,207.38254045745742,208.69786312420663,205.01934834784734,206.12420654296875,7278352,0.0,0.0
2013-05-09 00:00:00+05:30,206.23384148367472,207.72454068466055,206.06724248921714,207.06687927246094,4561424,0.0,0.0
2013-05-10 00:00:00+05:30,207.1282297579112,209.13628023756547,206.68978891883876,207.95687866210938,4534040,0.0,0.0
2013-05-13 00:00:00+05:30,206.50566283926477,207.1326247597455,204.3397690860395,205.1552734375,5014960,0.0,0.0
2013-05-14 00:00:00+05:30,204.95355486196385,207.8911084256658,204.95355486196385,206.0715789794922,4484448,0.0,0.0
2013-05-15 00:00:00+05:30,206.33026318436458,208.0577158448032,205.83920087103172,206.98353576660156,8893176,0.0,0.0
2013-05-16 00:00:00+05:30,206.3741171411287,206.92655691799305,202.8446681439201,204.54144287109375,6991752,0.0,0.0
2013-05-17 00:00:00+05:30,204.91847943841137,207.73327830718023,204.75188047584038,206.2206573486328,6431752,0.0,0.0
2013-05-20 00:00:00+05:30,205.7165116272607,208.9609749393701,205.54113523201153,208.00079345703125,8758288,0.0,0.0
2013-05-21 00:00:00+05:30,207.83852662465222,211.94672655279828,207.55354003050596,210.24119567871094,5660128,0.0,0.0
2013-05-22 00:00:00+05:30,210.4516248355073,213.3453346769955,208.5444069854355,209.16261291503906,6245672,0.0,0.0
2013-05-23 00:00:00+05:30,208.3471402074872,212.13965443895768,206.6065210662755,206.9309844970703,5100584,0.0,0.0
2013-05-24 00:00:00+05:30,207.08441710742048,209.13631198243982,204.66421474507948,205.88307189941406,3688648,0.0,0.0
2013-05-27 00:00:00+05:30,205.2955766592471,209.2240116713565,204.33978399571592,208.05775451660156,3325168,0.0,0.0
2013-05-28 00:00:00+05:30,207.82095124255116,208.69783289336362,206.38724118017544,207.48773193359375,4234952,0.0,0.0
2013-05-29 00:00:00+05:30,207.82095395586913,209.66240544661733,204.57649180550325,206.2776336669922,5166528,0.0,0.0
2013-05-30 00:00:00+05:30,206.99626590584364,208.34015843380354,205.48825796909654,207.70147705078125,6338632,3.375,0.0
2013-05-31 00:00:00+05:30,207.75023259261718,215.99104229361868,207.75023259261718,213.9330596923828,18498304,0.0,0.0
2013-06-03 00:00:00+05:30,223.98343063448593,232.8540615507032,219.56141246002613,223.01654052734375,33215248,0.0,0.0
2013-06-04 00:00:00+05:30,220.87872575149126,223.4911224134541,218.53688768335823,221.40208435058594,11714560,0.0,0.0
2013-06-05 00:00:00+05:30,219.99162755126335,220.89642749450698,217.7739700154643,218.32838439941406,5078784,0.0,0.0
2013-06-06 00:00:00+05:30,217.33048132477128,217.74295704496737,214.30558718727966,215.52529907226562,7509232,0.0,0.0
2013-06-07 00:00:00+05:30,215.11288921884878,219.36191453285488,214.66935748850065,217.04669189453125,6618168,0.0,0.0
2013-06-10 00:00:00+05:30,218.2175146194754,221.588354276199,217.9691326291963,220.5904083251953,4289040,0.0,0.0
2013-06-11 00:00:00+05:30,220.87877113682842,223.05207631468073,218.73652183853045,219.592529296875,5957704,0.0,0.0
2013-06-12 00:00:00+05:30,218.41714242502155,222.3335178979693,214.0350587592699,214.7890625,5927288,0.0,0.0
2013-06-13 00:00:00+05:30,215.02409374368463,215.11280005298482,210.67748458797485,211.1121368408203,4154328,0.0,0.0
2013-06-14 00:00:00+05:30,212.15892427729105,213.6935481114895,210.86824284961256,212.4472198486328,5584064,0.0,0.0
2013-06-17 00:00:00+05:30,213.91084442976884,215.20152567729218,212.4383325573113,214.89993286132812,2720504,0.0,0.0
2013-06-18 00:00:00+05:30,215.5563658552795,218.21755555719653,215.0862180099107,217.0244598388672,4284904,0.0,0.0
2013-06-19 00:00:00+05:30,216.97566807880105,217.21517082176823,213.54273767809192,216.2970733642578,5836832,0.0,0.0
2013-06-20 00:00:00+05:30,215.37893769617247,217.15306403633863,207.8167241712142,210.15414428710938,6802928,0.0,0.0
2013-06-21 00:00:00+05:30,210.28715019615427,215.7337080103359,210.28715019615427,214.558349609375,6161368,0.0,0.0
2013-06-24 00:00:00+05:30,213.11691227736938,213.18344201065057,208.6283642759403,211.156494140625,7336552,0.0,0.0
2013-06-25 00:00:00+05:30,211.12107335079347,211.72872039690492,208.01635168387003,210.5799560546875,5790640,0.0,0.0
2013-06-26 00:00:00+05:30,212.15004223791448,214.19028758505837,210.38033383961275,212.84193420410156,5567232,0.0,0.0
2013-06-27 00:00:00+05:30,214.75798159166152,221.7613406005141,214.01285723275578,220.2400360107422,10670944,0.0,0.0
2013-06-28 00:00:00+05:30,219.21107537424305,222.4532960228777,215.02414098672338,221.663818359375,11707392,0.0,0.0
2013-07-01 00:00:00+05:30,219.01585709421258,219.41503544857628,216.54095995988237,217.4191436767578,4209080,0.0,0.0
2013-07-02 00:00:00+05:30,217.16192574771011,218.53243390315873,212.89514358235485,213.2455291748047,5110832,0.0,0.0
2013-07-03 00:00:00+05:30,212.98388516399712,217.4990284191574,212.23876070078592,213.2943572998047,5349856,0.0,0.0
2013-07-04 00:00:00+05:30,215.82247908111523,219.5614418500651,214.66929690764442,218.9272003173828,5210784,0.0,0.0
2013-07-05 00:00:00+05:30,218.83844927288098,220.3065429173631,216.3280565692354,217.8804168701172,4337360,0.0,0.0
2013-07-08 00:00:00+05:30,220.4351701219501,221.2335268749069,218.26186562779006,218.94046020507812,5415168,0.0,0.0
2013-07-09 00:00:00+05:30,220.08038050126325,223.0076890689947,220.08038050126325,221.6061248779297,8611368,0.0,0.0
2013-07-10 00:00:00+05:30,222.20932583743217,223.53992060292578,221.1448500250373,221.8677978515625,6865416,0.0,0.0
2013-07-11 00:00:00+05:30,224.8705433305537,227.3942340515585,222.63070853012113,224.28065490722656,15704960,0.0,0.0
2013-07-12 00:00:00+05:30,246.70558951566005,257.74510909496627,243.94239612770428,248.75027465820312,52873040,0.0,0.0
2013-07-15 00:00:00+05:30,247.05152081479432,247.49061273182656,242.01743756299103,243.2947998046875,12874240,0.0,0.0
2013-07-16 00:00:00+05:30,239.68887393738513,245.76969543034454,237.82604154652395,242.061767578125,6301536,0.0,0.0
2013-07-17 00:00:00+05:30,242.31461305965553,244.68308915544458,242.31461305965553,244.01779174804688,6575048,0.0,0.0
2013-07-18 00:00:00+05:30,244.297163597188,249.93001395609193,242.95327174121394,248.44418334960938,13078696,0.0,0.0
2013-07-19 00:00:00+05:30,248.64380062684583,254.1435921498085,248.64380062684583,252.5867919921875,16402840,0.0,0.0
2013-07-22 00:00:00+05:30,250.3470537125756,256.7960009508355,250.32931677414766,255.1859893798828,6751136,0.0,0.0
2013-07-23 00:00:00+05:30,256.3612589973724,258.7696268681334,256.3612589973724,257.4212951660156,6168480,0.0,0.0
2013-07-24 00:00:00+05:30,255.47425108023367,259.6434489277236,255.47425108023367,258.0112609863281,4875280,0.0,0.0
2013-07-25 00:00:00+05:30,258.04664520613693,261.2711281051093,257.33699475524344,258.6054992675781,7177688,0.0,0.0
2013-07-26 00:00:00+05:30,259.90946095815787,261.94970587352907,257.47891698257075,258.4280700683594,6899640,0.0,0.0
2013-07-29 00:00:00+05:30,258.13536936382775,261.15138398869726,258.13536936382775,259.1288757324219,4362952,0.0,0.0
2013-07-30 00:00:00+05:30,259.99822821073593,263.72389371222033,259.99822821073593,262.18927001953125,6336208,0.0,0.0
2013-07-31 00:00:00+05:30,263.369015825055,265.3737869524638,259.749794300812,263.4266662597656,11807328,0.0,0.0
2013-08-01 00:00:00+05:30,265.0544772617182,265.68871877048497,262.2824048338639,263.8702392578125,8690632,0.0,0.0
2013-08-02 00:00:00+05:30,264.78832173202875,267.89304242235403,264.4423758035462,266.8995361328125,11962296,0.0,0.0
2013-08-05 00:00:00+05:30,266.0125131619426,268.33661438325413,265.8084842973293,266.9217529296875,8502784,0.0,0.0
2013-08-06 00:00:00+05:30,266.82863369353817,267.18345900430086,261.77681266291813,264.9968566894531,10031832,0.0,0.0
2013-08-07 00:00:00+05:30,263.90130939854254,266.3673494950419,261.79453423947854,262.8678894042969,6503608,0.0,0.0
2013-08-08 00:00:00+05:30,260.79655988649074,264.16739977618005,260.79655988649074,262.97430419921875,5765368,0.0,0.0
2013-08-12 00:00:00+05:30,263.9899438819352,267.89302100922185,263.54641239019804,266.597900390625,7594376,0.0,0.0
2013-08-13 00:00:00+05:30,266.8374337691701,274.45729639285327,266.8285544763098,273.5347595214844,10334312,0.0,0.0
2013-08-14 00:00:00+05:30,272.32835811577024,274.5371364618668,269.8933743590944,272.29730224609375,9211208,0.0,0.0
2013-08-16 00:00:00+05:30,267.8931960143369,269.6628834910798,263.249409599504,264.2030029296875,12087616,0.0,0.0
2013-08-19 00:00:00+05:30,265.2407844530763,268.5095994539943,261.7679189215484,266.5625,5259328,0.0,0.0
2013-08-20 00:00:00+05:30,267.8931004013077,267.98180672594395,264.56661322745043,266.7088623046875,10362056,0.0,0.0
2013-08-21 00:00:00+05:30,265.65767532262964,265.65767532262964,259.20873058191273,262.4598083496094,7526584,0.0,0.0
2013-08-22 00:00:00+05:30,265.14319473961905,269.3523053598766,262.9255367039916,267.91082763671875,10965816,0.0,0.0
2013-08-23 00:00:00+05:30,266.56250231370984,267.88865751964755,264.5488731001411,266.1810607910156,5498864,0.0,0.0
2013-08-26 00:00:00+05:30,267.88866164565775,270.54099375520155,266.8729785565551,268.8422546386719,5571544,0.0,0.0
2013-08-27 00:00:00+05:30,268.9574905886369,273.2153928143145,268.9486112962758,271.09088134765625,8525552,0.0,0.0
2013-08-28 00:00:00+05:30,270.73167991469865,277.650772651706,270.73167991469865,276.4310607910156,14329696,0.0,0.0
2013-08-29 00:00:00+05:30,272.3283967716756,277.3802172599042,271.5300399081756,275.39764404296875,20086288,0.0,0.0
2013-08-30 00:00:00+05:30,274.2799232908663,277.0209397347664,269.44542917076535,275.5085144042969,12678560,0.0,0.0
2013-09-02 00:00:00+05:30,272.9581713966695,277.43783966161516,271.84934261821763,273.73876953125,5125040,0.0,0.0
2013-09-03 00:00:00+05:30,272.50579352142495,274.5016855638182,267.60920937544984,269.10833740234375,6267312,0.0,0.0
2013-09-04 00:00:00+05:30,271.4146850811209,278.52892662055643,271.0510022139836,276.1161193847656,8979400,0.0,0.0
2013-09-05 00:00:00+05:30,274.6968718795184,274.6968718795184,265.6843222672779,266.5447692871094,9457072,0.0,0.0
2013-09-06 00:00:00+05:30,266.64229767566127,272.49691433567443,266.64229767566127,268.69586181640625,13465928,0.0,0.0
2013-09-10 00:00:00+05:30,268.9575919165639,282.79577936345834,268.9575919165639,280.21441650390625,21879136,0.0,0.0
2013-09-11 00:00:00+05:30,278.98144555572657,281.4607834829576,275.6771343166325,276.6839599609375,9145680,0.0,0.0
2013-09-12 00:00:00+05:30,275.43317151789154,276.6839395102178,270.37691039823943,271.9603271484375,6957440,0.0,0.0
2013-09-13 00:00:00+05:30,271.4635477610949,271.9603118743452,267.2987898778085,268.6072082519531,9255384,0.0,0.0
2013-09-16 00:00:00+05:30,268.33660603291776,271.2594748152025,264.35370110527106,265.5334777832031,6332184,0.0,0.0
2013-09-17 00:00:00+05:30,267.6269542315095,268.7756966874511,265.3205900253381,268.12371826171875,8027280,0.0,0.0
2013-09-18 00:00:00+05:30,268.3366120483441,268.71361389998225,266.5624856876939,267.6402587890625,7439816,0.0,0.0
2013-09-19 00:00:00+05:30,266.0302862247595,269.2237141354268,265.43595813941573,267.8044128417969,15327808,0.0,0.0
2013-09-20 00:00:00+05:30,266.1189550097839,268.95755719655494,264.65530075723007,265.688720703125,7991712,0.0,0.0
2013-09-23 00:00:00+05:30,266.5624510813132,270.0175573887583,266.21206550193665,267.8398132324219,8886376,0.0,0.0
2013-09-24 00:00:00+05:30,268.7801199002417,268.8688262104398,265.843932369959,267.4584045410156,11752256,0.0,0.0
2013-09-25 00:00:00+05:30,268.9398336288234,269.2236895302431,265.46696809927715,266.9749755859375,8080776,0.0,0.0
2013-09-26 00:00:00+05:30,269.13503678075756,269.3878585136328,266.2077275474797,267.2101135253906,10682440,0.0,0.0
2013-09-27 00:00:00+05:30,268.2478572125745,270.6429273662582,265.3205492469611,266.7043762207031,5701568,0.0,0.0
2013-09-30 00:00:00+05:30,267.91086755736234,270.99785233430197,265.9016777404268,267.2721862792969,8679184,0.0,0.0
2013-10-01 00:00:00+05:30,268.7801185721782,269.51638527454725,266.3850482086637,267.44952392578125,5310216,0.0,0.0
2013-10-03 00:00:00+05:30,269.22359677515556,270.2880722813506,267.8930023924118,269.414306640625,14686712,0.0,0.0
2013-10-04 00:00:00+05:30,268.44752698596153,269.5785326758652,266.5625175027887,267.5737609863281,7352816,0.0,0.0
2013-10-07 00:00:00+05:30,267.4494821166604,269.64496294000617,266.6865993092585,268.05712890625,9795344,0.0,0.0
2013-10-08 00:00:00+05:30,269.69381122060025,270.7316707647114,268.0970975660246,269.14825439453125,17982912,0.0,0.0
2013-10-09 00:00:00+05:30,268.51401542682,277.7749460473975,267.0060080722591,275.86334228515625,17371792,0.0,0.0
2013-10-10 00:00:00+05:30,277.21616142039403,280.3962703668365,274.16909031255244,277.43792724609375,17434688,0.0,0.0
2013-10-11 00:00:00+05:30,295.8355427705744,296.1016616996034,280.0280827176145,290.46881103515625,41290600,0.0,0.0
2013-10-14 00:00:00+05:30,288.8277236108033,295.8843143712933,288.8277236108033,294.89080810546875,12231712,0.0,0.0
2013-10-15 00:00:00+05:30,294.85979063347975,298.67860182006876,293.8662842382799,297.5919494628906,9221320,0.0,0.0
2013-10-17 00:00:00+05:30,297.1813832924843,299.65327985337865,290.9168589689579,291.6753845214844,11513008,2.5,0.0
2013-10-18 00:00:00+05:30,293.23709291205904,296.61921621849,291.0061351144932,295.78485107421875,10944776,0.0,0.0
2013-10-21 00:00:00+05:30,297.4313033473203,301.4202516631356,291.3720304846569,297.6499328613281,9383368,0.0,0.0
2013-10-22 00:00:00+05:30,297.8774906565,300.2155301143793,296.75307919099055,298.26568603515625,7208760,0.0,0.0
2013-10-23 00:00:00+05:30,296.27111475292105,297.94879891669154,292.61234496229764,296.699462890625,6561584,0.0,0.0
2013-10-24 00:00:00+05:30,294.69169017833093,301.17931128178714,293.5985208262711,295.26727294921875,6480560,0.0,0.0
2013-10-25 00:00:00+05:30,296.9851100272467,298.9483529420903,295.04864296403605,297.3019104003906,6011344,0.0,0.0
2013-10-28 00:00:00+05:30,296.02130112084467,297.60081476271085,293.8751155272972,296.57904052734375,3412448,0.0,0.0
2013-10-29 00:00:00+05:30,296.226584502326,300.2824615324335,295.0887959942963,297.663330078125,5200392,0.0,0.0
2013-10-30 00:00:00+05:30,295.4681274052138,297.95342375149727,295.15132695838713,296.6192932128906,5591088,0.0,0.0
2013-10-31 00:00:00+05:30,294.87024298159247,296.98518722316675,294.1474037331047,295.3699645996094,9687544,0.0,0.0
2013-11-01 00:00:00+05:30,294.4864225041823,295.8249971519286,291.7557215081012,292.40716552734375,6166704,0.0,0.0
2013-11-05 00:00:00+05:30,290.20294466843717,293.64308540860753,288.50741700893525,291.43890380859375,5320232,0.0,0.0
2013-11-06 00:00:00+05:30,292.2822890769419,295.575174541773,292.2822890769419,295.0352783203125,3704664,0.0,0.0
2013-11-07 00:00:00+05:30,296.41848212541095,303.40584753306626,295.70013101767046,299.6266174316406,7192712,0.0,0.0
2013-11-08 00:00:00+05:30,298.9483958165383,302.4465338818872,298.9483958165383,299.8452453613281,8616112,0.0,0.0
2013-11-11 00:00:00+05:30,298.94840327708647,303.23184308523577,298.0649525313363,300.07281494140625,7803200,0.0,0.0
2013-11-12 00:00:00+05:30,300.063795075308,301.17927386740956,296.9940061541227,297.77484130859375,6452184,0.0,0.0
2013-11-13 00:00:00+05:30,295.91871408243486,299.71580868232286,295.91871408243486,297.3465270996094,4687512,0.0,0.0
2013-11-14 00:00:00+05:30,299.15359585117216,301.17930116388317,298.95280965039626,299.3276062011719,4343528,0.0,0.0
2013-11-18 00:00:00+05:30,302.60721413615846,304.74893431877945,302.3261220768712,303.7762451171875,6326536,0.0,0.0
2013-11-19 00:00:00+05:30,303.94572091066135,307.6937303875397,303.4147572587768,307.2430725097656,8975208,0.0,0.0
2013-11-20 00:00:00+05:30,304.21342281365077,307.2743014457069,302.964086374991,303.6065979003906,4306608,0.0,0.0
2013-11-21 00:00:00+05:30,303.0533648385825,303.4103181540579,295.6555160900362,298.4442138671875,8495496,0.0,0.0
2013-11-22 00:00:00+05:30,298.5914323788978,301.1793437772804,297.69904913807625,298.7342224121094,2720936,0.0,0.0
2013-11-25 00:00:00+05:30,299.1268060974378,301.51839709063955,295.1110822685641,296.8066101074219,5707296,0.0,0.0
2013-11-26 00:00:00+05:30,296.2711472408288,298.85905786431795,293.8304710933089,295.9320373535156,7321096,0.0,0.0
2013-11-27 00:00:00+05:30,296.27127000938594,297.68570632335883,293.21932333229245,293.88861083984375,6779624,0.0,0.0
2013-11-28 00:00:00+05:30,294.61138044017395,297.8775116613865,291.36311431229086,296.96728515625,7499968,0.0,0.0
2013-11-29 00:00:00+05:30,297.69905584597996,300.37620562876754,295.378859367564,299.35443115234375,5411560,0.0,0.0
2013-12-02 00:00:00+05:30,299.126815287253,301.3488404928167,296.7263134615895,297.93994140625,4711376,0.0,0.0
2013-12-03 00:00:00+05:30,296.2712208234183,299.7961344446607,296.2712208234183,298.8368225097656,7001240,0.0,0.0
2013-12-04 00:00:00+05:30,298.9483290222028,302.1609080803518,297.77038772488737,300.3181457519531,8443120,0.0,0.0
2013-12-05 00:00:00+05:30,301.6255275671718,303.32105568071506,298.23447134008524,299.06439208984375,6317072,0.0,0.0
2013-12-06 00:00:00+05:30,297.9711954974494,298.85911236076964,296.11056794349827,296.7887878417969,6544848,0.0,0.0
2013-12-09 00:00:00+05:30,300.2869532511074,301.9869476409684,296.36493336018987,297.94891357421875,8856632,0.0,0.0
2013-12-10 00:00:00+05:30,297.6098182827814,302.5045491962056,297.3019504143118,300.80902099609375,12345896,0.0,0.0
2013-12-11 00:00:00+05:30,300.286950872629,301.77722647950094,298.0559928423717,301.121337890625,6256960,0.0,0.0
2013-12-12 00:00:00+05:30,300.23335929508744,302.1341396417883,298.76985973626705,300.1842956542969,5520232,0.0,0.0
2013-12-13 00:00:00+05:30,298.5021263755229,301.6254670102444,298.5021263755229,301.07666015625,8315624,0.0,0.0
2013-12-16 00:00:00+05:30,301.6255292630712,309.1215483335144,299.287489577011,308.072998046875,10117696,0.0,0.0
2013-12-17 00:00:00+05:30,307.43491178173787,310.98657910523775,307.43491178173787,308.4388427734375,10713952,0.0,0.0
2013-12-18 00:00:00+05:30,307.87213580770407,309.9915454382643,307.6490400571188,308.5369567871094,9183344,0.0,0.0
2013-12-19 00:00:00+05:30,308.9876703727592,316.34536519873626,308.31838300011066,313.4272766113281,7331456,0.0,0.0
2013-12-20 00:00:00+05:30,314.56503526147145,318.8484740395,313.08367063605806,316.9164733886719,8685456,0.0,0.0
2013-12-23 00:00:00+05:30,312.3341195898773,315.8947198385222,308.8136722278398,309.5186462402344,8845904,0.0,0.0
2013-12-24 00:00:00+05:30,311.08476626951796,312.59288507920905,309.3089325146724,311.1204528808594,7109912,0.0,0.0
2013-12-26 00:00:00+05:30,311.174049381294,315.4039374089919,310.8840248156246,314.1769104003906,6869928,0.0,0.0
2013-12-27 00:00:00+05:30,315.0112794982685,318.75928905603826,315.0068132247883,317.804443359375,7382064,0.0,0.0
2013-12-30 00:00:00+05:30,318.37559626650125,319.0270404547003,310.1032071552681,312.54388427734375,11863432,0.0,0.0
2013-12-31 00:00:00+05:30,312.3341370260965,314.27060431831825,310.57168011002074,311.0535583496094,3590808,0.0,0.0
2014-01-01 00:00:00+05:30,311.62017399877004,312.2448421597068,308.9474910103868,309.47845458984375,1478688,0.0,0.0
2014-01-02 00:00:00+05:30,309.0546223606379,313.0480373178713,309.0546223606379,310.59844970703125,4404744,0.0,0.0
2014-01-03 00:00:00+05:30,310.10312436185416,319.02695527874204,308.25142944659996,318.14794921875,10046344,0.0,0.0
2014-01-06 00:00:00+05:30,319.0359375464609,319.51781577639554,309.5320561387843,313.9314880371094,11098328,0.0,0.0
2014-01-07 00:00:00+05:30,314.03411906922196,314.645388498382,307.57771780558585,308.51025390625,7713688,0.0,0.0
2014-01-08 00:00:00+05:30,308.8538090540624,310.1031454674565,305.2842764443651,305.9178771972656,8990392,0.0,0.0
2014-01-09 00:00:00+05:30,306.9797644440611,310.7277731959944,305.0031447336125,307.94354248046875,12590808,0.0,0.0
2014-01-10 00:00:00+05:30,311.44168553793776,319.0269414894348,307.69367671484514,316.90753173828125,30258176,0.0,0.0
2014-01-13 00:00:00+05:30,319.6516904656591,327.9508549584861,319.6516904656591,327.0584716796875,17119912,0.0,0.0
2014-01-14 00:00:00+05:30,325.2737198088091,329.735636404266,324.8676810412821,328.9994201660156,7425832,0.0,0.0
2014-01-15 00:00:00+05:30,329.7623991133992,332.3547769093408,328.4862866606373,331.25714111328125,17130144,0.0,0.0
2014-01-16 00:00:00+05:30,330.09257353859226,333.5237828748338,329.6151397716189,332.417236328125,17608232,0.0,0.0
2014-01-17 00:00:00+05:30,332.7696496383204,335.95098659529816,331.9665048684773,332.8365783691406,25667896,0.0,0.0
2014-01-20 00:00:00+05:30,331.2526138830731,335.5315865827631,330.57886027066434,334.5812072753906,9761944,0.0,0.0
2014-01-21 00:00:00+05:30,334.64376717935755,336.42853393764744,331.81938249904516,335.388916015625,12102464,0.0,0.0
2014-01-22 00:00:00+05:30,333.8583183818077,337.142292127792,333.75570305309014,336.0625,6769760,0.0,0.0
2014-01-23 00:00:00+05:30,337.6867166827404,339.0163588622564,335.6119258579056,338.4363098144531,7907344,0.0,0.0
2014-01-24 00:00:00+05:30,335.98229343785533,338.8334535626771,335.0631343335272,335.3710021972656,6876584,0.0,0.0
2014-01-27 00:00:00+05:30,331.9665945600769,335.8841486145324,331.18129288227175,333.0552978515625,8099048,0.0,0.0
2014-01-28 00:00:00+05:30,330.8064409102776,330.9581416917422,327.22353119966766,327.9597473144531,14108544,0.0,0.0
2014-01-29 00:00:00+05:30,327.1476837833247,334.08149694643333,326.0455818076727,331.7702331542969,8102080,0.0,0.0
2014-01-30 00:00:00+05:30,330.51191921160154,331.6720172234265,326.6122094830368,330.5610046386719,7183632,0.0,0.0
2014-01-31 00:00:00+05:30,330.1817668825504,333.72898991865344,328.98151589811425,330.2799377441406,5369928,0.0,0.0
2014-02-03 00:00:00+05:30,328.8432220105243,329.4678902748591,323.4710792945852,323.8592529296875,4384112,0.0,0.0
2014-02-04 00:00:00+05:30,319.5623937442249,320.5395488986138,316.4881382678618,317.78656005859375,4535112,0.0,0.0
2014-02-05 00:00:00+05:30,319.4731689027051,320.27631374072865,316.1490416564409,319.584716796875,4326992,0.0,0.0
2014-02-06 00:00:00+05:30,318.75926759181647,319.7408890765617,315.9928797711708,318.0185852050781,5749904,0.0,0.0
2014-02-07 00:00:00+05:30,320.09783789693853,321.42303559761433,316.69340487318226,318.2729187011719,7551456,0.0,0.0
2014-02-10 00:00:00+05:30,319.4642014318655,320.008563810583,317.4652721015474,318.91986083984375,6049424,0.0,0.0
2014-02-11 00:00:00+05:30,319.8301094890511,323.2211653374283,318.8931072151574,320.92327880859375,5833592,0.0,0.0
2014-02-12 00:00:00+05:30,321.3025323121305,323.70750038801214,320.6510882975551,321.266845703125,4208712,0.0,0.0
2014-02-13 00:00:00+05:30,321.6863118322248,322.8597870676377,319.47766333300063,319.99078369140625,3588320,0.0,0.0
2014-02-14 00:00:00+05:30,322.6456407490312,326.96923337781413,321.5480049586814,325.21124267578125,5962168,0.0,0.0
2014-02-17 00:00:00+05:30,328.84326258550743,328.84326258550743,325.61730550847454,326.44720458984375,13569920,0.0,0.0
2014-02-18 00:00:00+05:30,325.452189456374,329.6999426783548,325.452189456374,328.5755310058594,4978240,0.0,0.0
2014-02-19 00:00:00+05:30,329.79353978466065,335.7145101550508,329.74447614528134,334.9470520019531,7064304,0.0,0.0
2014-02-20 00:00:00+05:30,334.1885600744293,334.1885600744293,330.71719830501115,331.1856994628906,8816848,0.0,0.0
2014-02-21 00:00:00+05:30,333.3943473571697,335.1255619665614,332.6135120950243,334.7061462402344,5517984,0.0,0.0
2014-02-24 00:00:00+05:30,334.2867448935811,334.97387559648706,332.8589317813822,334.634765625,4357608,0.0,0.0
2014-02-25 00:00:00+05:30,335.0898800339444,338.40063030634934,335.0898800339444,337.5796203613281,8099512,0.0,0.0
2014-02-26 00:00:00+05:30,337.3208788485411,340.6940919943668,336.6159047740937,339.7749328613281,7352168,0.0,0.0
2014-02-28 00:00:00+05:30,335.63417849806257,342.42073377669846,335.63417849806257,341.3231201171875,9839496,0.0,0.0
2014-03-03 00:00:00+05:30,341.33661878138014,343.5631108001431,338.38728756110515,338.9494934082031,7204176,0.0,0.0
2014-03-04 00:00:00+05:30,336.42840295388595,341.28742420419655,335.7055639835245,339.0653991699219,6937912,0.0,0.0
2014-03-05 00:00:00+05:30,341.5953875348795,343.06781994902764,339.989097628536,341.0421142578125,4943504,0.0,0.0
2014-03-06 00:00:00+05:30,342.4966634782716,343.56305701790046,340.6539009316623,341.9523010253906,6226312,0.0,0.0
2014-03-07 00:00:00+05:30,341.5150650014696,342.13973326773834,330.9224803293677,333.7781066894531,15072744,0.0,0.0
2014-03-10 00:00:00+05:30,332.8321638347402,332.8321638347402,325.30045820365183,327.6474304199219,7432472,0.0,0.0
2014-03-11 00:00:00+05:30,325.98760090516726,330.97601455309285,324.0288240306792,327.9820861816406,4124272,0.0,0.0
2014-03-12 00:00:00+05:30,327.8079928440762,330.4806976057915,325.8983017620113,327.62060546875,3940104,0.0,0.0
2014-03-13 00:00:00+05:30,305.19508035859064,306.9709143629558,298.05601415137215,299.6266174316406,40790880,0.0,0.0
2014-03-14 00:00:00+05:30,298.0559381023674,303.7582570657554,297.6142128508422,302.88818359375,11167544,0.0,0.0
2014-03-18 00:00:00+05:30,303.4102667814935,304.4721940005496,298.0559679559377,298.9974365234375,11804312,0.0,0.0
2014-03-19 00:00:00+05:30,298.9483521785694,299.64888165880126,289.02058973681835,291.9654541015625,15777848,0.0,0.0
2014-03-20 00:00:00+05:30,291.8093056488613,298.9037520705997,291.8093056488613,294.7586364746094,8023032,0.0,0.0
2014-03-21 00:00:00+05:30,297.1635620743427,297.87746852977654,291.85388281205337,294.9906005859375,12380320,0.0,0.0
2014-03-24 00:00:00+05:30,292.0056376177947,296.1329100771034,291.8093176635568,292.326904296875,8160344,0.0,0.0
2014-03-25 00:00:00+05:30,289.84596739600283,292.67481684607,289.66749081509397,290.4170837402344,7548064,0.0,0.0
2014-03-26 00:00:00+05:30,290.91694574500656,291.7156244135614,288.2933476483669,289.9263916015625,8458568,0.0,0.0
2014-03-27 00:00:00+05:30,289.846112031987,291.1757545085856,286.9860190383702,288.3335266113281,13599368,0.0,0.0
2014-03-28 00:00:00+05:30,289.14106375893715,292.6124253850569,287.99880900668194,291.14892578125,7146824,0.0,0.0
2014-03-31 00:00:00+05:30,293.1746033274759,294.92812727945324,288.24418705100186,292.9515075683594,9176928,0.0,0.0
2014-04-01 00:00:00+05:30,292.9739283625613,296.7174722643147,292.2555553881596,295.73138427734375,8628352,0.0,0.0
2014-04-02 00:00:00+05:30,298.84131839910236,298.94840003580475,295.42348606523336,296.4541931152344,5644400,0.0,0.0
2014-04-03 00:00:00+05:30,298.0113495791945,298.76987524813387,296.18643041537985,297.890869140625,4700216,0.0,0.0
2014-04-04 00:00:00+05:30,299.0376065770757,299.4837981714909,295.0308147739066,295.9187316894531,3925584,0.0,0.0
2014-04-07 00:00:00+05:30,294.307996465617,295.7759625575975,290.55998680777714,293.8974914550781,7097544,0.0,0.0
2014-04-09 00:00:00+05:30,292.7953571731875,295.3609585488007,288.2843563102048,290.4305419921875,10664680,0.0,0.0
2014-04-10 00:00:00+05:30,290.4260840833077,290.7161085949902,284.32663679216733,285.669677734375,21263240,0.0,0.0
2014-04-11 00:00:00+05:30,286.4549755176409,290.52425117425247,282.43925156178614,288.6993103027344,18678336,0.0,0.0
2014-04-15 00:00:00+05:30,297.3598304024952,302.3393314225786,289.8013514742692,290.89898681640625,20782384,0.0,0.0
2014-04-16 00:00:00+05:30,289.3061195427116,289.3061195427116,280.8775659635126,281.7521057128906,13198304,0.0,0.0
2014-04-17 00:00:00+05:30,283.7779450396979,286.4595617393167,281.84594353107536,284.853271484375,8391912,0.0,0.0
2014-04-21 00:00:00+05:30,286.4549773217176,287.3473604286388,282.8854448940326,284.04107666015625,6119624,0.0,0.0
2014-04-22 00:00:00+05:30,283.068404439416,285.5626110126399,280.42247529973304,281.15869140625,6626896,0.0,0.0
2014-04-23 00:00:00+05:30,283.2468949626522,284.8353414216523,282.3500454861166,283.1219482421875,12016720,0.0,0.0
2014-04-24 00:00:00+05:30,283.1219482421875,283.1219482421875,283.1219482421875,283.1219482421875,0,0.0,0.0
2014-04-25 00:00:00+05:30,284.491708590696,285.56256822152676,282.2919931470426,283.3851623535156,5962904,0.0,0.0
2014-04-28 00:00:00+05:30,282.7961792920387,284.9378985419626,282.43922608371804,283.6037902832031,6042480,0.0,0.0
2014-04-29 00:00:00+05:30,284.0454969048247,285.1163564596025,282.9746373500468,283.5769958496094,4835464,0.0,0.0
2014-04-30 00:00:00+05:30,283.56815988075584,284.6702619292375,282.97473372338936,283.8492736816406,7741936,0.0,0.0
2014-05-02 00:00:00+05:30,284.22402210671896,289.75679741931447,284.22402210671896,287.3205871582031,4764392,0.0,0.0
2014-05-05 00:00:00+05:30,284.8486667749721,288.50743724419954,283.29146272528635,283.50115966796875,4196688,0.0,0.0
2014-05-06 00:00:00+05:30,283.5012787855477,284.1794988965598,281.5469678186987,282.4527282714844,4566024,0.0,0.0
2014-05-07 00:00:00+05:30,281.1899664979712,282.885494699641,272.17689553120033,273.7251892089844,15596072,0.0,0.0
2014-05-08 00:00:00+05:30,273.96168265398927,275.60365926857,271.86011555186,273.5422668457031,9161992,0.0,0.0
2014-05-09 00:00:00+05:30,273.5154676343103,278.86976716385635,272.43123069425747,277.66058349609375,6179400,0.0,0.0
2014-05-12 00:00:00+05:30,278.26290309282854,284.35788422486064,277.0894279921751,283.340576171875,7044200,0.0,0.0
2014-05-13 00:00:00+05:30,284.0455551246764,292.25548006073365,284.0455551246764,291.3854064941406,7299968,0.0,0.0
2014-05-14 00:00:00+05:30,290.0468351473697,291.36310030187275,287.0930381876699,290.3904113769531,5184688,0.0,0.0
2014-05-15 00:00:00+05:30,290.39050459257777,294.02696711893657,286.0312027634754,292.02801513671875,8409192,0.0,0.0
2014-05-16 00:00:00+05:30,294.397161107993,298.0559315249156,272.9844346960495,283.5591735839844,14188792,0.0,0.0
2014-05-19 00:00:00+05:30,285.3842257206584,285.3842257206584,267.72396605819273,269.0580749511719,17246512,0.0,0.0
2014-05-20 00:00:00+05:30,272.0876325044683,280.1057041186317,271.48080758267116,278.619873046875,8787344,0.0,0.0
2014-05-21 00:00:00+05:30,278.2451170136571,282.3768561104883,276.55405499273934,281.7343444824219,6788304,0.0,0.0
2014-05-22 00:00:00+05:30,281.9931378912001,283.77790458671404,274.9566864794553,277.8792419433594,9832744,0.0,0.0
2014-05-23 00:00:00+05:30,278.86970748620223,282.97466958039917,268.79915589478213,273.92144775390625,9081776,0.0,0.0
2014-05-26 00:00:00+05:30,274.0508567581635,277.6159229731095,272.1902292341691,276.17919921875,5750544,0.0,0.0
2014-05-27 00:00:00+05:30,276.63873856251763,281.5468452144333,276.5941194111366,279.67730712890625,4984128,0.0,0.0
2014-05-28 00:00:00+05:30,278.7358594741571,284.49173043176336,278.24504877234574,283.179931640625,5389320,0.0,0.0
2014-05-29 00:00:00+05:30,273.6540871494793,273.6540871494793,263.70302943495284,264.56243896484375,41341328,5.375,0.0
2014-05-30 00:00:00+05:30,265.96456563748416,267.724088703844,260.53671735916816,265.9102783203125,28035616,0.0,0.0
2014-06-02 00:00:00+05:30,267.8191505871317,271.1844129835966,267.8191505871317,270.7727966308594,6229856,0.0,0.0
2014-06-03 00:00:00+05:30,272.11622039040327,274.73515366612713,269.1082867707288,272.948486328125,6824936,0.0,0.0
2014-06-04 00:00:00+05:30,272.7494523912284,273.8666936425453,267.1859063474272,269.99029541015625,5508008,0.0,0.0
2014-06-05 00:00:00+05:30,271.39249029626984,277.58023024063385,267.9548520858504,275.1150817871094,12153720,0.0,0.0
2014-06-06 00:00:00+05:30,271.40600619636984,272.29708689318386,266.8692379850141,271.6683654785156,16882424,0.0,0.0
2014-06-09 00:00:00+05:30,271.9352043274232,272.74938158588856,269.23033538091033,270.1666259765625,10858344,0.0,0.0
2014-06-10 00:00:00+05:30,271.39254358630575,279.4619441317422,271.0623581593351,278.19091796875,10479176,0.0,0.0
2014-06-11 00:00:00+05:30,280.8912108269122,294.6643788940289,279.5659197454848,288.88372802734375,20375704,0.0,0.0
2014-06-12 00:00:00+05:30,296.72238726551814,298.26480531163855,282.31144495460507,287.2281799316406,21128856,0.0,0.0
2014-06-13 00:00:00+05:30,288.44493083876057,290.1185175474063,283.2477700445119,288.3092346191406,10151744,0.0,0.0
2014-06-16 00:00:00+05:30,288.21879680431374,294.88600058689207,287.67601187624535,293.4792785644531,9375328,0.0,0.0
2014-06-17 00:00:00+05:30,293.9180914280803,295.54644650524415,291.1634618397406,293.7236022949219,10079392,0.0,0.0
2014-06-18 00:00:00+05:30,293.5561059246349,296.27002986230485,290.63863769163964,293.1490173339844,9791280,0.0,0.0
2014-06-19 00:00:00+05:30,293.63307577801066,300.6123762507978,293.5652276642014,299.60821533203125,11313704,0.0,0.0
2014-06-20 00:00:00+05:30,300.3410165807446,302.0960124817955,297.88492342713323,300.033447265625,8853000,0.0,0.0
2014-06-23 00:00:00+05:30,298.531672648932,299.34132231361866,291.42570978126065,292.42987060546875,6328112,0.0,0.0
2014-06-24 00:00:00+05:30,292.19922754465233,292.6424930802214,288.77515036271865,289.8290710449219,10638024,0.0,0.0
2014-06-25 00:00:00+05:30,293.55624818486336,293.55624818486336,290.0281453561393,290.5030822753906,6433520,0.0,0.0
2014-06-26 00:00:00+05:30,291.2945971852293,292.65155959447725,286.65830895363206,287.9021911621094,7376552,0.0,0.0
2014-06-27 00:00:00+05:30,289.4853202813957,292.7058533039171,286.95232372893344,291.6021728515625,6890744,0.0,0.0
2014-06-30 00:00:00+05:30,291.29461459783255,295.184573736872,290.5166139356335,294.5106201171875,7290576,0.0,0.0
2014-07-01 00:00:00+05:30,293.5562303647401,294.4427836440544,290.02812775018697,291.3896179199219,4662512,0.0,0.0
2014-07-02 00:00:00+05:30,290.5709096271193,293.42958619009636,289.322499682883,290.86944580078125,6119632,0.0,0.0
2014-07-03 00:00:00+05:30,290.4080455073466,292.054488821952,288.62590595110936,290.4532775878906,7504912,0.0,0.0
2014-07-04 00:00:00+05:30,289.4898545551492,294.76842531179665,289.4898545551492,293.64215087890625,5752968,0.0,0.0
2014-07-07 00:00:00+05:30,295.3654735110939,304.68328171067816,294.9131527247063,302.643310546875,11638312,0.0,0.0
2014-07-08 00:00:00+05:30,302.964506516553,308.15263552076374,298.8076823059687,302.3448181152344,11460480,0.0,0.0
2014-07-09 00:00:00+05:30,301.24572144553724,306.13078719870816,297.62715422096625,299.4681091308594,8270752,0.0,0.0
2014-07-10 00:00:00+05:30,299.88866236968187,305.92261686049835,294.0627798446124,297.8713073730469,11345616,0.0,0.0
2014-07-11 00:00:00+05:30,307.70485496857816,310.4730677285223,298.5634671904033,300.9426574707031,15826360,0.0,0.0
2014-07-14 00:00:00+05:30,299.8886895880164,299.8886895880164,288.20072456485826,291.76953125,8231600,0.0,0.0
2014-07-15 00:00:00+05:30,293.0134305352104,294.72772204535113,291.02774652997687,291.80572509765625,4139800,0.0,0.0
2014-07-16 00:00:00+05:30,293.1038738348779,293.55619462783295,289.77931600665823,292.1630554199219,4589488,0.0,0.0
2014-07-17 00:00:00+05:30,294.9222782333143,302.684087108018,292.34855467685736,293.0406188964844,4946672,0.0,0.0
2014-07-18 00:00:00+05:30,294.27994182124223,296.24300987177503,293.4295874668481,294.1487731933594,4098368,0.0,0.0
2014-07-21 00:00:00+05:30,294.46079146658826,296.12081735886125,288.4087490109268,289.548583984375,7435968,0.0,0.0
2014-07-22 00:00:00+05:30,289.93761869834697,293.7099695696764,289.30889723412133,292.533935546875,8733360,0.0,0.0
2014-07-23 00:00:00+05:30,293.91803758043295,303.50723794470684,293.91803758043295,303.0051574707031,11827336,0.0,0.0
2014-07-24 00:00:00+05:30,302.5121880832379,307.1258608081916,300.47221660824385,305.9724426269531,5571560,0.0,0.0
2014-07-25 00:00:00+05:30,307.48766364985505,307.48766364985505,298.9568893938305,303.2539367675781,5337672,0.0,0.0
2014-07-28 00:00:00+05:30,302.6026216564193,306.4021164574864,300.41792098019647,304.9637451171875,4601448,0.0,0.0
2014-07-30 00:00:00+05:30,307.0353862192237,307.0353862192237,302.6569293220269,305.0632629394531,9934720,0.0,0.0
2014-07-31 00:00:00+05:30,305.76885250821846,307.11675962127555,302.43976709330065,304.651611328125,8457168,0.0,0.0
2014-08-01 00:00:00+05:30,303.0549476233499,306.8544424890755,301.2456643539568,302.2679138183594,7607008,0.0,0.0
2014-08-04 00:00:00+05:30,303.5072398925445,315.07759647760486,302.99159862646457,313.508056640625,13086960,0.0,0.0
2014-08-05 00:00:00+05:30,314.4534543778799,318.43387785101766,313.91519698450367,317.8006286621094,10985624,0.0,0.0
2014-08-06 00:00:00+05:30,318.88618592081133,326.42638300952865,318.88618592081133,323.4862976074219,18004184,0.0,0.0
2014-08-07 00:00:00+05:30,316.5341051534772,320.6411693039299,315.02788567954985,317.28948974609375,7754224,0.0,0.0
2014-08-08 00:00:00+05:30,316.6245546596991,318.43383782918306,314.3629506978441,315.05499267578125,3811352,0.0,0.0
2014-08-11 00:00:00+05:30,318.7957056391668,324.19641167221494,317.5292073761281,323.273681640625,5628672,0.0,0.0
2014-08-12 00:00:00+05:30,325.58053518623467,325.58053518623467,320.3336135299964,323.5722351074219,5916936,0.0,0.0
2014-08-13 00:00:00+05:30,322.05694864602395,327.9325916291915,321.21562751099356,326.4308776855469,8941360,0.0,0.0
2014-08-14 00:00:00+05:30,326.3945971498962,328.1767361816636,324.4586735067323,326.80621337890625,6762480,0.0,0.0
2014-08-18 00:00:00+05:30,326.7565262077393,326.7565262077393,321.14774862610034,322.0343017578125,6777888,0.0,0.0
2014-08-19 00:00:00+05:30,322.1428222550575,324.6758183300762,319.3384337434297,320.9486999511719,6424824,0.0,0.0
2014-08-20 00:00:00+05:30,322.3238355387643,324.0878868418813,320.87640882851446,321.5594177246094,3938224,0.0,0.0
2014-08-21 00:00:00+05:30,321.7131882348356,322.35999818311694,319.3385038928562,321.05279541015625,4298880,0.0,0.0
2014-08-22 00:00:00+05:30,321.05271993683624,326.39463206563715,320.96678341709554,325.7613830566406,4855040,0.0,0.0
2014-08-25 00:00:00+05:30,325.580510355047,328.90054059470924,322.23786407548795,328.1858825683594,4198352,0.0,0.0
2014-08-26 00:00:00+05:30,327.6611627605558,329.2895175175105,325.6709513909445,327.85565185546875,5842128,0.0,0.0
2014-08-27 00:00:00+05:30,328.3849631857421,330.1942467294652,325.77055729945454,328.4347229003906,5569872,0.0,0.0
2014-08-28 00:00:00+05:30,328.29445231005207,328.71510183973976,323.9702608384558,325.56243896484375,7599304,0.0,0.0
2014-09-01 00:00:00+05:30,326.58015328294,327.38074786710723,324.3140216018322,325.6393127441406,3643152,0.0,0.0
2014-09-02 00:00:00+05:30,325.6709433641041,327.932547137466,321.64981627226166,326.9148254394531,3583832,0.0,0.0
2014-09-03 00:00:00+05:30,326.5756238048763,338.9149266289301,326.5756238048763,337.8157958984375,11857560,0.0,0.0
2014-09-04 00:00:00+05:30,336.97898419890936,336.97898419890936,334.522891175313,335.5089416503906,6238464,0.0,0.0
2014-09-05 00:00:00+05:30,337.61219517350526,343.31143641035703,335.20133450055965,337.4991149902344,6468352,0.0,0.0
2014-09-08 00:00:00+05:30,337.6755137138618,342.90434577538224,337.6755137138618,342.1037292480469,6517296,0.0,0.0
2014-09-09 00:00:00+05:30,339.0596187863171,339.7335722559843,336.5266227014674,337.97857666015625,4316800,0.0,0.0
2014-09-10 00:00:00+05:30,335.4410723240878,335.4410723240878,331.0987930707016,331.7591857910156,5080752,0.0,0.0
2014-09-11 00:00:00+05:30,332.3653059605661,334.6902303303026,328.4391704621613,333.28350830078125,5013032,0.0,0.0
2014-09-12 00:00:00+05:30,333.63179476194307,335.44107781379745,330.1941569634198,331.994384765625,3907552,0.0,0.0
2014-09-15 00:00:00+05:30,331.5511310855384,331.82252355300267,328.1406368282656,329.4071350097656,4958800,0.0,0.0
2014-09-16 00:00:00+05:30,329.83225320817996,333.85790742314543,327.80586531413655,330.30718994140625,5034904,0.0,0.0
2014-09-17 00:00:00+05:30,332.8991023100054,339.06877659447116,332.1030352541851,338.4309997558594,7926120,0.0,0.0
2014-09-18 00:00:00+05:30,332.3607806789938,337.4041573632471,330.59672964145227,334.44598388671875,9104776,0.0,0.0
2014-09-19 00:00:00+05:30,334.62694243160115,342.6691977718977,333.0257311469747,334.9028625488281,14755016,0.0,0.0
2014-09-22 00:00:00+05:30,332.9081116131779,333.15688805528015,328.56583189648427,330.24847412109375,8612040,0.0,0.0
2014-09-23 00:00:00+05:30,329.74184558591514,333.2201879349144,325.2683975300722,326.3132629394531,12962304,0.0,0.0
2014-09-24 00:00:00+05:30,328.38488097843265,332.2069915077271,325.51264407180315,329.7237548828125,5564560,0.0,0.0
2014-09-25 00:00:00+05:30,330.19413768486163,336.41807543704766,329.83228109561793,333.9031677246094,24975512,0.0,0.0
2014-09-26 00:00:00+05:30,333.36042137652026,336.54928293785605,331.1440495111947,332.9216613769531,8864840,0.0,0.0
2014-09-29 00:00:00+05:30,334.807855785603,340.2311777543431,333.0076278380067,339.1546630859375,4996144,0.0,0.0
2014-09-30 00:00:00+05:30,338.7158961615635,339.8105213083846,334.8169042011026,339.03704833984375,6927368,0.0,0.0
2014-10-01 00:00:00+05:30,336.7076213781466,349.1871484948348,336.7076213781466,348.04278564453125,9470864,0.0,0.0
2014-10-07 00:00:00+05:30,340.9865290303904,352.1724124753155,340.9865290303904,346.5953063964844,20063456,0.0,0.0
2014-10-08 00:00:00+05:30,342.40686517984665,343.04011433605774,329.38002539493306,330.207763671875,20327680,0.0,0.0
2014-10-09 00:00:00+05:30,334.7174133224808,335.98391164316047,328.0140098050637,329.90472412109375,12432832,0.0,0.0
2014-10-10 00:00:00+05:30,331.0988258974341,353.53393759758814,323.20130030514423,351.783447265625,45893056,0.0,0.0
2014-10-13 00:00:00+05:30,351.8422983617182,360.4997149535705,351.8422983617182,356.6595153808594,17726984,0.0,0.0
2014-10-14 00:00:00+05:30,358.6903698073387,358.6903698073387,352.81019981049707,354.4656982421875,6860512,0.0,0.0
2014-10-15 00:00:00+05:30,354.4656982421875,354.4656982421875,354.4656982421875,354.4656982421875,0,0.0,0.0
2014-10-16 00:00:00+05:30,355.54143463486474,359.02382357426455,351.37076715781205,352.3689880371094,10017392,3.75,0.0
2014-10-17 00:00:00+05:30,352.33259334157617,357.6108953108784,349.7983033140398,351.12469482421875,8190016,0.0,0.0
2014-10-20 00:00:00+05:30,351.24772426374864,352.1183271491591,346.60758025557595,347.5419921875,7702720,0.0,0.0
2014-10-21 00:00:00+05:30,350.9650553287033,350.9650553287033,338.2114829730524,343.95013427734375,26081384,0.0,0.0
2014-10-22 00:00:00+05:30,347.2639591976492,347.5009674179514,344.2464833321095,346.0560607910156,5353320,0.0,0.0
2014-10-27 00:00:00+05:30,350.97417961195185,350.97417961195185,344.7933831145229,346.6941223144531,4767752,0.0,0.0
2014-10-28 00:00:00+05:30,343.22535999504277,347.541895005366,343.22535999504277,345.3448791503906,6666368,0.0,0.0
2014-10-29 00:00:00+05:30,347.59661163009395,354.86679092237137,347.59661163009395,353.8412170410156,8229336,0.0,0.0
2014-10-30 00:00:00+05:30,355.16768941722427,362.93926167667456,355.16768941722427,359.77593994140625,15245208,0.0,0.0
2014-10-31 00:00:00+05:30,363.4679827367715,370.6652286048143,363.4679827367715,369.3205871582031,8670800,0.0,0.0
2014-11-03 00:00:00+05:30,371.6588804262279,374.67635584421606,367.60672818230296,372.4793395996094,8578408,0.0,0.0
2014-11-05 00:00:00+05:30,372.3973383976969,378.68752599853923,369.8447985017029,376.02557373046875,10241080,0.0,0.0
2014-11-07 00:00:00+05:30,375.43296324086407,381.3311705595218,375.43296324086407,379.83612060546875,9970400,0.0,0.0
2014-11-10 00:00:00+05:30,380.6065121137242,381.158069822453,377.4112965985945,379.7359313964844,5594168,0.0,0.0
2014-11-11 00:00:00+05:30,379.6903080727616,379.6903080727616,374.111167373526,376.06207275390625,6255088,0.0,0.0
2014-11-12 00:00:00+05:30,375.67916912482065,378.3867024171878,373.50040293829693,374.3117370605469,5392896,0.0,0.0
2014-11-13 00:00:00+05:30,375.77035899117675,382.97670869656355,374.8951935029091,380.9301452636719,4956680,0.0,0.0
2014-11-14 00:00:00+05:30,382.33396035983,383.9247572799255,380.51071782115645,382.1197204589844,5233176,0.0,0.0
2014-11-17 00:00:00+05:30,381.51347546573334,385.42432154465916,378.14960211148957,384.5628662109375,5458184,0.0,0.0
2014-11-18 00:00:00+05:30,385.15999806869524,385.41523422680893,380.3375303090378,381.2719421386719,5267120,0.0,0.0
2014-11-19 00:00:00+05:30,381.0577574338474,381.9648385610747,377.3884811810454,380.4515380859375,5201120,0.0,0.0
2014-11-20 00:00:00+05:30,381.96928029129555,385.8436703658493,381.4086421595285,385.21466064453125,5347928,0.0,0.0
2014-11-21 00:00:00+05:30,380.1461499190644,380.96660923543647,373.9106680171899,377.971923828125,10463272,0.0,0.0
2014-11-24 00:00:00+05:30,382.8808890051345,390.32426690907675,382.14705177297554,389.7271728515625,11047440,0.0,0.0
2014-11-25 00:00:00+05:30,391.54133215434916,393.8158450088701,387.0743879691191,392.28887939453125,14886576,0.0,0.0
2014-11-26 00:00:00+05:30,391.9971977577293,393.6107854233722,389.4082019123006,392.0382385253906,7930800,0.0,0.0
2014-11-27 00:00:00+05:30,393.99359654733894,398.9619325794126,393.09110037250474,398.0047302246094,17389032,0.0,0.0
2014-11-28 00:00:00+05:30,398.38768955252806,400.9311044366468,395.95364253222004,397.4532775878906,14347264,0.0,0.0
2014-12-01 00:00:00+05:30,399.92829042465434,401.31397269624057,391.32259369326835,396.5416259765625,18341864,0.0,0.0
2014-12-02 00:00:00+05:30,394.72291338301665,394.72291338301665,385.6158251386766,387.7308044433594,10654992,0.0,2.0
2014-12-03 00:00:00+05:30,383.15442422678643,388.8885131790683,380.0640369881798,387.1655578613281,12775044,0.0,0.0
2014-12-04 00:00:00+05:30,384.704217622706,391.0673169716449,381.9693535163834,383.20916748046875,9399228,0.0,0.0
2014-12-05 00:00:00+05:30,385.61582829094846,385.9075649259656,375.5515375615099,377.4659423828125,7358760,0.0,0.0
2014-12-08 00:00:00+05:30,366.2894081893277,368.11265063924964,356.94529063347744,359.20611572265625,166320408,0.0,0.0
2014-12-09 00:00:00+05:30,361.50345523263377,362.0960091247059,355.979020813224,358.2307434082031,10050460,0.0,0.0
2014-12-10 00:00:00+05:30,358.44947516758833,361.9136359143758,357.1914333924793,358.03924560546875,7804712,0.0,0.0
2014-12-11 00:00:00+05:30,355.714661994141,356.2525097050599,349.1509880670323,350.2540588378906,8285932,0.0,0.0
2014-12-12 00:00:00+05:30,353.5358552957993,357.4284736858612,349.71614880257977,353.4629211425781,14572500,0.0,0.0
2014-12-15 00:00:00+05:30,347.31865018446126,356.8542195323023,347.30954732371634,350.93780517578125,12966284,0.0,0.0
2014-12-16 00:00:00+05:30,351.1018240512171,355.82402691008645,351.1018240512171,353.34442138671875,17792756,0.0,0.0
2014-12-17 00:00:00+05:30,352.9797667433744,356.53508980716356,345.7415025365708,353.4355773925781,17851776,0.0,0.0
2014-12-18 00:00:00+05:30,356.26155055933214,361.33017312900097,354.57505140750317,358.43121337890625,19949980,0.0,0.0
2014-12-19 00:00:00+05:30,364.21095540010305,366.1071322494841,362.095998330416,364.40240478515625,14294632,0.0,0.0
2014-12-22 00:00:00+05:30,365.74253300663224,366.4900581592076,360.1542889558275,364.5756530761719,10465104,0.0,0.0
2014-12-23 00:00:00+05:30,364.8034734892357,368.641407878779,358.01189513339494,359.4796142578125,8196952,0.0,0.0
2014-12-24 00:00:00+05:30,360.2727433448586,362.2783102359484,349.1600884281448,351.9861145019531,27339488,0.0,0.0
2014-12-26 00:00:00+05:30,354.6389124944533,357.4831664897115,352.0590197727635,355.9425354003906,2268748,0.0,0.0
2014-12-29 00:00:00+05:30,356.63546127879727,359.6893933497065,355.98820110151337,356.95452880859375,2792676,0.0,0.0
2014-12-30 00:00:00+05:30,357.76581110023204,360.0904456226058,356.7721526971425,358.5133361816406,4640552,0.0,0.0
2014-12-31 00:00:00+05:30,356.4439380399811,360.8105952837501,355.5323167150707,359.64373779296875,6968808,0.0,0.0
2015-01-01 00:00:00+05:30,358.9873375102883,361.3666779706182,356.79034356363843,359.98101806640625,2002764,0.0,0.0
2015-01-02 00:00:00+05:30,359.54351516911026,368.1218822809472,359.54351516911026,367.0552673339844,6778320,0.0,0.0
2015-01-05 00:00:00+05:30,366.45357139022764,370.11828493261913,360.54626032229277,363.9010314941406,9937024,0.0,0.0
2015-01-06 00:00:00+05:30,361.00213282614584,361.9137543736866,352.6334425684444,356.29815673828125,9667316,0.0,0.0
2015-01-07 00:00:00+05:30,358.2672605104927,360.0449224901249,355.53239592644314,358.0028991699219,7249916,0.0,0.0
2015-01-08 00:00:00+05:30,362.0230137873021,364.1015146164582,355.5322751637924,359.8077697753906,13564920,0.0,0.0
2015-01-09 00:00:00+05:30,361.0203329107781,384.5219390417523,348.79550225666645,378.2226257324219,44863328,0.0,0.0
2015-01-12 00:00:00+05:30,381.422374598344,386.38158586265354,378.3228619940553,385.7890319824219,12758888,0.0,0.0
2015-01-13 00:00:00+05:30,384.3031026041001,384.3031026041001,378.3228576860764,380.8571472167969,8801236,0.0,0.0
2015-01-14 00:00:00+05:30,382.60752417865683,388.89771221018583,381.53182866822647,388.1045837402344,9921260,0.0,0.0
2015-01-15 00:00:00+05:30,389.2987789908638,392.50770400228373,385.11444582609045,389.1255798339844,8342452,0.0,0.0
2015-01-16 00:00:00+05:30,391.6325824287215,393.8204739506696,385.068907862877,386.2175598144531,6690960,0.0,0.0
2015-01-19 00:00:00+05:30,386.5274360647667,388.77915850920994,381.89641760758497,383.3367614746094,4087744,0.0,0.0
2015-01-20 00:00:00+05:30,384.15724428877917,388.8976754000788,383.1453356682378,387.293212890625,6804504,0.0,0.0
2015-01-21 00:00:00+05:30,388.62422285582323,396.7285286170943,386.162844948925,395.6254577636719,8494908,0.0,0.0
2015-01-22 00:00:00+05:30,396.51888336472877,401.6604195513023,394.0575053965297,400.4661865234375,9958396,0.0,0.0
2015-01-23 00:00:00+05:30,401.1134021357138,405.67150897816504,394.7503027887566,403.8573913574219,9486328,0.0,0.0
2015-01-27 00:00:00+05:30,404.94222943185224,404.94222943185224,388.3689700395894,389.53582763671875,13739968,0.0,0.0
2015-01-28 00:00:00+05:30,391.9971678583874,392.87233322871623,388.4053887577718,391.0035095214844,13134356,0.0,0.0
2015-01-29 00:00:00+05:30,391.0855956689874,391.9789668703046,387.9131708798556,391.1767578125,15369424,0.0,0.0
2015-01-30 00:00:00+05:30,394.0938980998087,394.2853474802718,387.7945858526588,390.52032470703125,10833744,0.0,0.0
2015-02-02 00:00:00+05:30,390.44742995545977,392.3618348186549,387.6305288450251,389.5996398925781,8702540,0.0,0.0
2015-02-03 00:00:00+05:30,389.5996053040931,390.1647837915839,383.2455871600144,386.6914978027344,5265956,0.0,0.0
2015-02-04 00:00:00+05:30,390.1556503251049,391.99714308142745,387.6942729150587,390.69354248046875,5160016,0.0,0.0
2015-02-05 00:00:00+05:30,392.1431177559064,404.75995055534815,391.6326008076071,399.9830627441406,11875936,0.0,0.0
2015-02-06 00:00:00+05:30,402.0250169847664,409.82850467505017,399.01666651753345,406.6742858886719,7453728,0.0,0.0
2015-02-09 00:00:00+05:30,401.11338345332473,410.9588937744518,401.11338345332473,410.0290222167969,6536868,0.0,0.0
2015-02-10 00:00:00+05:30,408.95331844732436,418.9811528274416,408.588669924411,415.3893737792969,8516920,0.0,0.0
2015-02-11 00:00:00+05:30,415.79055071854714,418.10606034005673,411.36918660763956,416.58367919921875,5796972,0.0,0.0
2015-02-12 00:00:00+05:30,416.24631234039407,423.3478338213977,414.42306962317815,421.3878479003906,6287536,0.0,0.0
2015-02-13 00:00:00+05:30,419.27290055700195,424.21386146570353,416.79327273040457,418.634765625,5657516,0.0,0.0
2015-02-16 00:00:00+05:30,415.75407760985854,420.6038769021181,413.0100882073516,415.4714660644531,6244276,0.0,0.0
2015-02-18 00:00:00+05:30,417.6228212127882,420.24827261694423,411.7154887843023,418.7076416015625,8613764,0.0,0.0
2015-02-19 00:00:00+05:30,418.2519569215239,425.54492914334645,417.896433428264,423.84930419921875,9673624,0.0,0.0
2015-02-20 00:00:00+05:30,424.5420297782898,425.90946169726647,415.1340803706272,416.2645263671875,6971628,0.0,0.0
2015-02-23 00:00:00+05:30,419.34569620269536,421.02307008495654,409.8830872108729,413.0737609863281,5090488,0.0,0.0
2015-02-24 00:00:00+05:30,415.51699821545753,418.60738559186655,411.61527676570813,414.3865966796875,6437676,0.0,0.0
2015-02-25 00:00:00+05:30,417.32209676300516,425.69080932792525,415.6994282036345,422.5548400878906,6044972,0.0,0.0
2015-02-26 00:00:00+05:30,420.71334609410695,420.9868325596069,409.39098861730014,411.70654296875,6445776,0.0,0.0
2015-02-27 00:00:00+05:30,414.7694454798961,415.8178099855397,410.5030755576847,413.1011962890625,7801076,0.0,0.0
2015-03-02 00:00:00+05:30,419.8927620111981,420.8955454202565,415.34378072174815,417.8324890136719,7040992,0.0,0.0
2015-03-03 00:00:00+05:30,417.5225940433026,419.8836845262787,415.38940890641993,418.953857421875,4905552,0.0,0.0
2015-03-04 00:00:00+05:30,419.345845793577,421.88013549131085,410.5760300829623,414.7239074707031,4375228,0.0,0.0
2015-03-05 00:00:00+05:30,413.3382514249585,419.11792196836467,407.19393233606604,409.79205322265625,5684916,0.0,0.0
2015-03-09 00:00:00+05:30,411.87053570084873,411.87053570084873,397.28459375482487,399.2992858886719,7984720,0.0,0.0
2015-03-10 00:00:00+05:30,400.7669990115525,402.38054210676034,393.8568824136611,400.7487487792969,6329916,0.0,0.0
2015-03-11 00:00:00+05:30,400.037758354447,408.4064257921341,395.47965092373124,397.8680725097656,6780912,0.0,0.0
2015-03-12 00:00:00+05:30,397.2845382541816,405.93581495978134,396.9198897564724,404.44989013671875,5688564,0.0,0.0
2015-03-13 00:00:00+05:30,405.6714730617351,406.5830943495143,399.7276844603116,404.832763671875,6179684,0.0,0.0
2015-03-16 00:00:00+05:30,403.0369542167847,416.064015383989,403.0369542167847,413.26531982421875,6818632,0.0,0.0
2015-03-17 00:00:00+05:30,413.2652899448865,415.60817462603603,404.25848878682973,408.4975280761719,5539312,0.0,0.0
2015-03-18 00:00:00+05:30,411.05008078295174,412.57250629466034,405.22482905963807,406.4919738769531,4905564,0.0,0.0
2015-03-19 00:00:00+05:30,407.4217724159935,410.0472237178444,405.2612123249616,406.66510009765625,6891740,0.0,0.0
2015-03-20 00:00:00+05:30,408.5886957545627,413.67552516567935,407.12097645449836,411.5879211425781,6430896,0.0,0.0
2015-03-23 00:00:00+05:30,410.7766068141629,414.7877410129696,405.76268906565446,407.212158203125,5078700,0.0,0.0
2015-03-24 00:00:00+05:30,407.47657642426606,410.8495761080297,402.20742175041363,403.2010803222656,6736532,0.0,0.0
2015-03-25 00:00:00+05:30,405.28862184506426,406.42814858842365,401.250156871704,404.5958251953125,6170968,0.0,0.0
2015-03-26 00:00:00+05:30,402.572031234893,403.83005102739565,388.7153852322427,391.3317565917969,15740840,0.0,0.0
2015-03-27 00:00:00+05:30,394.54974802677515,405.6168230915168,394.36742374395317,401.5054016113281,10074220,0.0,0.0
2015-03-30 00:00:00+05:30,402.1344294809875,408.40636659139363,400.18352417322126,406.2184753417969,4623088,0.0,0.0
2015-03-31 00:00:00+05:30,409.3180000835318,414.54157279174217,401.90653606084373,404.4590759277344,8016412,0.0,0.0
2015-04-01 00:00:00+05:30,400.91278124878,401.022193605446,393.4010309439914,396.3638000488281,6738488,0.0,0.0
2015-04-06 00:00:00+05:30,397.2846012349153,398.3238407155839,393.8933518635093,397.13873291015625,7741752,0.0,0.0
2015-04-07 00:00:00+05:30,396.5552434018155,397.97738145311814,389.80924615773864,393.7292175292969,8542268,0.0,0.0
2015-04-08 00:00:00+05:30,397.9226615482435,402.0067067986654,396.1997063492454,401.213623046875,10185576,0.0,0.0
2015-04-09 00:00:00+05:30,403.19188141055895,404.55931346451456,398.26912601631864,403.8482666015625,10581548,0.0,0.0
2015-04-10 00:00:00+05:30,402.97311258231457,408.04173644155867,402.97311258231457,407.3033142089844,7123776,0.0,0.0
2015-04-13 00:00:00+05:30,408.04175373836233,409.1356994588405,404.04886966372305,408.1876220703125,4872336,0.0,0.0
2015-04-15 00:00:00+05:30,407.76826975515905,409.31802620180287,400.21093692672565,403.61126708984375,6237784,0.0,0.0
2015-04-16 00:00:00+05:30,405.12449512119207,406.7654134182626,393.9115534245434,400.1379089355469,9007812,0.0,0.0
2015-04-17 00:00:00+05:30,397.4759769402944,400.1925903701469,392.62613424594497,397.3301086425781,6450316,0.0,0.0
2015-04-20 00:00:00+05:30,396.7375505622969,397.4668475302423,385.6431026323258,388.74261474609375,12825384,0.0,0.0
2015-04-21 00:00:00+05:30,391.63248234692213,392.9270023050333,386.5456536634401,390.64794921875,8881648,0.0,0.0
2015-04-22 00:00:00+05:30,392.18865512051445,392.9088271308,382.50721795548054,389.7546081542969,12350984,0.0,0.0
2015-04-23 00:00:00+05:30,391.76010790901586,391.9971383370733,385.0688168222785,386.8920593261719,11891800,0.0,0.0
2015-04-24 00:00:00+05:30,389.42629447373463,392.03353979446314,361.0019655939383,363.7732849121094,43565452,0.0,0.0
2015-04-27 00:00:00+05:30,364.6485572588888,365.01320581614766,355.18592274674427,361.8498840332031,19822640,0.0,0.0
2015-04-28 00:00:00+05:30,361.3667216809983,361.3667216809983,355.89699330035756,357.5196838378906,10393500,0.0,0.0
2015-04-29 00:00:00+05:30,357.5196350008408,359.5434297739519,353.3352800074029,357.5652160644531,8289056,0.0,0.0
2015-04-30 00:00:00+05:30,357.3555180243596,358.2671392438095,352.3051453711582,354.1192626953125,13134260,0.0,0.0
2015-05-04 00:00:00+05:30,357.2644418304116,364.64857548396185,355.51413311936517,363.3905334472656,13361592,0.0,0.0
2015-05-05 00:00:00+05:30,364.6485432289677,365.32313413138894,355.9061033076055,357.8569641113281,9408516,0.0,0.0
2015-05-06 00:00:00+05:30,360.0904633686185,360.0904633686185,349.20571244175045,350.4364013671875,10508408,0.0,0.0
2015-05-07 00:00:00+05:30,350.427220850815,358.65004036435283,348.2393297737027,354.4383544921875,6779984,0.0,0.0
2015-05-08 00:00:00+05:30,356.99096715825647,358.73217306610167,354.6663324129716,356.9818420410156,5777676,0.0,0.0
2015-05-11 00:00:00+05:30,358.2671889282752,364.64853834938947,355.9334293802869,363.49078369140625,4785512,0.0,0.0
2015-05-12 00:00:00+05:30,363.49074271493055,363.6639418485695,354.07369082237,355.0035400390625,8284892,0.0,0.0
2015-05-13 00:00:00+05:30,355.85140997546614,358.24897868506315,351.6123705073326,356.75390625,7099084,0.0,0.0
2015-05-14 00:00:00+05:30,357.35557968191813,357.501448004749,347.87471736382645,352.7610168457031,6233844,0.0,0.0
2015-05-15 00:00:00+05:30,352.79750776819566,358.5589509889991,352.30524107851437,357.6746826171875,5189344,0.0,0.0
2015-05-18 00:00:00+05:30,359.1787950449885,364.4479706520005,357.64726679758166,363.3813781738281,6469976,0.0,0.0
2015-05-19 00:00:00+05:30,362.33299797407886,371.1574740405917,362.0959675419179,368.72344970703125,10272076,0.0,0.0
2015-05-20 00:00:00+05:30,371.94151536518956,374.1294066320436,370.7746355715912,373.2724914550781,5882188,0.0,0.0
2015-05-21 00:00:00+05:30,373.5641537126137,375.93436906218193,371.44009391598854,373.48211669921875,10059312,0.0,0.0
2015-05-22 00:00:00+05:30,372.6707766367038,374.04733366235075,370.1364650448947,373.1174621582031,6888824,0.0,0.0
2015-05-25 00:00:00+05:30,373.85589706031357,374.95896774156074,365.9339168249621,367.7115783691406,4675808,0.0,0.0
2015-05-26 00:00:00+05:30,368.29506278414203,370.38266698499405,365.0405786855686,365.97955322265625,3965040,0.0,0.0
2015-05-27 00:00:00+05:30,365.9248501576837,366.28949873781096,356.4439870743755,358.9053649902344,8454708,0.0,0.0
2015-05-28 00:00:00+05:30,360.12691070095536,370.4829387577605,360.12691070095536,367.6751403808594,10980540,0.0,0.0
2015-05-29 00:00:00+05:30,365.5328111778447,374.9407391337125,364.83086718401415,368.8693542480469,18993044,0.0,0.0
2015-06-01 00:00:00+05:30,370.62881371631255,376.31732247914204,368.88760790015704,373.3636779785156,5724892,0.0,0.0
2015-06-02 00:00:00+05:30,373.4183838475173,374.6946538354558,365.56018940239,366.2256774902344,4673140,0.0,0.0
2015-06-03 00:00:00+05:30,367.96684805966225,371.84123895771353,366.10714933115025,368.4591369628906,5495796,0.0,0.0
2015-06-04 00:00:00+05:30,370.11824923590564,374.6763557535892,366.94580264832194,369.7627258300781,7489464,0.0,0.0
2015-06-05 00:00:00+05:30,370.1182593495154,372.67079906916723,366.1344785954777,366.7726135253906,6125788,0.0,0.0
2015-06-08 00:00:00+05:30,368.2949831577701,369.142795367305,362.278282937866,364.6576232910156,6141048,0.0,0.0
2015-06-09 00:00:00+05:30,365.33227321476073,366.04334235251866,361.54904443412124,363.20819091796875,7561740,0.0,0.0
2015-06-10 00:00:00+05:30,362.82523726758154,371.82293405206246,361.91361606841673,369.4800720214844,6385840,0.0,0.0
2015-06-11 00:00:00+05:30,371.203068056496,372.8075304462354,363.7460236313753,364.2200622558594,9229464,0.0,0.0
2015-06-12 00:00:00+05:30,365.5601821521038,369.3069550163651,356.53513027353563,360.0995788574219,9852924,0.0,0.0
2015-06-15 00:00:00+05:30,361.64502770405613,369.73339960371766,358.33193351078074,366.6424255371094,5236426,7.375,2.0
2015-06-16 00:00:00+05:30,368.08612353765085,371.28816912849237,364.6249716765354,369.93701171875,5223444,0.0,0.0
2015-06-17 00:00:00+05:30,374.24955878699353,377.95133483829915,367.29022432930867,368.5858459472656,6412068,0.0,0.0
2015-06-18 00:00:00+05:30,372.25057924097,373.1205101425991,368.6228433409552,370.8994445800781,3474426,0.0,0.0
2015-06-19 00:00:00+05:30,373.99052092504417,374.0275522508746,367.62346004911853,368.45635986328125,6670458,0.0,0.0
2015-06-22 00:00:00+05:30,371.99146987113176,380.82019637034404,369.0670578675412,379.0063171386719,5710868,0.0,0.0
2015-06-23 00:00:00+05:30,379.43201233466544,380.3204475474265,369.4927535369007,370.3256530761719,6952116,0.0,0.0
2015-06-24 00:00:00+05:30,375.73037604060625,375.73037604060625,366.92015105221805,368.36383056640625,7073694,0.0,0.0
2015-06-25 00:00:00+05:30,369.8814796881624,371.4732389236245,365.60593272754215,366.6424255371094,7117466,0.0,0.0
2015-06-26 00:00:00+05:30,369.80742271288625,374.4716514392935,369.4742538350653,372.12103271484375,5320284,0.0,0.0
2015-06-29 00:00:00+05:30,365.3653035533476,369.99252370979826,363.6995042970253,366.5313720703125,5690668,0.0,0.0
2015-06-30 00:00:00+05:30,366.4757896251083,367.7529067440861,362.7740139723294,364.38427734375,6212530,0.0,0.0
2015-07-01 00:00:00+05:30,366.1056782949223,372.028520410917,364.9951453981733,369.2151794433594,6880852,0.0,0.0
2015-07-02 00:00:00+05:30,369.80745814396784,370.6958935073792,364.6434756060704,365.7355041503906,4007568,0.0,0.0
2015-07-03 00:00:00+05:30,365.73547955864615,367.5863676130927,363.51441389331023,366.5868835449219,2695306,0.0,0.0
2015-07-06 00:00:00+05:30,364.62503414722437,365.7355672461499,360.92325715080585,363.9957275390625,4305602,0.0,0.0
2015-07-07 00:00:00+05:30,364.6250281365534,366.47591660425167,362.4039619753155,362.959228515625,3497418,0.0,0.0
2015-07-08 00:00:00+05:30,362.40391832954265,362.40391832954265,353.4456147059973,354.4450988769531,7024178,0.0,0.0
2015-07-09 00:00:00+05:30,354.4450251532516,357.5915345149254,345.76435657198243,347.2265625,8587772,0.0,0.0
2015-07-10 00:00:00+05:30,350.9654391981363,352.44614987521965,345.2462122829835,347.04156494140625,7411522,0.0,0.0
2015-07-13 00:00:00+05:30,348.33719987810315,353.5196874427083,345.7644604611893,351.7243347167969,6531768,0.0,0.0
2015-07-14 00:00:00+05:30,353.5196475074405,360.3679338727679,350.00295991443454,359.5350341796875,5367074,0.0,0.0
2015-07-15 00:00:00+05:30,359.0723645590185,364.9767033197648,358.33200916817515,364.2548522949219,4129566,0.0,0.0
2015-07-16 00:00:00+05:30,365.62441479252203,367.0310851335686,362.58895399730756,366.1241455078125,3472938,0.0,0.0
2015-07-17 00:00:00+05:30,366.84606913114226,371.8434676510922,366.1427225241271,370.86248779296875,3447978,0.0,0.0
2015-07-20 00:00:00+05:30,370.6958555014318,374.1755113646965,365.51336913185474,370.64031982421875,4377180,0.0,0.0
2015-07-21 00:00:00+05:30,383.1337849289328,425.3340279066124,383.1337849289328,411.8780822753906,38310112,0.0,0.0
2015-07-22 00:00:00+05:30,409.04636146046175,411.6376053792158,398.5518326270494,408.3615417480469,12665660,0.0,0.0
2015-07-23 00:00:00+05:30,408.65758648431284,413.4884227481696,403.4936264955281,406.4550476074219,7710748,0.0,0.0
2015-07-24 00:00:00+05:30,405.54819493735954,409.5830956935867,400.93945548669916,402.6052551269531,4480302,0.0,0.0
2015-07-27 00:00:00+05:30,402.3460158013083,402.7346751429223,392.55479181786603,394.3501892089844,6752244,0.0,0.0
2015-07-28 00:00:00+05:30,395.53484173756186,398.3111742719856,390.2598099221568,393.4433288574219,8476602,0.0,0.0
2015-07-29 00:00:00+05:30,397.5707982491784,404.23399598519813,394.23919938116853,401.79083251953125,7071334,0.0,0.0
2015-07-30 00:00:00+05:30,403.4936720233097,403.4936720233097,391.6479862391392,396.0901184082031,11956598,0.0,0.0
2015-07-31 00:00:00+05:30,399.2550649790109,400.2915351371102,392.3882524854378,398.6997985839844,7931012,0.0,0.0
2015-08-03 00:00:00+05:30,399.0515170230931,404.2340042571592,395.70139112884783,399.4031677246094,7961012,0.0,0.0
2015-08-04 00:00:00+05:30,399.05145501808573,399.4031056649622,389.05665976253067,391.3702697753906,9099054,0.0,0.0
2015-08-05 00:00:00+05:30,393.1286697083021,403.49364405089386,393.11014275046665,402.1424865722656,4753476,0.0,0.0
2015-08-06 00:00:00+05:30,404.9743026791344,409.2313451661637,398.6812833504824,402.3645324707031,7238252,0.0,0.0
2015-08-07 00:00:00+05:30,399.6067688106779,407.56558819875534,399.2365911647208,405.5666198730469,4988058,0.0,0.0
2015-08-10 00:00:00+05:30,406.4550405259949,409.54601472014184,394.9795339173375,402.0129089355469,3992754,0.0,0.0
2015-08-11 00:00:00+05:30,406.7511599384641,413.4513653782889,405.6035732424615,410.5824890136719,7574406,0.0,0.0
2015-08-12 00:00:00+05:30,412.74802558420464,425.33406403251223,411.2673151785214,423.6312561035156,10168440,0.0,0.0
2015-08-13 00:00:00+05:30,424.593816832969,431.94183505273753,390.74108464704483,428.665771484375,9787960,0.0,0.0
2015-08-14 00:00:00+05:30,431.2569024030193,432.6265414428693,423.1500039555008,425.4266052246094,5109066,0.0,0.0
2015-08-17 00:00:00+05:30,425.70428631753373,426.9813811014062,415.5244012099405,422.79840087890625,3107436,0.0,0.0
2015-08-18 00:00:00+05:30,425.70434708081217,435.9582511049804,425.70434708081217,431.0163879394531,4150446,0.0,0.0
2015-08-19 00:00:00+05:30,433.1078494878457,439.10470932875074,430.44258848915484,435.162353515625,6869518,0.0,0.0
2015-08-20 00:00:00+05:30,429.0358089757585,432.5524959345762,417.56030416277446,419.9849853515625,8369114,0.0,0.0
2015-08-21 00:00:00+05:30,422.33566816731934,429.757702554877,413.6735025659818,425.6672668457031,10822142,0.0,0.0
2015-08-24 00:00:00+05:30,410.8786769438177,415.70951349720565,399.2736163035868,404.2525329589844,14122684,0.0,0.0
2015-08-25 00:00:00+05:30,407.1954018852787,414.22877700875176,386.65054297197605,401.88336181640625,13735078,0.0,0.0
2015-08-26 00:00:00+05:30,403.41962957821875,406.08489063951384,392.01813964197373,394.09112548828125,11498212,0.0,0.0
2015-08-27 00:00:00+05:30,402.75330546955695,407.2324462446831,399.0700557234785,400.8283996582031,15343392,0.0,0.0
2015-08-28 00:00:00+05:30,407.7876223139791,416.41277819814377,407.7876223139791,411.28582763671875,7208820,0.0,0.0
2015-08-31 00:00:00+05:30,420.096041370561,420.096041370561,400.71725299975185,405.12237548828125,9917064,0.0,0.0
2015-09-01 00:00:00+05:30,403.4936212376786,412.5999820005487,400.53220016437456,403.1234436035156,9071550,0.0,0.0
2015-09-02 00:00:00+05:30,406.45505126520345,412.74807118461,403.4936301266591,406.9917907714844,11171830,0.0,0.0
2015-09-03 00:00:00+05:30,410.9526786545947,411.63749818868234,404.41903486612904,406.9547424316406,8590536,0.0,0.0
2015-09-04 00:00:00+05:30,408.3059242778704,411.26734530617773,394.9795296504875,397.55224609375,7318888,0.0,0.0
2015-09-07 00:00:00+05:30,401.62414095847214,401.64266791225464,390.53734068887434,391.9255065917969,5180988,0.0,0.0
2015-09-08 00:00:00+05:30,393.1286421350083,397.5707736845564,389.53793720753646,391.944091796875,5459496,0.0,0.0
2015-09-09 00:00:00+05:30,402.420053987836,407.0472739195969,396.8303813478079,403.0123291015625,9148664,0.0,0.0
2015-09-10 00:00:00+05:30,401.60569147326487,404.0488546212504,392.7584377032952,399.9583740234375,8363004,0.0,0.0
2015-09-11 00:00:00+05:30,404.0674004063485,409.5645290424101,401.82780772350594,403.771240234375,9883810,0.0,0.0
2015-09-14 00:00:00+05:30,406.82518052198475,408.67606851344055,400.77278582746334,407.1028137207031,6557076,0.0,0.0
2015-09-15 00:00:00+05:30,406.9732020259128,408.37984958435277,402.8087046445055,406.8991394042969,5291886,0.0,0.0
2015-09-16 00:00:00+05:30,410.1568323970713,410.80464327856487,406.56612730044446,407.80621337890625,7478240,0.0,0.0
2015-09-18 00:00:00+05:30,411.56346228393,413.82153654345365,406.84369801547984,408.8426208496094,11576876,0.0,0.0
2015-09-21 00:00:00+05:30,407.1953825564052,410.4714454603422,404.41905040261156,408.9167175292969,4351234,0.0,0.0
2015-09-22 00:00:00+05:30,412.74804513333544,420.50324817533567,407.60256719234,409.95318603515625,9626986,0.0,0.0
2015-09-23 00:00:00+05:30,409.953264204245,416.94963157406244,406.25148730886076,413.2108459472656,4758254,0.0,0.0
2015-09-24 00:00:00+05:30,412.19279271454695,426.7037377956507,410.8971710041734,422.20611572265625,13399262,0.0,0.0
2015-09-28 00:00:00+05:30,421.98398312773554,423.05750732250897,407.5655821082504,409.2499084472656,9788464,0.0,0.0
2015-09-29 00:00:00+05:30,407.9356458160028,419.55922951653713,406.2698468993313,415.2836608886719,8699370,0.0,0.0
2015-09-30 00:00:00+05:30,419.929502306259,432.71911199938273,416.8014742961432,430.12786865234375,9495692,0.0,0.0
2015-10-01 00:00:00+05:30,433.07077845926256,443.38021546702237,429.4060112224971,434.2368469238281,10864394,0.0,0.0
2015-10-05 00:00:00+05:30,434.2184039060021,440.27079973108977,430.14644956417254,437.45745849609375,6881760,0.0,0.0
2015-10-06 00:00:00+05:30,439.4194276899746,441.4554049048197,425.0009801194941,427.4071350097656,8711880,0.0,0.0
2015-10-07 00:00:00+05:30,427.92532780275366,432.64509244763696,417.72691631853456,419.4852600097656,9182488,0.0,0.0
2015-10-08 00:00:00+05:30,420.6699348659325,425.55626228621674,416.8386048218793,419.0966796875,9080874,0.0,0.0
2015-10-09 00:00:00+05:30,420.52179881487024,434.1813627610975,420.52179881487024,432.1453857421875,11782138,0.0,0.0
2015-10-12 00:00:00+05:30,443.84306018493504,451.5427743833263,410.52706734369724,415.67254638671875,30404970,0.0,0.0
2015-10-13 00:00:00+05:30,409.95313845811074,411.267286927962,401.7166873922717,406.9732360839844,15326862,0.0,0.0
2015-10-14 00:00:00+05:30,404.0304050983038,412.95172321143275,402.45714998035345,406.3070068359375,8865510,0.0,0.0
2015-10-15 00:00:00+05:30,407.1583875430637,408.8056599347078,403.1604510318901,406.21441650390625,8255666,0.0,0.0
2015-10-16 00:00:00+05:30,410.56661971268824,411.46322563708276,407.2043816986626,409.0349426269531,6418992,5.0,0.0
2015-10-19 00:00:00+05:30,411.6873271370347,416.9174746687212,411.12695418721114,415.4044494628906,7347494,0.0,0.0
2015-10-20 00:00:00+05:30,415.79683512684926,422.1477301826951,414.90022905713283,420.63470458984375,8788310,0.0,0.0
2015-10-21 00:00:00+05:30,420.27969826201,428.44245483649007,420.27969826201,425.28570556640625,7278098,0.0,0.0
2015-10-23 00:00:00+05:30,426.55596499958847,430.740065346204,420.3171179574148,429.58197021484375,6033362,0.0,0.0
2015-10-26 00:00:00+05:30,431.1136945903935,432.7948138500614,427.060338384961,430.4225769042969,3195942,0.0,0.0
2015-10-27 00:00:00+05:30,429.6192511378378,431.4871609253936,427.41510846786866,429.3951110839844,5263748,0.0,0.0
2015-10-28 00:00:00+05:30,427.56470389744317,432.6080621347656,425.5100023933489,430.8148498535156,5255472,0.0,0.0
2015-10-29 00:00:00+05:30,430.77726532832367,431.8233128545606,424.4077215088066,427.76995849609375,5887324,0.0,0.0
2015-10-30 00:00:00+05:30,427.7514118260868,427.7514118260868,422.14768154015553,424.1836853027344,4044676,0.0,0.0
2015-11-02 00:00:00+05:30,422.1476366141889,424.31443033546316,416.20767402259213,422.5959167480469,3544988,0.0,0.0
2015-11-03 00:00:00+05:30,423.41789879935743,429.7874453027714,423.41789879935743,427.938232421875,3614682,0.0,0.0
2015-11-04 00:00:00+05:30,429.6566627120945,432.458527800996,423.0069302630654,424.68804931640625,3205572,0.0,0.0
2015-11-05 00:00:00+05:30,426.98562422503375,427.75148573775465,418.18779351789874,419.4953308105469,2345306,0.0,0.0
2015-11-06 00:00:00+05:30,419.5326504023505,427.3405245215896,419.49530131727136,425.24847412109375,3026172,0.0,0.0
2015-11-09 00:00:00+05:30,418.41180129242184,425.8834406012151,416.6185896170046,423.8660888671875,6125676,0.0,0.0
2015-11-10 00:00:00+05:30,421.21385822647323,421.21385822647323,410.97769858217447,412.3786315917969,4680052,0.0,0.0
2015-11-13 00:00:00+05:30,410.92155451948963,413.1817441460479,407.2044313916747,411.2391357421875,3520868,0.0,0.0
2015-11-16 00:00:00+05:30,404.8321286230541,408.69869306106744,398.6866775857224,403.5432434082031,6808334,0.0,0.0
2015-11-17 00:00:00+05:30,403.468517244171,404.55191405001705,393.0082223526555,396.5572509765625,7184106,0.0,0.0
2015-11-18 00:00:00+05:30,388.8989032520968,390.4492778372056,377.78483757318236,381.0536804199219,10125252,0.0,0.0
2015-11-19 00:00:00+05:30,384.8828871392559,393.0082963072043,382.47327848084717,391.43927001953125,8539622,0.0,0.0
2015-11-20 00:00:00+05:30,391.51400566576046,397.19243483486804,389.29121061154626,393.15777587890625,6082978,0.0,0.0
2015-11-23 00:00:00+05:30,392.2611058850243,396.8935318751781,387.7781218177669,393.6433410644531,5616350,0.0,0.0
2015-11-24 00:00:00+05:30,392.26114803893165,392.56003191684357,387.40458144416397,388.9549560546875,4325802,0.0,0.0
2015-11-26 00:00:00+05:30,388.88023385580016,395.81019943022255,388.5440464785964,393.15777587890625,9853968,0.0,0.0
2015-11-27 00:00:00+05:30,395.2498007278086,399.7327852351183,390.393234178223,398.36920166015625,5142478,0.0,0.0
2015-11-30 00:00:00+05:30,399.73273401924155,410.30512270236716,394.5772842550682,406.41986083984375,18105534,0.0,0.0
2015-12-01 00:00:00+05:30,406.4571470980074,409.07222065470415,400.8347207098039,403.09490966796875,5898550,0.0,0.0
2015-12-02 00:00:00+05:30,403.44990767148926,403.44990767148926,395.6233821395945,396.2584533691406,6397616,0.0,0.0
2015-12-03 00:00:00+05:30,396.3705442172082,397.79017420972076,391.90625708302804,395.1564025878906,5504726,0.0,0.0
2015-12-04 00:00:00+05:30,391.8875526570379,397.8275161029999,388.5626634423431,391.90625,8375530,0.0,0.0
2015-12-07 00:00:00+05:30,394.2411961512825,395.6234316371248,388.5253719571386,390.8602600097656,4513870,0.0,0.0
2015-12-08 00:00:00+05:30,390.411996424051,397.02438143027035,388.26389932386365,390.1691589355469,5724372,0.0,0.0
2015-12-09 00:00:00+05:30,389.64600542632365,391.1216360071004,382.00624936938283,384.1169738769531,6818254,0.0,0.0
2015-12-10 00:00:00+05:30,387.25514166739066,392.8588723849487,384.90160212798264,391.2711486816406,5587746,0.0,0.0
2015-12-11 00:00:00+05:30,393.7554701480821,396.7067773846481,390.729464744829,393.30718994140625,5390198,0.0,0.0
2015-12-14 00:00:00+05:30,392.07440911748245,400.9096347942405,391.53273332047235,399.5460510253906,4816672,0.0,0.0
2015-12-15 00:00:00+05:30,400.94686292452155,403.1323084026177,395.54862151592545,402.55328369140625,5431808,0.0,0.0
2015-12-16 00:00:00+05:30,404.7388141582605,410.19310313022885,404.7388141582605,409.389892578125,5495852,0.0,0.0
2015-12-17 00:00:00+05:30,410.9401977845632,414.6013196061342,406.45721380873164,413.5926208496094,4958782,0.0,0.0
2015-12-18 00:00:00+05:30,412.21045295326786,412.21045295326786,403.2631352797264,404.6454162597656,7219820,0.0,0.0
2015-12-21 00:00:00+05:30,402.34783867668233,413.7047412938749,398.2197390821903,412.22906494140625,4331012,0.0,0.0
2015-12-22 00:00:00+05:30,409.98753127249466,409.98753127249466,403.50589295220414,404.8694763183594,4109254,0.0,0.0
2015-12-23 00:00:00+05:30,409.0909727863189,411.8741403459884,406.10231689265186,411.2577209472656,2870928,0.0,0.0
2015-12-24 00:00:00+05:30,411.706074468532,412.6026348145016,407.2417420642241,409.5766296386719,1230054,0.0,0.0
2015-12-28 00:00:00+05:30,407.2044473040776,414.67608853901476,407.2044473040776,412.71478271484375,5526952,0.0,0.0
2015-12-29 00:00:00+05:30,411.40714433193494,414.67598656839755,409.93151379221035,412.69598388671875,3345062,0.0,0.0
2015-12-30 00:00:00+05:30,411.35116070855,413.40586185654803,404.5893351421569,405.8221740722656,5153970,0.0,0.0
2015-12-31 00:00:00+05:30,407.260454671212,414.65735142235184,406.08366216892676,412.95758056640625,7943938,0.0,0.0
2016-01-01 00:00:00+05:30,410.9402445801996,414.28378560160974,408.39986846330237,412.90155029296875,1806550,0.0,0.0
2016-01-04 00:00:00+05:30,410.9214906966169,411.8554456694291,401.99291763914806,403.0576171875,3975362,0.0,0.0
2016-01-05 00:00:00+05:30,405.5232536376736,405.5232536376736,396.83747229536505,401.2457580566406,4949786,0.0,0.0
2016-01-06 00:00:00+05:30,401.4699015036309,401.4699015036309,395.5859850610385,399.4898986816406,5588328,0.0,0.0
2016-01-07 00:00:00+05:30,396.01566196556325,398.9482718753644,391.4766310334371,392.5600280761719,5294088,0.0,0.0
2016-01-08 00:00:00+05:30,396.55733145675924,398.76147459116373,394.31583923938706,397.22979736328125,3156716,0.0,0.0
2016-01-11 00:00:00+05:30,394.6146275445974,399.71398462157083,393.0455560104584,394.39044189453125,5360622,0.0,0.0
2016-01-12 00:00:00+05:30,396.7440824467312,397.09896710403325,385.10699407163656,392.2424011230469,6565212,0.0,0.0
2016-01-13 00:00:00+05:30,394.87619508399405,407.5779837621925,391.5513059858108,404.73876953125,8751294,0.0,0.0
2016-01-14 00:00:00+05:30,398.2384944690189,431.487299354331,393.88625414708315,423.26849365234375,30227006,0.0,0.0
2016-01-15 00:00:00+05:30,428.87210471210244,434.8494162760342,424.9681913382168,425.8460998535156,13036614,0.0,0.0
2016-01-18 00:00:00+05:30,425.84610823335504,434.13960995020335,421.53121812192575,422.8574523925781,10066612,0.0,0.0
2016-01-19 00:00:00+05:30,424.0155811158361,432.96285200908585,421.60599539397583,425.75274658203125,7500436,0.0,0.0
2016-01-20 00:00:00+05:30,423.6420777591973,433.35521181716837,417.2911824136009,418.87890625,7507998,0.0,0.0
2016-01-21 00:00:00+05:30,424.0156022235358,426.81746743646664,419.1590358544556,424.7814636230469,6743000,0.0,0.0
2016-01-22 00:00:00+05:30,428.9095739951261,430.5533442565448,422.52132959145524,424.4826354980469,6436018,0.0,0.0
2016-01-25 00:00:00+05:30,425.97685823920676,428.4424902186438,420.1116393181769,425.00555419921875,4579262,0.0,0.0
2016-01-27 00:00:00+05:30,428.2930481367968,429.46984050930735,424.015552653102,425.3230895996094,6971962,0.0,0.0
2016-01-28 00:00:00+05:30,424.38922534951763,426.8548578550121,420.7281028754371,421.998291015625,7788598,0.0,0.0
2016-01-29 00:00:00+05:30,425.13627448833216,437.0908973210445,422.7453408011363,435.1856384277344,10232108,0.0,0.0
2016-02-01 00:00:00+05:30,437.0909167138902,440.7893874375077,433.9528189604187,438.3424072265625,4251126,0.0,0.0
2016-02-02 00:00:00+05:30,439.65002749758105,444.56264058775673,434.84950726399063,439.1643981933594,7632702,0.0,0.0
2016-02-03 00:00:00+05:30,436.2690949576061,439.2951001556722,430.6466673957109,432.4958801269531,5245966,0.0,0.0
2016-02-04 00:00:00+05:30,433.3739407360554,446.4119197657475,433.3739407360554,440.7334899902344,5549346,0.0,0.0
2016-02-05 00:00:00+05:30,439.1456245527708,443.3110728174174,437.7820411831865,438.84674072265625,3984224,0.0,0.0
2016-02-08 00:00:00+05:30,434.75608187620827,437.9128317481994,427.303138713926,429.918212890625,4221044,0.0,0.0
2016-02-09 00:00:00+05:30,421.5126039172761,421.5126039172761,408.5119316109809,413.7981262207031,7579572,0.0,0.0
2016-02-10 00:00:00+05:30,413.9288805429918,421.21372997493074,412.80813447653964,414.1343688964844,5866054,0.0,0.0
2016-02-11 00:00:00+05:30,415.0496334099529,415.79679746649646,400.16239870397726,402.9642639160156,5214378,0.0,0.0
2016-02-12 00:00:00+05:30,408.96031387399876,412.58408767016925,398.6121077619791,405.2058410644531,7408096,0.0,0.0
2016-02-15 00:00:00+05:30,409.53930396413483,411.01493475421194,405.93422822249556,407.8581848144531,5093478,0.0,0.0
2016-02-16 00:00:00+05:30,406.0836411249404,408.2317376626298,401.1149821964542,403.1510314941406,5125448,0.0,0.0
2016-02-17 00:00:00+05:30,404.1223022026695,412.0609191860823,402.34778781814197,410.136962890625,4164598,0.0,0.0
2016-02-18 00:00:00+05:30,410.94020923637817,421.02692346308925,410.94020923637817,419.6820373535156,4189072,0.0,0.0
2016-02-19 00:00:00+05:30,418.1130379163378,423.716769012089,416.11438294617597,421.1203918457031,3974018,0.0,0.0
2016-02-22 00:00:00+05:30,422.5211599101015,423.62320835468046,416.1889644816663,420.8960876464844,3857010,0.0,0.0
2016-02-23 00:00:00+05:30,422.24104143194916,423.08160090394375,416.9361954500024,419.8688049316406,2501960,0.0,0.0
2016-02-24 00:00:00+05:30,418.22501601877974,427.2843788043585,417.79538763200594,420.41046142578125,4950714,0.0,0.0
2016-02-25 00:00:00+05:30,420.4292574487993,422.3718659102659,411.3511951925831,414.7881774902344,4484528,0.0,0.0
2016-02-26 00:00:00+05:30,418.4679706591721,422.8949091296702,416.917595926424,418.841552734375,4235636,0.0,0.0
2016-02-29 00:00:00+05:30,421.96094567975496,422.2971786615103,399.0977413663073,404.9816589355469,8166076,0.0,0.0
2016-03-01 00:00:00+05:30,408.9976529655308,422.2598159475456,408.9976529655308,420.4479064941406,6386154,0.0,0.0
2016-03-02 00:00:00+05:30,424.781418366145,434.66264372300935,420.27973716234254,431.86077880859375,7214898,0.0,0.0
2016-03-03 00:00:00+05:30,436.3437624296553,445.62726572028294,431.1136145923136,436.8294372558594,5814304,0.0,0.0
2016-03-04 00:00:00+05:30,439.1830753223007,442.6947559245524,433.0189711258829,437.3338623046875,4281680,0.0,0.0
2016-03-08 00:00:00+05:30,434.47585776051193,444.7493625656831,428.64798779168717,434.6439514160156,7617746,0.0,0.0
2016-03-09 00:00:00+05:30,427.75147986300783,442.22778540422314,426.9856183608053,440.2664794921875,6305782,0.0,0.0
2016-03-10 00:00:00+05:30,434.43849486380293,434.43849486380293,425.6406209691707,426.8174133300781,24381016,0.0,0.0
2016-03-11 00:00:00+05:30,428.1997167497013,431.8421416460216,425.2110604245154,427.0042724609375,4058548,0.0,0.0
2016-03-14 00:00:00+05:30,428.1250297099814,431.2070816254328,425.32316433229823,426.3318176269531,4174262,0.0,0.0
2016-03-15 00:00:00+05:30,427.37785183587005,431.3004632382098,421.7554239178727,423.7914733886719,6720258,0.0,0.0
2016-03-16 00:00:00+05:30,426.5932530298482,431.487167628619,422.7266888301932,430.5345153808594,5588850,0.0,0.0
2016-03-17 00:00:00+05:30,432.1970170688053,436.99753656093856,431.1323175088023,434.0088806152344,6474622,0.0,0.0
2016-03-18 00:00:00+05:30,434.4011339663955,447.92478307050305,434.1022501483941,445.8327331542969,8477422,0.0,0.0
2016-03-21 00:00:00+05:30,443.81546328129366,447.9248657190834,440.8455043062016,446.3931884765625,5138392,0.0,0.0
2016-03-22 00:00:00+05:30,445.02958967134003,446.05694024560756,437.8381356514674,444.5439147949219,7097950,0.0,0.0
2016-03-23 00:00:00+05:30,444.56259377876023,452.29572317713206,441.6112867666332,451.2123718261719,6333176,0.0,0.0
2016-03-28 00:00:00+05:30,460.4025036445114,462.1209718646627,446.7107131019971,450.1289978027344,10787510,0.0,0.0
2016-03-29 00:00:00+05:30,447.92479507787215,455.35908561808367,445.1416275616067,447.2710266113281,6995356,0.0,0.0
2016-03-30 00:00:00+05:30,447.40177872691413,452.0342044886084,446.6359630151557,450.52117919921875,5756818,0.0,0.0
2016-03-31 00:00:00+05:30,452.12771678576445,459.46861385092836,448.4105932943621,455.13507080078125,17996320,0.0,0.0
2016-04-01 00:00:00+05:30,454.27565846275553,456.5918483484796,446.4677864622737,450.3343505859375,5511428,0.0,0.0
2016-04-04 00:00:00+05:30,453.3604408841398,466.2303221608125,453.3604408841398,464.6239013671875,4577054,0.0,0.0
2016-04-05 00:00:00+05:30,463.98900056261624,464.10109344174805,453.5287010330242,455.69549560546875,4790716,0.0,0.0
2016-04-06 00:00:00+05:30,458.75868201876875,458.75868201876875,446.80405838310054,448.55987548828125,4931354,0.0,0.0
2016-04-07 00:00:00+05:30,451.43648000024626,451.43648000024626,438.95883257490976,441.3871154785156,5657890,0.0,0.0
2016-04-08 00:00:00+05:30,439.27637331974483,439.8927927231957,434.120969225588,435.5032043457031,4195578,0.0,0.0
2016-04-11 00:00:00+05:30,435.52198725737384,443.3485132353849,430.0303035696763,442.2838134765625,5768678,0.0,0.0
2016-04-12 00:00:00+05:30,441.01354944901084,446.3931393507458,440.30373453085286,441.64862060546875,5842138,0.0,0.0
2016-04-13 00:00:00+05:30,446.411809182677,446.411809182677,435.72737270784563,438.099609375,12511386,0.0,0.0
2016-04-18 00:00:00+05:30,466.97756845822045,473.6646963591978,460.8134645545719,462.7560729980469,25015990,0.0,0.0
2016-04-20 00:00:00+05:30,464.73614240332654,465.65140032671377,457.9369662782895,464.5867004394531,8072848,0.0,0.0
2016-04-21 00:00:00+05:30,467.35111503755286,467.35111503755286,455.0602572480446,458.1236572265625,5441100,0.0,0.0
2016-04-22 00:00:00+05:30,458.12355564244024,458.9454176769906,450.9134058902138,452.5011291503906,5143938,0.0,0.0
2016-04-25 00:00:00+05:30,452.8000812894692,457.5632517889238,448.7093310279746,454.21966552734375,5364134,0.0,0.0
2016-04-26 00:00:00+05:30,454.0702351119217,463.073598021635,451.51120746802843,460.30908203125,5846744,0.0,0.0
2016-04-27 00:00:00+05:30,459.2069489549851,464.11956108461317,458.9641571519854,463.2976989746094,4486208,0.0,0.0
2016-04-28 00:00:00+05:30,459.8794632793144,463.092259507321,450.91349486444557,451.7167053222656,12165168,0.0,0.0
2016-04-29 00:00:00+05:30,452.57592302807603,457.0963019840617,450.1663372236657,451.3244323730469,5036410,0.0,0.0
2016-05-02 00:00:00+05:30,452.03427593570973,452.4639044095272,446.86017371610933,448.69073486328125,3615250,0.0,0.0
2016-05-03 00:00:00+05:30,449.32570398878045,452.85603528203535,437.7633605269462,440.0048522949219,6824810,0.0,0.0
2016-05-04 00:00:00+05:30,441.200355419348,445.6833395557004,437.33379072239865,444.1329650878906,5812842,0.0,0.0
2016-05-05 00:00:00+05:30,446.48654301514233,447.9248246157311,441.23769759630966,445.47784423828125,6302668,0.0,0.0
2016-05-06 00:00:00+05:30,444.48786419673564,444.48786419673564,439.7246938858164,441.3871154785156,2596720,0.0,0.0
2016-05-09 00:00:00+05:30,441.57389058599244,448.8774363746399,441.0508667049155,447.9434814453125,5123678,0.0,0.0
2016-05-10 00:00:00+05:30,449.2323787037035,454.51857340328337,447.02823566674783,453.0802917480469,3395704,0.0,0.0
2016-05-11 00:00:00+05:30,447.73804184985005,453.79005220926473,445.49654977550784,448.9895324707031,3709888,0.0,0.0
2016-05-12 00:00:00+05:30,449.75542990257117,453.1550173672763,447.10300652256063,452.0342712402344,3406932,0.0,0.0
2016-05-13 00:00:00+05:30,450.53994993019063,452.0342781223306,445.3658476855616,451.0069274902344,5652064,0.0,0.0
2016-05-16 00:00:00+05:30,452.10897907917024,457.13368501819883,450.16637065871754,453.9021911621094,4533878,0.0,0.0
2016-05-17 00:00:00+05:30,455.76998344045967,457.91807967388803,451.3430464104821,453.62188720703125,3796294,0.0,0.0
2016-05-18 00:00:00+05:30,447.9247940514319,453.5285237518251,447.51386299405686,451.9781494140625,4256596,0.0,0.0
2016-05-19 00:00:00+05:30,452.38914152010335,454.33179544035687,448.67201855853466,450.446533203125,3954400,0.0,0.0
2016-05-20 00:00:00+05:30,450.1663672814983,455.58330697077776,448.29845704381574,448.89617919921875,3994548,0.0,0.0
2016-05-23 00:00:00+05:30,449.5686326987621,450.222401263879,442.69471409344914,443.8154602050781,4585946,0.0,0.0
2016-05-24 00:00:00+05:30,444.9548848103132,445.2163739839722,439.9301792607386,443.7220458984375,3485060,0.0,0.0
2016-05-25 00:00:00+05:30,446.0942405688553,453.19229830614756,446.0942405688553,451.5298767089844,3857396,0.0,0.0
2016-05-26 00:00:00+05:30,452.07157837051903,463.1669913605197,452.07157837051903,461.0562438964844,6136436,0.0,0.0
2016-05-27 00:00:00+05:30,460.1036458748824,470.52659424072755,460.1036458748824,466.0436096191406,6180764,0.0,0.0
2016-05-30 00:00:00+05:30,463.8020399470194,475.1962906263461,463.8020399470194,473.5525207519531,5285700,0.0,0.0
2016-05-31 00:00:00+05:30,472.5813244010304,473.2350930316247,462.86819046077204,466.4732666015625,13782038,0.0,0.0
2016-06-01 00:00:00+05:30,465.50190835687425,473.888806718505,465.4832110139986,470.0408935546875,4840534,0.0,0.0
2016-06-02 00:00:00+05:30,468.84549965949395,476.2797920018424,468.4719175880521,471.29248046875,5053552,0.0,0.0
2016-06-03 00:00:00+05:30,470.7321096143454,477.9235645240164,470.7321096143454,473.2911376953125,3998380,0.0,0.0
2016-06-06 00:00:00+05:30,472.5438677914189,477.0642007451709,471.12423798955354,473.2349853515625,4225768,0.0,0.0
2016-06-07 00:00:00+05:30,473.3283516353043,475.3830524514007,468.8827171125513,469.7419738769531,5692420,0.0,0.0
2016-06-08 00:00:00+05:30,472.18900814169183,472.18900814169183,461.50457076165185,462.53192138671875,8741370,0.0,0.0
2016-06-09 00:00:00+05:30,463.43886775640635,463.43886775640635,445.9784371252178,448.03814697265625,12740804,7.125,0.0
2016-06-10 00:00:00+05:30,444.2210523665993,449.73884748706894,442.2179953484597,446.186279296875,6383956,0.0,0.0
2016-06-13 00:00:00+05:30,444.75020183826837,447.811440474618,440.6685195669641,446.2997131347656,5286722,0.0,0.0
2016-06-14 00:00:00+05:30,446.86655921853924,446.86655921853924,441.1408833540247,444.0698547363281,2940728,0.0,0.0
2016-06-15 00:00:00+05:30,447.3579270806426,450.7404449297656,445.60058082784593,449.7200012207031,6711572,0.0,0.0
2016-06-16 00:00:00+05:30,449.5499649305167,449.5499649305167,442.2180773348942,448.2272033691406,5302564,0.0,0.0
2016-06-17 00:00:00+05:30,449.3609517975953,450.77819617879044,444.10769006444735,445.7705993652344,8515082,0.0,0.0
2016-06-20 00:00:00+05:30,446.33758483066185,457.9779060894356,445.84625489492333,456.8251953125,6229566,0.0,0.0
2016-06-21 00:00:00+05:30,457.75099036975246,459.11158179479486,451.87417839772513,455.82354736328125,4761724,0.0,0.0
2016-06-22 00:00:00+05:30,455.0299781077402,458.0345180642982,449.03976710784207,453.32928466796875,3031258,0.0,0.0
2016-06-23 00:00:00+05:30,452.4977635733822,459.1304389971905,451.0049052795983,457.90216064453125,3828626,0.0,0.0
2016-06-24 00:00:00+05:30,448.9831151488173,453.1403662150101,438.40102152578123,451.4585876464844,7808348,0.0,0.0
2016-06-27 00:00:00+05:30,442.95517104553124,447.1690754813998,438.4010724854007,440.7442321777344,5583778,0.0,0.0
2016-06-28 00:00:00+05:30,439.4593560715547,443.1252780847277,436.54925193789404,438.07989501953125,7655974,0.0,0.0
2016-06-29 00:00:00+05:30,441.80243904652696,445.9219064304444,438.47661951188695,444.7691955566406,5459150,0.0,0.0
2016-06-30 00:00:00+05:30,446.1485868182835,447.6603143466809,441.40552324423146,442.482666015625,9346224,0.0,0.0
2016-07-01 00:00:00+05:30,445.959706489832,445.959706489832,442.21817091191883,443.0874328613281,3991912,0.0,0.0
2016-07-04 00:00:00+05:30,444.5234510766078,451.4774067746026,444.5234510766078,447.4524230957031,5381322,0.0,0.0
2016-07-05 00:00:00+05:30,447.84935027893033,448.7941801318395,442.57721815340545,444.2400817871094,3596416,0.0,0.0
2016-07-07 00:00:00+05:30,441.6889037089501,442.5581653567776,436.5112561802546,437.3616027832031,5954876,0.0,0.0
2016-07-08 00:00:00+05:30,439.53476403392335,441.0464915112541,435.9444112752627,437.7206726074219,5551648,0.0,0.0
2016-07-11 00:00:00+05:30,441.19770944220704,445.4683122331517,438.4010041543692,444.0888977050781,6668882,0.0,0.0
2016-07-12 00:00:00+05:30,445.95951640009474,446.0917833009901,441.4243348773819,444.6556701660156,6197368,0.0,0.0
2016-07-13 00:00:00+05:30,445.9596011497391,451.9309430764654,444.14550974220526,451.1750793457031,5275420,0.0,0.0
2016-07-14 00:00:00+05:30,451.6285498980888,452.0253967847568,439.9126628296028,444.5423278808594,7413328,0.0,0.0
2016-07-15 00:00:00+05:30,449.5499421260071,449.701124095062,397.58431199374485,405.350830078125,61484126,0.0,0.0
2016-07-18 00:00:00+05:30,407.1270895706401,410.01827747952075,398.774804827187,408.9033508300781,14332824,0.0,0.0
2016-07-19 00:00:00+05:30,411.41659603685594,411.9457098451601,405.93658430038363,410.7929992675781,10404644,0.0,0.0
2016-07-20 00:00:00+05:30,404.38705396463666,411.90790653157785,404.38705396463666,409.33795166015625,9822896,0.0,0.0
2016-07-21 00:00:00+05:30,407.78845319317463,410.88747581100455,406.50347571715093,408.12860107421875,8668002,0.0,0.0
2016-07-22 00:00:00+05:30,404.38713461142265,408.1286696631851,403.1399408827467,405.31304931640625,9386538,0.0,0.0
2016-07-25 00:00:00+05:30,401.7415659277395,409.3946860688841,401.7415659277395,408.4876403808594,8469552,0.0,0.0
2016-07-26 00:00:00+05:30,404.5193361756934,411.90792210977196,404.5193361756934,411.4543762207031,7189610,0.0,0.0
2016-07-27 00:00:00+05:30,409.94262854607405,414.4022424958557,407.6183847500134,410.18829345703125,7431820,0.0,0.0
2016-07-28 00:00:00+05:30,410.2073206041467,410.79308740731045,405.91780248243543,407.2216491699219,11258562,0.0,0.0
2016-07-29 00:00:00+05:30,405.3696567630303,406.938083026855,403.064281911438,405.8420715332031,8156784,0.0,0.0
2016-08-01 00:00:00+05:30,404.9538898446048,411.13306503115615,403.76339554728327,410.15045166015625,9096662,0.0,0.0
2016-08-02 00:00:00+05:30,408.12862609469784,410.05606935976726,406.2767507481565,409.6025695800781,6822502,0.0,0.0
2016-08-03 00:00:00+05:30,410.3017594601297,410.6229923349657,404.5005142623696,410.018310546875,7213460,0.0,0.0
2016-08-04 00:00:00+05:30,410.58524056477717,410.7742065217626,404.40606299820723,405.06744384765625,4237278,0.0,0.0
2016-08-05 00:00:00+05:30,405.1429530225889,405.69093576467105,400.6077707126346,403.6312255859375,5609968,0.0,0.0
2016-08-08 00:00:00+05:30,404.0091587536538,408.54434107829724,401.5715167078621,407.6750793457031,4643064,0.0,0.0
2016-08-09 00:00:00+05:30,407.0326123722326,409.86710131632896,404.953987146562,409.4513854980469,7192664,0.0,0.0
2016-08-10 00:00:00+05:30,406.6546161774775,411.15201381744333,406.3522522842392,409.0544738769531,5576454,0.0,0.0
2016-08-11 00:00:00+05:30,408.80891150511536,413.8354241517141,406.37126924121515,407.1649169921875,5038552,0.0,0.0
2016-08-12 00:00:00+05:30,406.29565077542316,407.71289520238605,400.60775802150863,401.5715026855469,7449928,0.0,0.0
2016-08-16 00:00:00+05:30,393.8050077724362,399.87083272781797,388.513961602749,397.5087585449219,16429408,0.0,0.0
2016-08-17 00:00:00+05:30,396.809619701692,397.83006361447406,389.45886196403603,390.51708984375,6599316,0.0,0.0
2016-08-18 00:00:00+05:30,391.726349503733,392.7089630542184,386.0573719421739,386.77545166015625,8434000,0.0,0.0
2016-08-19 00:00:00+05:30,389.2698233829135,392.671210189172,384.9047149283079,385.9818115234375,5686016,0.0,0.0
2016-08-22 00:00:00+05:30,384.7346567464478,389.26983934070853,381.3710537621852,383.77093505859375,10253518,0.0,0.0
2016-08-23 00:00:00+05:30,385.52831369452633,393.8050313538644,385.52831369452633,392.9169006347656,7406138,0.0,0.0
2016-08-24 00:00:00+05:30,395.69465207017925,401.3825449399826,395.69465207017925,399.6251525878906,6129966,0.0,0.0
2016-08-25 00:00:00+05:30,398.71812273146736,399.70073636632293,390.06347368418795,391.5941162109375,4796562,0.0,0.0
2016-08-26 00:00:00+05:30,391.5373874356775,395.31670584721877,384.375574432381,385.5849609375,6881054,0.0,0.0
2016-08-29 00:00:00+05:30,384.5835164724504,389.2698815549166,382.08917500196185,386.54876708984375,5220282,0.0,0.0
2016-08-30 00:00:00+05:30,390.1957011231413,394.9387640639276,387.3801274311251,393.2002868652344,4375438,0.0,0.0
2016-08-31 00:00:00+05:30,391.953127721582,395.2222475786569,388.4383890598182,391.480712890625,11139814,0.0,0.0
2016-09-01 00:00:00+05:30,392.29331139899364,393.219226098397,390.0257200036237,392.1232604980469,2877826,0.0,0.0
2016-09-02 00:00:00+05:30,392.69010057773977,393.04911737548525,387.83363947968417,389.9689636230469,3332592,0.0,0.0
2016-09-06 00:00:00+05:30,392.38777208100095,396.41275580596334,391.3862433780929,394.9388122558594,8215044,0.0,0.0
2016-09-07 00:00:00+05:30,396.07264523889876,400.2298962862536,394.56091758531517,398.4725036621094,7425470,0.0,0.0
2016-09-08 00:00:00+05:30,394.9388622033076,394.9388622033076,387.00229176668614,392.16107177734375,9092774,0.0,0.0
2016-09-09 00:00:00+05:30,391.9153169478155,393.4270443034483,387.96594768492776,391.3484191894531,5053438,0.0,0.0
2016-09-12 00:00:00+05:30,387.4746681806937,399.8519375129714,387.4746681806937,398.3402099609375,6203096,0.0,0.0
2016-09-14 00:00:00+05:30,398.3213105407372,399.7763852740698,393.29484391357215,395.16558837890625,5152418,0.0,0.0
2016-09-15 00:00:00+05:30,395.1655623285848,395.6191082626489,391.2917605798824,393.8805847167969,4701722,0.0,0.0
2016-09-16 00:00:00+05:30,396.45057027554856,402.3085148315743,392.3311032641353,400.6645202636719,9949384,0.0,0.0
2016-09-19 00:00:00+05:30,395.31679352608603,403.9714438349161,393.55940084808867,401.06134033203125,5809154,0.0,0.0
2016-09-20 00:00:00+05:30,398.07562636128796,399.53065472149063,395.2222225095954,396.8851318359375,4214004,0.0,0.0
2016-09-21 00:00:00+05:30,398.34023658342335,401.08024295460916,397.2253558929924,399.0016174316406,4231532,0.0,0.0
2016-09-22 00:00:00+05:30,400.2298647980271,400.98572856535105,397.5843416123933,400.154296875,3629514,0.0,0.0
2016-09-23 00:00:00+05:30,399.4740062724151,400.1543021256384,393.0491641658578,394.0129089355469,5205294,0.0,0.0
2016-09-26 00:00:00+05:30,394.0884271551702,394.5608419563632,389.6477280239564,391.4996032714844,6371798,0.0,0.0
2016-09-27 00:00:00+05:30,391.17841997275445,396.79069929482,390.5359080812089,392.9546813964844,6525660,0.0,0.0
2016-09-28 00:00:00+05:30,393.0491601651401,393.918421953826,390.4981199429144,392.6523132324219,5434708,0.0,0.0
2016-09-29 00:00:00+05:30,394.9198643231496,394.9198643231496,387.0022105971554,388.9674377441406,8902638,0.0,0.0
2016-09-30 00:00:00+05:30,389.6855449974365,394.52309142521835,389.6855449974365,391.55633544921875,6502354,0.0,0.0
2016-10-03 00:00:00+05:30,391.34844107823096,393.04913444844055,387.79587236694107,392.3310546875,3656160,0.0,0.0
2016-10-04 00:00:00+05:30,393.0491983405324,397.3576314722726,392.4067325277214,396.5261535644531,5066586,0.0,0.0
2016-10-05 00:00:00+05:30,396.5261154113068,396.7717803634857,391.91536486658174,393.6160583496094,2307574,0.0,0.0
2016-10-06 00:00:00+05:30,394.93873033451945,394.93873033451945,387.7391111029498,388.2871398925781,3721882,0.0,0.0
2016-10-07 00:00:00+05:30,389.25089669540233,390.70597124864156,381.74895857946115,382.6748962402344,6288558,0.0,0.0
2016-10-10 00:00:00+05:30,384.35674634215724,389.9312419257824,381.7112230143351,389.2509460449219,5413170,0.0,0.0
2016-10-13 00:00:00+05:30,386.01961065019185,399.85190748569954,386.01961065019185,397.7165832519531,9778690,0.0,0.0
2016-10-14 00:00:00+05:30,397.92449516544406,409.1868377773827,376.51464442617686,388.1927490234375,33461690,0.0,0.0
2016-10-17 00:00:00+05:30,391.14053887832995,393.7294088865859,384.48894772927565,386.39752197265625,8014858,0.0,0.0
2016-10-18 00:00:00+05:30,389.269792412926,393.23807670451407,388.2493949059349,392.6900939941406,6388134,0.0,0.0
2016-10-19 00:00:00+05:30,393.8049380239515,395.2032672388573,391.537347209994,393.7293701171875,3509836,0.0,0.0
2016-10-20 00:00:00+05:30,394.8442892093685,397.0929652000739,390.70595402168124,391.7830505371094,3535490,0.0,0.0
2016-10-21 00:00:00+05:30,395.354603777631,397.64651452416797,390.5797897223456,396.61517333984375,3863620,5.5,0.0
2016-10-24 00:00:00+05:30,396.30953787691783,398.2958417283957,391.7257167159318,392.3368835449219,2902974,0.0,0.0
2016-10-25 00:00:00+05:30,395.9276998470821,396.844473745622,387.7914189270232,388.5553894042969,5636014,0.0,0.0
2016-10-26 00:00:00+05:30,388.4788860006886,389.56753432001426,385.53759577022726,387.4093322753906,2775216,0.0,0.0
2016-10-27 00:00:00+05:30,388.8226777828402,388.84177237666313,382.40530887080564,383.32208251953125,7227790,0.0,0.0
2016-10-28 00:00:00+05:30,383.97150291537207,385.80502709410246,379.36858621542166,381.03021240234375,5840706,0.0,0.0
2016-11-01 00:00:00+05:30,384.5826951321555,384.5826951321555,376.79021103205605,377.95526123046875,6332798,0.0,0.0
2016-11-02 00:00:00+05:30,376.1789652866205,377.21032983870435,374.34544125765086,374.74652099609375,5377194,0.0,0.0
2016-11-03 00:00:00+05:30,374.7465513264441,375.1094419056529,368.6538831213852,369.3223571777344,5225108,0.0,0.0
2016-11-04 00:00:00+05:30,369.37959133977137,374.03981421813063,367.08768074200646,370.90753173828125,6005548,0.0,0.0
2016-11-07 00:00:00+05:30,376.255399281758,376.6373844586938,372.43554751240003,373.5624084472656,4537672,0.0,0.0
2016-11-08 00:00:00+05:30,376.98117794844654,377.3058560208829,370.75480095398655,375.338623046875,5261108,0.0,0.0
2016-11-09 00:00:00+05:30,355.24622046015907,372.282750309105,344.1686501447348,366.056396484375,12764158,0.0,0.0
2016-11-10 00:00:00+05:30,367.66073178187696,367.66073178187696,357.1561394452519,358.8368835449219,7287330,0.0,0.0
2016-11-11 00:00:00+05:30,359.066063744004,360.9759896149828,350.9297841965395,352.0184326171875,7096782,0.0,0.0
2016-11-15 00:00:00+05:30,352.95424659763114,359.0469138506136,347.05257190233147,352.7823486328125,9235850,0.0,0.0
2016-11-16 00:00:00+05:30,355.24617328586834,365.50246476944176,354.69229018074395,359.4098205566406,12222616,0.0,0.0
2016-11-17 00:00:00+05:30,356.86957711524263,362.50385729982906,353.87100342755895,355.16973876953125,5706730,0.0,0.0
2016-11-18 00:00:00+05:30,355.24618198560637,356.4876336968464,350.47136771160626,351.42633056640625,6040228,0.0,0.0
2016-11-21 00:00:00+05:30,354.06205658474755,354.06205658474755,346.4414479270043,348.02667236328125,7940568,0.0,0.0
2016-11-22 00:00:00+05:30,350.2422105658342,354.73053629881525,348.23678842982144,349.2108459472656,5483126,0.0,0.0
2016-11-23 00:00:00+05:30,352.22848324146537,352.53409000072213,348.54234068178465,351.5218200683594,8251786,0.0,0.0
2016-11-24 00:00:00+05:30,354.558619322955,359.0278502210703,352.6868827704335,355.36077880859375,16780644,0.0,0.0
2016-11-25 00:00:00+05:30,355.4181053799665,376.255391698969,355.4181053799665,373.3905029296875,12631380,0.0,0.0
2016-11-28 00:00:00+05:30,374.07807149339595,375.6633192712109,370.7547958588176,374.2499694824219,7365712,0.0,0.0
2016-11-29 00:00:00+05:30,373.88698889934926,376.1407101806301,369.41775883321867,371.5186767578125,6125506,0.0,0.0
2016-11-30 00:00:00+05:30,371.67157235711454,373.1995130451191,367.10684488879593,372.6456298828125,8500918,0.0,0.0
2016-12-01 00:00:00+05:30,372.81744569491303,375.7014284449155,369.37957990469357,372.6646423339844,4611590,0.0,0.0
2016-12-02 00:00:00+05:30,368.5392429739055,370.3727669062092,367.125893352195,368.4246520996094,4453228,0.0,0.0
2016-12-05 00:00:00+05:30,368.9594659412483,369.9908071952738,365.94177392855426,367.3360290527344,3659576,0.0,0.0
2016-12-06 00:00:00+05:30,367.3933551099442,374.1544977100291,367.3360713195312,369.1886901855469,3562110,0.0,0.0
2016-12-07 00:00:00+05:30,369.76161856337745,371.67154427909736,366.78213910975893,369.15045166015625,3385980,0.0,0.0
2016-12-08 00:00:00+05:30,370.5446164781019,376.6754722546736,370.5446164781019,376.1216125488281,5941662,0.0,0.0
2016-12-09 00:00:00+05:30,376.25539652339893,385.09836263044406,374.9184484139249,377.9170227050781,8648384,0.0,0.0
2016-12-12 00:00:00+05:30,375.4150454135894,375.4150454135894,368.6921152996905,373.3332214355469,5345020,0.0,0.0
2016-12-13 00:00:00+05:30,374.5364386103882,379.253945874929,370.9457688838266,378.24169921875,4854282,0.0,0.0
2016-12-14 00:00:00+05:30,378.54724817068524,383.87594517665815,375.9115415569073,381.8896179199219,5382614,0.0,0.0
2016-12-15 00:00:00+05:30,380.99194009477276,389.22371416464523,377.7832559960961,379.0628967285156,7966416,0.0,0.0
2016-12-16 00:00:00+05:30,383.4366986238427,385.690420391764,381.12569307068367,383.952392578125,6436742,0.0,0.0
2016-12-19 00:00:00+05:30,384.3152123004843,385.1364896180396,379.73139095119944,383.7613525390625,4124134,0.0,0.0
2016-12-20 00:00:00+05:30,382.74909289994986,389.2428399850787,382.4816986511873,386.6262512207031,7636498,0.0,0.0
2016-12-21 00:00:00+05:30,388.0969612834599,390.3888724721417,381.31672401694277,382.5772705078125,7343976,0.0,0.0
2016-12-22 00:00:00+05:30,382.94013958684894,384.6590728817525,370.3346287575562,376.14080810546875,7060054,0.0,0.0
2016-12-23 00:00:00+05:30,376.2171691024405,384.50622788726577,371.900718421707,377.5732116699219,7306036,0.0,0.0
2016-12-26 00:00:00+05:30,377.4013265698534,379.6932374599537,372.4737088303284,375.3959045410156,3213828,0.0,0.0
2016-12-27 00:00:00+05:30,375.3959117428413,382.7109367998901,374.345452564726,381.5840759277344,4912816,0.0,0.0
2016-12-28 00:00:00+05:30,383.1120396358356,385.72862878409165,380.07525280229913,381.4122009277344,5476816,0.0,0.0
2016-12-29 00:00:00+05:30,383.41753610321683,385.04097274425163,377.4585779936971,379.0628967285156,6240124,0.0,0.0
2016-12-30 00:00:00+05:30,381.22120630499336,386.56899877820973,379.21578412753723,386.0342102050781,7267768,0.0,0.0
2017-01-02 00:00:00+05:30,386.225155251461,386.93184173000503,381.7368299782111,382.4053039550781,2335222,0.0,0.0
2017-01-03 00:00:00+05:30,383.5513038435978,383.8569106343826,375.109440824976,379.6359558105469,6778482,0.0,0.0
2017-01-04 00:00:00+05:30,380.09436772134603,383.58954161910356,379.02481382671556,381.125732421875,7073586,0.0,0.0
2017-01-05 00:00:00+05:30,382.5962961525214,385.613987999575,377.68779656719147,380.5144958496094,8207074,0.0,0.0
2017-01-06 00:00:00+05:30,380.0370439770796,381.5458667033603,369.78072847023617,371.38507080078125,14393448,0.0,0.0
2017-01-09 00:00:00+05:30,371.38505233197895,373.1803871527238,368.6156600672252,370.6592712402344,10545692,0.0,0.0
2017-01-10 00:00:00+05:30,373.1994347259638,374.72737509331677,369.74247430773164,370.7356262207031,11939854,0.0,0.0
2017-01-11 00:00:00+05:30,372.12993143331147,373.7533682930674,368.21458371272365,370.1817932128906,12241574,0.0,0.0
2017-01-12 00:00:00+05:30,373.4095761280092,383.66589132304097,373.4095761280092,382.0042419433594,11855740,0.0,0.0
2017-01-13 00:00:00+05:30,393.44468778027743,397.26453911795,367.7370929406453,372.7410888671875,31276246,0.0,0.0
2017-01-16 00:00:00+05:30,368.6157111634968,368.787609163214,363.82180165531196,365.0441589355469,12351372,0.0,0.0
2017-01-17 00:00:00+05:30,365.27331698307967,368.233702035753,363.80268341175497,364.9486389160156,5560094,0.0,0.0
2017-01-18 00:00:00+05:30,365.9799849025547,367.08775122999515,362.80951262975833,363.1914978027344,5952962,0.0,0.0
2017-01-19 00:00:00+05:30,363.2678950992864,366.55295822127255,362.16012878526647,365.97998046875,8876480,0.0,0.0
2017-01-20 00:00:00+05:30,362.8859193305292,364.0891819678036,361.35797861755856,362.38934326171875,9124742,0.0,0.0
2017-01-23 00:00:00+05:30,360.9759461778456,365.94175284484237,359.0660205366929,363.917236328125,7948580,0.0,0.0
2017-01-24 00:00:00+05:30,362.88596563195546,362.88596563195546,359.1043025590323,361.1861267089844,6826010,0.0,0.0
2017-01-25 00:00:00+05:30,361.3961934349908,361.66358774162575,357.07976527769,357.767333984375,9978090,0.0,0.0
2017-01-27 00:00:00+05:30,356.71677311319604,361.9499735992133,344.2258791067241,359.88726806640625,10635138,0.0,0.0
2017-01-30 00:00:00+05:30,358.11111905825777,363.45891176952773,354.80693780726983,362.63763427734375,11369208,0.0,0.0
2017-01-31 00:00:00+05:30,359.6390129452901,359.6390129452901,345.4482555250386,354.7113952636719,24068534,0.0,0.0
2017-02-01 00:00:00+05:30,351.8465015138483,352.64868429288134,345.75385721042073,350.18487548828125,11531782,0.0,0.0
2017-02-02 00:00:00+05:30,350.28037984226467,360.9759639595857,347.64467300182986,357.4999084472656,11828268,0.0,0.0
2017-02-03 00:00:00+05:30,356.69776319511095,359.40987201333144,351.8274520576193,357.5763244628906,8423958,0.0,0.0
2017-02-06 00:00:00+05:30,358.01558774424507,360.4984912602094,355.45628253411553,357.2516174316406,6727934,0.0,0.0
2017-02-07 00:00:00+05:30,356.3921741820609,362.8095205655209,354.69233546223177,359.925537109375,9268002,0.0,0.0
2017-02-08 00:00:00+05:30,357.53807238137347,360.632142528096,356.182029868045,357.72906494140625,6319962,0.0,0.0
2017-02-09 00:00:00+05:30,357.9201348851146,362.8859425195932,357.74823688101577,361.3580017089844,11907266,0.0,0.0
2017-02-10 00:00:00+05:30,361.45348252593647,371.2896010728774,360.3266215634789,369.8762512207031,12252452,0.0,0.0
2017-02-13 00:00:00+05:30,371.6142507713284,376.6755541030723,367.79439920020087,376.007080078125,13724268,0.0,0.0
2017-02-14 00:00:00+05:30,374.3454225209157,377.78328864610774,371.42322698869367,377.2867126464844,9338818,0.0,0.0
2017-02-15 00:00:00+05:30,377.859719488598,381.5267676459332,370.0672130111063,375.03302001953125,7259486,0.0,0.0
2017-02-16 00:00:00+05:30,378.5473299274417,387.29480025762996,378.1844393276736,386.6072082519531,12815858,0.0,0.0
2017-02-17 00:00:00+05:30,387.23742172871147,387.23742172871147,379.1966394842034,382.0233154296875,4851208,0.0,0.0
2017-02-20 00:00:00+05:30,380.64821667990986,393.8267048640111,379.5022611856402,385.9005126953125,4650662,0.0,0.0
2017-02-21 00:00:00+05:30,390.4270190935955,391.3437927949128,382.00425105652187,387.1801452636719,7613996,0.0,0.0
2017-02-22 00:00:00+05:30,387.71488532245536,387.71488532245536,376.79012053967034,378.2225646972656,6607838,0.0,0.0
2017-02-23 00:00:00+05:30,381.56498893316393,389.62486655270936,379.44495262530194,385.36572265625,9542656,0.0,0.0
2017-02-27 00:00:00+05:30,384.7736330063965,390.7708044631143,384.63994753106977,386.7217712402344,5328696,0.0,0.0
2017-02-28 00:00:00+05:30,386.5116607582594,390.6562135821881,385.51850870420145,386.7217712402344,5940132,0.0,0.0
2017-03-01 00:00:00+05:30,386.5690179207526,392.29879585436055,385.84323672335177,391.5921325683594,4282448,0.0,0.0
2017-03-02 00:00:00+05:30,391.30560415555374,392.6807413949405,388.2879120894524,390.8854064941406,2948498,0.0,0.0
2017-03-03 00:00:00+05:30,385.90053566313,395.0872980739173,382.13799089215047,393.9031066894531,5401612,0.0,0.0
2017-03-06 00:00:00+05:30,389.64397013746895,395.7175203851406,389.5102846530439,394.9344787597656,5286386,0.0,0.0
2017-03-07 00:00:00+05:30,390.38883392984957,391.84039619099264,387.6003469218269,389.5484619140625,4644496,0.0,0.0
2017-03-08 00:00:00+05:30,388.4407089862642,388.4407089862642,383.684989198202,384.9646301269531,6179176,0.0,0.0
2017-03-09 00:00:00+05:30,384.96458952766875,386.95091676428893,381.6031252196689,386.39703369140625,3480630,0.0,0.0
2017-03-10 00:00:00+05:30,387.7148932116194,392.54701426070574,387.1037263510845,390.33148193359375,4550324,0.0,0.0
2017-03-14 00:00:00+05:30,390.6944140769399,397.9903445673466,390.6944140769399,395.27825927734375,7878396,0.0,0.0
2017-03-15 00:00:00+05:30,395.3164605273299,395.3164605273299,384.85005757612475,386.5498962402344,6373978,0.0,0.0
2017-03-16 00:00:00+05:30,387.06556740888766,394.094080535658,387.06556740888766,393.00543212890625,6702956,0.0,0.0
2017-03-17 00:00:00+05:30,395.5074746707742,398.37236359301414,389.33840453240725,397.37921142578125,9507846,0.0,0.0
2017-03-20 00:00:00+05:30,392.1269198593939,392.1269198593939,387.75316140723766,390.1978759765625,4427388,0.0,0.0
2017-03-21 00:00:00+05:30,389.9686517889055,395.3355152078986,389.166468979374,394.5333557128906,4869584,0.0,0.0
2017-03-22 00:00:00+05:30,390.5607328096215,397.2454498174287,389.77766789191037,392.5661315917969,3990852,0.0,0.0
2017-03-23 00:00:00+05:30,392.7762316920921,398.4105126718717,392.1459468668498,397.4364318847656,4501662,0.0,0.0
2017-03-24 00:00:00+05:30,396.5005848462623,398.7924957413274,392.56611915811527,393.9794921875,4883896,0.0,0.0
2017-03-27 00:00:00+05:30,392.37514727371877,397.9712393300642,391.34380596817476,393.00543212890625,7684824,0.0,0.0
2017-03-28 00:00:00+05:30,394.01764077531595,396.8825290989368,393.4637810176993,395.4118957519531,4796796,0.0,0.0
2017-03-29 00:00:00+05:30,395.08719760112604,397.83747160003384,391.8593956102408,394.15130615234375,6981186,0.0,0.0
2017-03-30 00:00:00+05:30,394.97267356958116,395.6984547327047,389.7203773784963,391.7257995605469,12157180,0.0,0.0
2017-03-31 00:00:00+05:30,390.86632965677495,393.17735861323087,385.0410557478907,390.4843444824219,14153854,0.0,0.0
2017-04-03 00:00:00+05:30,394.2659859860331,394.380553554793,384.31525407374596,385.34661865234375,4315600,0.0,0.0
2017-04-05 00:00:00+05:30,383.8950712556867,384.0478746397071,378.547279218294,380.4381103515625,7398338,0.0,0.0
2017-04-06 00:00:00+05:30,381.2784766246785,384.20064895549234,378.9292586890532,381.83233642578125,5379008,0.0,0.0
2017-04-07 00:00:00+05:30,382.328895141158,382.328895141158,373.9634121422995,374.9374694824219,6404508,0.0,0.0
2017-04-10 00:00:00+05:30,376.2171313863866,377.9742535068966,362.9240313582774,364.1846008300781,9528472,0.0,0.0
2017-04-11 00:00:00+05:30,365.1969014893051,371.1749784698209,365.1969014893051,369.43695068359375,8655466,0.0,0.0
2017-04-12 00:00:00+05:30,370.52562651359443,373.1613335950167,366.83946018174703,370.0863342285156,6696752,0.0,0.0
2017-04-13 00:00:00+05:30,370.5255926943397,378.165295636491,353.9665458930359,355.7809753417969,30973188,0.0,0.0
2017-04-17 00:00:00+05:30,355.24618007304156,356.0483395409458,352.7632766639289,353.2980651855469,7213434,0.0,0.0
2017-04-18 00:00:00+05:30,353.24075810074396,356.77412064460106,351.08253273463293,352.4385986328125,4647518,0.0,0.0
2017-04-19 00:00:00+05:30,352.5722969782618,355.24619305502,348.6187599620073,351.1207580566406,10071702,0.0,0.0
2017-04-20 00:00:00+05:30,351.9993344252042,355.1316174845135,350.8724735099343,354.21484375,4549000,0.0,0.0
2017-04-21 00:00:00+05:30,357.0796861583849,357.0796861583849,351.8464853420235,352.83966064453125,3577466,0.0,0.0
2017-04-24 00:00:00+05:30,350.47135347791044,354.6731898683813,348.7524204090814,353.9283142089844,5556666,0.0,0.0
2017-04-25 00:00:00+05:30,353.68009455896015,356.392180065373,351.63645981638655,354.9979248046875,4737060,0.0,0.0
2017-04-26 00:00:00+05:30,355.2270908835997,357.3661983735719,347.6828842565136,349.22991943359375,9084496,0.0,0.0
2017-04-27 00:00:00+05:30,349.8984000312415,354.86420701858447,349.8984000312415,353.4317626953125,7797208,0.0,0.0
2017-04-28 00:00:00+05:30,354.04287577965476,354.25298623340484,349.7455434632751,351.02520751953125,5029702,0.0,0.0
2017-05-02 00:00:00+05:30,352.95431373553026,353.87108751260166,349.5546362362934,352.4195251464844,3231126,0.0,0.0
2017-05-03 00:00:00+05:30,353.9092835662823,358.72228770289513,350.52872391253356,356.8887634277344,4659448,0.0,0.0
2017-05-04 00:00:00+05:30,357.92006581889433,358.93233573640015,354.82599560027086,358.1683654785156,5279806,0.0,0.0
2017-05-05 00:00:00+05:30,357.538116602506,358.05378725256526,351.4263539255401,355.8191833496094,4432788,0.0,0.0
2017-05-08 00:00:00+05:30,358.30210330182445,362.332042338103,356.010192193284,361.1669921875,4707098,0.0,0.0
2017-05-09 00:00:00+05:30,363.1150849422824,363.63077889866133,359.86821107180185,361.60626220703125,5649372,0.0,0.0
2017-05-10 00:00:00+05:30,361.7971833962061,362.8858315650936,357.9773325376262,360.4602355957031,3364302,0.0,0.0
2017-05-11 00:00:00+05:30,361.68260018934046,362.8285555450414,358.1301432495718,360.63214111328125,3229482,0.0,0.0
2017-05-12 00:00:00+05:30,364.03186003507216,368.99766714992626,363.4397876958213,368.3291931152344,10979996,0.0,0.0
2017-05-15 00:00:00+05:30,368.04272443353017,368.04272443353017,362.542128463358,363.4779968261719,7297164,0.0,0.0
2017-05-16 00:00:00+05:30,364.070025796568,366.7630396717857,361.72083118597135,364.7958068847656,6130168,0.0,0.0
2017-05-17 00:00:00+05:30,363.4969965371675,366.1136083507649,360.53661213674917,363.95538330078125,2915508,0.0,0.0
2017-05-18 00:00:00+05:30,360.2119552814592,372.0153043932665,360.15464818969946,367.3741760253906,8057848,0.0,0.0
2017-05-19 00:00:00+05:30,367.27871103716564,367.73709786673123,362.06460456558716,365.92266845703125,4257396,0.0,0.0
2017-05-22 00:00:00+05:30,366.0946238787576,369.34149806876184,365.38793727221736,367.2596740722656,5503052,0.0,0.0
2017-05-23 00:00:00+05:30,368.48204377111296,369.37969969274576,364.4520811362871,365.6744384765625,4039982,0.0,0.0
2017-05-24 00:00:00+05:30,366.7057795397088,368.8066980683217,362.73312426888504,364.7194519042969,5636286,0.0,0.0
2017-05-25 00:00:00+05:30,367.08778314884677,376.86659510150696,367.08778314884677,375.6060485839844,10438514,0.0,0.0
2017-05-26 00:00:00+05:30,377.01937561225947,381.98518299114437,374.574661115306,380.3426513671875,4988004,0.0,0.0
2017-05-29 00:00:00+05:30,378.50909773697975,380.7246069632513,372.7029187438199,376.31268310546875,6308434,0.0,0.0
2017-05-30 00:00:00+05:30,375.10937613824404,381.9851080837516,373.8297353519718,380.5335693359375,3716910,0.0,0.0
2017-05-31 00:00:00+05:30,379.52132154444445,379.52132154444445,372.3781949449717,373.21856689453125,7763900,0.0,0.0
2017-06-01 00:00:00+05:30,375.9334463003369,379.9669932608484,371.7641647583755,376.7479248046875,5508606,7.375,0.0
2017-06-02 00:00:00+05:30,377.5236115105998,378.31867908379,373.95547739592195,375.99163818359375,3917966,0.0,0.0
2017-06-05 00:00:00+05:30,376.20493743379234,376.980617717161,371.18240286460366,371.84173583984375,5462698,0.0,0.0
2017-06-06 00:00:00+05:30,374.2658013034046,382.9922059970073,374.03310664699694,379.831298828125,7008686,0.0,0.0
2017-06-07 00:00:00+05:30,382.0225662461296,383.5351523731171,366.50895949501773,372.83074951171875,12455046,0.0,0.0
2017-06-08 00:00:00+05:30,373.47072939387573,373.47072939387573,367.73069910570734,370.94976806640625,6195352,0.0,0.0
2017-06-09 00:00:00+05:30,364.0073324575894,368.8165593161247,357.97642344913373,367.9051208496094,14757662,0.0,0.0
2017-06-12 00:00:00+05:30,365.8690093026678,374.3433310906354,364.60852876945415,373.8197326660156,8591676,0.0,0.0
2017-06-13 00:00:00+05:30,369.8056195613281,373.47071407531166,369.06871373476906,371.47332763671875,4937794,0.0,0.0
2017-06-14 00:00:00+05:30,372.3266161550754,373.06352205163785,368.91362690803163,371.78363037109375,7438110,0.0,0.0
2017-06-15 00:00:00+05:30,372.1908466402106,375.4099154727828,368.293033805371,369.26263427734375,5528062,0.0,0.0
2017-06-16 00:00:00+05:30,368.09909354327004,369.9413343390841,363.0183968172527,364.6667175292969,10948450,0.0,0.0
2017-06-19 00:00:00+05:30,364.5503169992628,364.6666642981643,359.9156229393208,360.63311767578125,6855860,0.0,0.0
2017-06-20 00:00:00+05:30,362.63053521858905,367.24584240830643,362.2620823468244,365.9465637207031,5184396,0.0,0.0
2017-06-21 00:00:00+05:30,366.50899488128954,368.0603557061839,363.03782030121096,365.8690490722656,3735864,0.0,0.0
2017-06-22 00:00:00+05:30,367.55617963659745,375.7008242213253,362.6693786826277,364.62799072265625,9465242,0.0,0.0
2017-06-23 00:00:00+05:30,366.50898156670337,368.1185278328145,363.79410022176484,365.83026123046875,6403018,0.0,0.0
2017-06-27 00:00:00+05:30,366.50897731332986,367.67249787622933,358.2673733261254,359.5472412109375,6904660,0.0,0.0
2017-06-28 00:00:00+05:30,361.77736064191714,361.85493342204455,357.2008506770665,358.6358642578125,5905224,0.0,0.0
2017-06-29 00:00:00+05:30,360.76898193359375,367.65314592551596,359.3727429208312,360.76898193359375,15914040,0.0,0.0
2017-06-30 00:00:00+05:30,361.0016008709282,363.7940546387796,360.3034933469363,362.8438415527344,4216700,0.0,0.0
2017-07-03 00:00:00+05:30,364.9963659189273,370.38735362366975,362.4754048733212,369.18505859375,5088924,0.0,0.0
2017-07-04 00:00:00+05:30,369.94136879784537,376.2049975558026,368.2154988290426,373.16046142578125,5167726,0.0,0.0
2017-07-05 00:00:00+05:30,371.93873723919813,371.93873723919813,366.66412019444573,368.7972412109375,4226228,0.0,0.0
2017-07-06 00:00:00+05:30,366.50895711864564,371.16303911380305,366.19868972001217,367.2846374511719,3829720,0.0,0.0
2017-07-07 00:00:00+05:30,366.06290528189186,366.6834637066684,361.8742365201548,362.7856750488281,5776886,0.0,0.0
2017-07-10 00:00:00+05:30,365.8108872126351,372.24902516663144,364.56979381845014,371.1824645996094,1464376,0.0,0.0
2017-07-11 00:00:00+05:30,371.02734478553026,383.76788616102965,371.02734478553026,378.2799377441406,11539708,0.0,0.0
2017-07-12 00:00:00+05:30,378.12479272610307,380.665141200963,375.72017884710436,377.11639404296875,6275976,0.0,0.0
2017-07-13 00:00:00+05:30,379.0168122715867,381.42142609891226,373.91670448472405,378.9392395019531,5170392,0.0,0.0
2017-07-14 00:00:00+05:30,387.62682921025004,390.4968320175973,374.67295918069414,377.0,22478180,0.0,0.0
2017-07-17 00:00:00+05:30,378.14419520954186,384.7374786131954,377.7563550093269,381.6541442871094,7698250,0.0,0.0
2017-07-18 00:00:00+05:30,382.42984289137576,389.7018469915562,380.51002907455046,382.25531005859375,8260180,0.0,0.0
2017-07-19 00:00:00+05:30,380.6457354703831,383.4381893986052,375.8558952194761,380.0251770019531,5890278,0.0,0.0
2017-07-20 00:00:00+05:30,379.81185419266234,380.0251615408035,375.0220378085119,375.99163818359375,6809740,0.0,0.0
2017-07-21 00:00:00+05:30,377.3685059769119,381.0723750678989,376.74797113984636,380.1221618652344,5980754,0.0,0.0
2017-07-24 00:00:00+05:30,381.440901756473,385.5132245510261,381.0918360481834,384.1751708984375,6129176,0.0,0.0
2017-07-25 00:00:00+05:30,383.9617808202521,387.45234246407256,382.48799286057175,385.4549560546875,7145614,0.0,0.0
2017-07-26 00:00:00+05:30,387.1032184716627,387.45228405217443,384.11686845301085,385.532470703125,6870024,0.0,0.0
2017-07-27 00:00:00+05:30,386.28879934314216,389.3915206230068,374.9638619372594,376.6121826171875,12676852,0.0,0.0
2017-07-28 00:00:00+05:30,378.5319999006156,389.0036843240957,373.218584921732,386.8123779296875,11098428,0.0,0.0
2017-07-31 00:00:00+05:30,384.69870975553937,396.25634315862146,382.70132322611596,392.18402099609375,19158248,0.0,0.0
2017-08-01 00:00:00+05:30,392.10640942896816,394.4334504344813,387.20022184025714,389.99267578125,7689398,0.0,0.0
2017-08-02 00:00:00+05:30,390.1672352876913,392.7851565980213,382.8758443725572,385.26104736328125,4257584,0.0,0.0
2017-08-03 00:00:00+05:30,384.34961635310475,387.35537773225366,380.18033444009177,381.6347351074219,4640348,0.0,0.0
2017-08-04 00:00:00+05:30,383.1861015426461,383.57394172639374,378.55140661248487,381.53778076171875,5349018,0.0,0.0
2017-08-07 00:00:00+05:30,381.44080771779386,381.53776776042673,374.53725741670905,375.5262451171875,6073744,0.0,0.0
2017-08-08 00:00:00+05:30,375.6231988976753,376.3019191847904,370.40674395661404,373.8197326660156,6004648,0.0,0.0
2017-08-09 00:00:00+05:30,375.2935410060516,377.71754201065875,374.09122230463555,375.9528503417969,3922410,0.0,0.0
2017-08-10 00:00:00+05:30,376.16619969939734,382.99217739226714,375.95286866308777,380.56817626953125,9140684,0.0,0.0
2017-08-11 00:00:00+05:30,378.5319980371361,386.6766414375253,376.0498115320731,383.0697326660156,6544156,0.0,0.0
2017-08-14 00:00:00+05:30,383.18606969357177,383.65148260976264,378.9780135184234,380.6457214355469,3816470,0.0,0.0
2017-08-16 00:00:00+05:30,380.8590798900241,382.4492152558405,375.8171572438221,378.2217712402344,6178080,0.0,0.0
2017-08-17 00:00:00+05:30,389.779408441165,399.1845334707155,387.08391426532864,395.9266662597656,25784260,0.0,0.0
2017-08-18 00:00:00+05:30,394.78257294928454,394.78257294928454,342.92833033559964,358.073486328125,164404960,0.0,0.0
2017-08-21 00:00:00+05:30,358.36432774047074,358.36432774047074,337.4209579374562,338.7396240234375,90407176,0.0,0.0
2017-08-22 00:00:00+05:30,347.19458224128493,347.9120772054914,333.54260126892325,339.5153503417969,49242598,0.0,0.0
2017-08-23 00:00:00+05:30,341.29932282286234,350.49113886508206,338.93350744023,346.263671875,61284190,0.0,0.0
2017-08-24 00:00:00+05:30,352.934597200098,356.1342789879011,349.9676100735617,353.7684631347656,42380524,0.0,0.0
2017-08-28 00:00:00+05:30,366.10168312820355,369.9800842976916,363.79402969798167,364.9575500488281,40712108,0.0,0.0
2017-08-29 00:00:00+05:30,365.1321862711396,365.3454936615111,358.9655171959955,359.7024230957031,13369392,0.0,0.0
2017-08-30 00:00:00+05:30,363.48379875309644,364.18190629916523,358.40307850894436,359.39208984375,16149664,0.0,0.0
2017-08-31 00:00:00+05:30,360.22591605127076,360.2841015408228,354.05927204973693,354.8543395996094,15022452,0.0,0.0
2017-09-01 00:00:00+05:30,355.24224876307335,359.10126362691824,352.93459475529573,356.7936096191406,8433922,0.0,0.0
2017-09-04 00:00:00+05:30,357.2007676584461,357.2395422035536,346.53516384671184,349.1336975097656,10177108,0.0,0.0
2017-09-05 00:00:00+05:30,349.83183485114773,350.9953553661737,347.9895940356899,349.7930603027344,9783392,0.0,0.0
2017-09-06 00:00:00+05:30,349.0561767429879,349.1725240675248,345.1777747791769,347.34967041015625,7735910,0.0,0.0
2017-09-07 00:00:00+05:30,349.0561269961886,349.250047066742,346.0891404479675,347.4078063964844,6241192,0.0,0.0
2017-09-08 00:00:00+05:30,348.6682959733707,348.6682959733707,342.1137879484991,342.967041015625,8604542,0.0,0.0
2017-09-11 00:00:00+05:30,345.3329317148849,345.8758938045921,338.83660821126557,340.7951965332031,13787642,0.0,0.0
2017-09-12 00:00:00+05:30,342.2883264333895,344.30509998774534,340.8339258420586,342.8700866699219,17241354,0.0,0.0
2017-09-13 00:00:00+05:30,343.43244338838184,344.2468982122491,341.6871627613375,342.75372314453125,11478228,0.0,0.0
2017-09-14 00:00:00+05:30,343.0446346925624,347.7374913400094,341.9198887166194,346.10858154296875,13698006,0.0,0.0
2017-09-15 00:00:00+05:30,346.06980349057443,354.19506036247594,346.03102893957976,352.255859375,13459460,0.0,0.0
2017-09-18 00:00:00+05:30,352.9344842532515,355.94024497079295,351.4994711763072,352.5854187011719,8475860,0.0,0.0
2017-09-19 00:00:00+05:30,352.15883886745513,355.2615599147455,350.41355827835434,353.8071594238281,6033330,0.0,0.0
2017-09-20 00:00:00+05:30,355.6494892527102,355.6494892527102,351.94561980784766,353.9817810058594,5767830,0.0,0.0
2017-09-21 00:00:00+05:30,354.8738354551754,354.9707955195075,352.2171391612345,352.7601013183594,8204152,0.0,0.0
2017-09-22 00:00:00+05:30,352.2170599469965,353.03151483545685,344.4020710506846,348.3968200683594,17604088,0.0,0.0
2017-09-25 00:00:00+05:30,349.4440226787518,349.81247560574286,344.82871479725867,347.2527160644531,9088700,0.0,0.0
2017-09-26 00:00:00+05:30,347.8927250394246,352.31411362239464,346.8455515674694,351.3445129394531,7366478,0.0,0.0
2017-09-27 00:00:00+05:30,351.42199570302165,352.1201270004356,347.1557535036071,348.9786071777344,6000138,0.0,0.0
2017-09-28 00:00:00+05:30,347.54359632887645,350.5687688488231,346.8454886980762,347.50482177734375,17537266,0.0,0.0
2017-09-29 00:00:00+05:30,348.2804587396522,349.9869648881994,347.1169382761567,349.0173645019531,5705832,0.0,0.0
2017-10-03 00:00:00+05:30,352.97333179589583,353.7102375929687,349.6766903271017,350.4329833984375,4947522,0.0,0.0
2017-10-04 00:00:00+05:30,350.21966699880034,351.15049285824875,347.95081151523647,348.9010009765625,4991492,0.0,0.0
2017-10-05 00:00:00+05:30,349.0561668758847,350.97598052807933,348.66832669046704,350.23907470703125,8611300,0.0,0.0
2017-10-06 00:00:00+05:30,350.6074963626988,357.58861907788526,350.5881090895334,356.8711242675781,8574308,0.0,0.0
2017-10-09 00:00:00+05:30,356.8129449227591,360.3035063404817,354.48590397761063,358.3255310058594,3504832,0.0,0.0
2017-10-10 00:00:00+05:30,364.55036495728103,364.55036495728103,360.51681780426924,362.8050842285156,7143220,0.0,0.0
2017-10-11 00:00:00+05:30,362.8051316349715,363.7941194427891,359.91571731653335,360.962890625,5982504,0.0,0.0
2017-10-12 00:00:00+05:30,360.6913993874632,362.37849485132676,356.63846441265656,359.64422607421875,10280972,0.0,0.0
2017-10-13 00:00:00+05:30,361.77733685737167,362.04882973402425,359.7411757903083,360.73016357421875,7180728,0.0,0.0
2017-10-16 00:00:00+05:30,362.9990987685589,365.3455276245507,361.85496525871105,364.1820068359375,5758750,0.0,0.0
2017-10-17 00:00:00+05:30,363.32867280269124,363.32867280269124,360.49744424712327,360.8852844238281,5625102,0.0,0.0
2017-10-18 00:00:00+05:30,360.26481412785785,360.69142892987907,357.9571599288209,358.5001220703125,7231852,0.0,0.0
2017-10-19 00:00:00+05:30,360.6913611633098,361.46704150989757,358.8297330658763,359.5084533691406,1091434,0.0,0.0
2017-10-23 00:00:00+05:30,360.6913727277641,365.34545495650946,359.9544669061249,364.3758544921875,9154096,0.0,0.0
2017-10-24 00:00:00+05:30,366.8967756177693,367.1488811797063,357.4334666510522,359.3338928222656,14529328,0.0,0.0
2017-10-25 00:00:00+05:30,356.42509750257034,366.3925940822312,354.97069694148803,362.74688720703125,13984134,0.0,0.0
2017-10-26 00:00:00+05:30,365.3454441750097,369.14627314861036,364.60853837511684,367.4203796386719,33659258,0.0,0.0
2017-10-27 00:00:00+05:30,370.38738944048885,371.43456271045716,366.1211472584518,367.0325622558594,8524956,0.0,0.0
2017-10-30 00:00:00+05:30,370.2516141726567,370.2516141726567,364.9769738510814,366.1598815917969,12968326,0.0,0.0
2017-10-31 00:00:00+05:30,363.7611331147098,365.7274095099244,361.79485671949516,362.5223693847656,9954988,6.5,0.0
2017-11-01 00:00:00+05:30,363.7610618609636,365.49139435077285,363.0925232170649,364.5672302246094,5633134,0.0,0.0
2017-11-02 00:00:00+05:30,362.99421557908613,364.1543232451947,361.794791993066,362.93524169921875,4686138,0.0,0.0
2017-11-03 00:00:00+05:30,360.6149599261874,365.68796078455597,360.5953019698535,364.4098815917969,3699086,0.0,0.0
2017-11-06 00:00:00+05:30,363.0335334952638,367.69359783478,362.83690590283874,365.2160949707031,5066534,0.0,0.0
2017-11-07 00:00:00+05:30,364.25262606873804,377.52498896193094,364.09531438904696,375.7553405761719,13442820,0.0,0.0
2017-11-08 00:00:00+05:30,377.6233321004099,378.25253086327484,372.60932795119857,374.4969482421875,5369994,0.0,0.0
2017-11-09 00:00:00+05:30,374.77223872988554,378.7047910775234,372.9042763647576,375.36212158203125,4723232,0.0,0.0
2017-11-10 00:00:00+05:30,377.0530364734487,379.2355977754637,373.592395922226,378.33111572265625,6589428,0.0,0.0
2017-11-13 00:00:00+05:30,378.33115127089263,381.2215913228913,373.336805550393,374.3592834472656,5021216,0.0,0.0
2017-11-14 00:00:00+05:30,374.3593477953653,375.49977364255955,370.93802224899025,373.2385559082031,5733710,0.0,0.0
2017-11-15 00:00:00+05:30,371.6851299969396,374.96880103430163,371.4295045379107,374.3002624511719,7023516,0.0,0.0
2017-11-16 00:00:00+05:30,374.30029614531935,391.64286494023014,373.00255878029975,388.6934509277344,15687502,0.0,0.0
2017-11-17 00:00:00+05:30,387.55297369978524,387.55297369978524,379.550240515566,381.83111572265625,8057670,0.0,0.0
2017-11-20 00:00:00+05:30,381.06425237794383,381.8507627027693,376.44350421959416,377.7412414550781,5661190,0.0,0.0
2017-11-21 00:00:00+05:30,378.03623101851997,382.0474389869522,377.54466200283935,379.98284912109375,5364656,0.0,0.0
2017-11-22 00:00:00+05:30,380.1204436761982,381.87043401059253,378.82270639534534,380.0024719238281,6084920,0.0,0.0
2017-11-23 00:00:00+05:30,382.0474488536166,391.0726610150738,381.06431079686513,389.8142395019531,11894618,0.0,0.0
2017-11-24 00:00:00+05:30,389.6766077586758,400.84504162414754,389.401324303731,397.01080322265625,18619912,0.0,0.0
2017-11-27 00:00:00+05:30,395.8900250803451,395.8900250803451,390.62039566042466,392.7636413574219,6017730,0.0,0.0
2017-11-28 00:00:00+05:30,391.0530452275266,393.2159491856381,385.90138685313207,387.23846435546875,4616868,0.0,0.0
2017-11-29 00:00:00+05:30,388.39849173887274,390.0894842281155,385.50805173756567,386.4518737792969,3838070,0.0,0.0
2017-11-30 00:00:00+05:30,389.10641737513487,389.10641737513487,380.80871708221696,383.8564453125,17266944,0.0,0.0
2017-12-01 00:00:00+05:30,385.15420370230635,386.64856886056225,376.3649344119929,377.0531311035156,4085000,0.0,0.0
2017-12-04 00:00:00+05:30,385.3900520404703,391.99673384640045,380.8872757136012,387.49395751953125,17811606,0.0,0.0
2017-12-05 00:00:00+05:30,387.49399371726986,394.4349574548956,384.9968328497934,387.1007385253906,9976738,0.0,0.0
2017-12-06 00:00:00+05:30,387.3563954249826,390.93500836043853,386.96314020120093,389.4406433105469,7490094,0.0,0.0
2017-12-07 00:00:00+05:30,388.92939282960833,394.3956497109815,387.5923155485495,393.1765441894531,7549544,0.0,0.0
2017-12-08 00:00:00+05:30,393.6484697194095,396.0080010064389,391.28893843238006,393.98272705078125,5983244,0.0,0.0
2017-12-11 00:00:00+05:30,391.26926531003977,395.96866974174526,390.8760101107739,395.3394470214844,5139098,0.0,0.0
2017-12-12 00:00:00+05:30,394.0416997865189,398.7607620594113,394.0416997865189,397.3843688964844,9320434,0.0,0.0
2017-12-13 00:00:00+05:30,397.5417038031191,400.7270614224976,392.3310722389895,394.72991943359375,5362398,0.0,0.0
2017-12-14 00:00:00+05:30,395.319786143495,399.1540243080303,392.9799129246591,398.4068298339844,6023572,0.0,0.0
2017-12-15 00:00:00+05:30,398.36744577334684,403.63707410417663,397.9151927739322,402.26068115234375,10384134,0.0,0.0
2017-12-18 00:00:00+05:30,397.9349229959942,405.32809151679976,395.53605201613306,399.783203125,4035448,0.0,0.0
2017-12-19 00:00:00+05:30,400.1175393656368,400.3141669810307,393.07826113357544,394.80859375,7118898,0.0,0.0
2017-12-20 00:00:00+05:30,395.2607878930597,400.56973303898474,393.6484511904394,399.48828125,4186326,0.0,0.0
2017-12-21 00:00:00+05:30,399.0754131788222,404.6399604293433,392.6260416373537,401.926513671875,11059162,0.0,0.0
2017-12-22 00:00:00+05:30,399.54729771074847,410.87306708399154,399.54729771074847,408.72979736328125,12906940,0.0,0.0
2017-12-26 00:00:00+05:30,405.0528464508433,409.5752811442265,402.3000601157405,407.25506591796875,10808906,0.0,0.0
2017-12-27 00:00:00+05:30,404.2663371800973,408.6314602082252,404.0303936659685,406.72418212890625,6970172,0.0,0.0
2017-12-28 00:00:00+05:30,405.05288364752823,408.98543591595086,402.61469644062737,406.3309631347656,8433472,0.0,0.0
2017-12-29 00:00:00+05:30,405.09216707233935,412.44606802722507,405.05285115376677,409.7915954589844,6601768,0.0,0.0
2018-01-01 00:00:00+05:30,408.08091481988475,410.7550694668685,405.0528688854711,406.4489440917969,5431340,0.0,0.0
2018-01-02 00:00:00+05:30,407.90394082067246,409.7719029502441,402.3000544319575,404.9348449707031,6112248,0.0,0.0
2018-01-03 00:00:00+05:30,404.46294226808027,405.6820236938922,400.5697064848644,401.6315002441406,6846552,0.0,0.0
2018-01-04 00:00:00+05:30,401.51355985466495,401.51355985466495,397.0304409663982,399.31134033203125,8947614,0.0,0.0
2018-01-05 00:00:00+05:30,399.2719498437667,403.63709641948503,395.6146817414657,397.9742126464844,11025976,0.0,0.0
2018-01-08 00:00:00+05:30,403.0472628040286,408.5921515055043,401.13996068863577,407.43206787109375,5594690,0.0,0.0
2018-01-09 00:00:00+05:30,408.9854114631804,410.9123715604544,404.62028830717475,409.51629638671875,9948236,0.0,0.0
2018-01-10 00:00:00+05:30,411.6596040735267,415.2775330764433,406.2523445282605,413.8028259277344,9468634,0.0,0.0
2018-01-11 00:00:00+05:30,414.9825512535298,426.0526947732614,414.9825512535298,423.06396484375,16775298,0.0,0.0
2018-01-12 00:00:00+05:30,426.99648196415524,427.0357978801231,420.99934063322485,424.10601806640625,18016528,0.0,0.0
2018-01-15 00:00:00+05:30,424.7156545927917,429.808290693632,418.85614197939617,425.16790771484375,10649250,0.0,0.0
2018-01-16 00:00:00+05:30,425.2072121109386,446.2660486155505,425.2072121109386,441.5666198730469,22646966,0.0,0.0
2018-01-17 00:00:00+05:30,442.35304164966374,456.8838481061828,441.62552923007127,453.0692443847656,26154088,0.0,0.0
2018-01-18 00:00:00+05:30,450.27725169275004,458.1030406026039,445.2042494744676,453.3052978515625,13204970,0.0,0.0
2018-01-19 00:00:00+05:30,450.27716725122775,451.4176168391085,446.73787074008277,449.6676025390625,5988278,0.0,0.0
2018-01-22 00:00:00+05:30,445.2238736862787,454.97657361132946,445.16487580672555,452.24346923828125,9650214,0.0,0.0
2018-01-23 00:00:00+05:30,454.2097653037192,467.1871871695398,454.2097653037192,462.90069580078125,15403796,0.0,0.0
2018-01-24 00:00:00+05:30,461.9962144131091,480.18426687184063,459.12543233662825,466.322021484375,20604718,0.0,0.0
2018-01-25 00:00:00+05:30,464.8276831763455,465.3782501008624,457.0608923618507,462.2322082519531,13548914,0.0,0.0
2018-01-29 00:00:00+05:30,458.7518667549918,470.4315268401436,458.22093383811574,465.18157958984375,10823002,0.0,0.0
2018-01-30 00:00:00+05:30,463.6086442857568,465.2602972067304,457.2378801517299,460.3642883300781,8628312,0.0,0.0
2018-01-31 00:00:00+05:30,455.84177777974975,458.77150983775186,449.15643933430306,452.341796875,9213698,0.0,0.0
2018-02-01 00:00:00+05:30,449.1760814599165,455.3502170570369,439.8756341513902,450.1199035644531,13005454,0.0,0.0
2018-02-02 00:00:00+05:30,446.44294778476416,457.3164632269441,444.41767398553264,449.5889892578125,10244486,0.0,0.0
2018-02-05 00:00:00+05:30,448.31096700240477,454.15079762950455,446.67894817946444,447.60308837890625,9860220,0.0,0.0
2018-02-06 00:00:00+05:30,432.56109932496815,443.7295581883144,430.67350290039747,435.6285095214844,10552078,0.0,0.0
2018-02-07 00:00:00+05:30,438.87284468668093,442.33350997573194,433.97683618577497,436.1397399902344,8342056,0.0,0.0
2018-02-08 00:00:00+05:30,441.54689985206926,450.82771175391343,439.089055174421,446.0496520996094,8807244,0.0,0.0
2018-02-09 00:00:00+05:30,439.65928428267307,440.5637903842729,434.9402221973492,436.1789855957031,4382690,0.0,0.0
2018-02-12 00:00:00+05:30,438.4009475029886,440.68179902317445,431.71560862505686,433.681884765625,6291972,0.0,0.0
2018-02-14 00:00:00+05:30,434.9401554671487,439.3839574509562,428.72670547285105,431.69580078125,8345712,0.0,0.0
2018-02-15 00:00:00+05:30,433.7605219312533,444.26041744879774,433.7605219312533,438.2632751464844,7986736,0.0,0.0
2018-02-16 00:00:00+05:30,442.41203333172456,448.9597410259897,439.69856325966776,443.6114807128906,9889222,0.0,0.0
2018-02-19 00:00:00+05:30,443.7492244140759,446.73795465056884,440.56386655669803,445.0666198730469,6461840,0.0,0.0
2018-02-20 00:00:00+05:30,434.05548651965546,452.0469143867216,434.05548651965546,447.1115417480469,7188594,0.0,0.0
2018-02-21 00:00:00+05:30,451.2603852587494,452.9907179055797,448.31097097601247,451.2210693359375,13771358,0.0,0.0
2018-02-22 00:00:00+05:30,450.4935480056717,457.74908779850045,448.48790792849667,456.47100830078125,17859974,0.0,0.0
2018-02-23 00:00:00+05:30,457.55240613927094,458.53554409831537,450.9653818136734,454.4653625488281,9459828,0.0,0.0
2018-02-26 00:00:00+05:30,452.6367810692592,454.2294839925744,446.0890717247711,447.7604064941406,5083608,0.0,0.0
2018-02-27 00:00:00+05:30,450.2575232316365,453.678872283577,442.66772665438845,452.3221130371094,6616026,0.0,0.0
2018-02-28 00:00:00+05:30,451.2995429154626,467.7769411975238,449.31363346439827,461.13092041015625,17268416,0.0,0.0
2018-03-01 00:00:00+05:30,459.9513074859203,459.9513074859203,454.6227279213798,456.47100830078125,6579852,0.0,0.0
2018-03-05 00:00:00+05:30,456.4709376375852,460.4231712898598,449.58897217675576,454.56365966796875,8101456,0.0,0.0
2018-03-06 00:00:00+05:30,457.1788707689813,458.29963853412954,449.7266556195468,452.7743835449219,6689734,0.0,0.0
2018-03-07 00:00:00+05:30,454.20980103210815,456.17607722705236,447.5441439331633,449.9233093261719,6370416,0.0,0.0
2018-03-08 00:00:00+05:30,451.85023065816443,458.45693730573333,451.85023065816443,454.858642578125,6093014,0.0,0.0
2018-03-09 00:00:00+05:30,457.1002463647635,458.5356376788678,454.4261393732857,457.51318359375,4220964,0.0,0.0
2018-03-12 00:00:00+05:30,462.4681298426629,468.70121535905776,460.7967951897451,466.3023681640625,7676970,0.0,0.0
2018-03-13 00:00:00+05:30,464.1197349199452,470.7264410132723,462.13382510366887,465.5354919433594,8581052,0.0,0.0
2018-03-14 00:00:00+05:30,464.04108956019746,468.2095846620703,459.75459870821925,464.355712890625,4429710,0.0,0.0
2018-03-15 00:00:00+05:30,464.04118440720794,467.34453803275966,460.8951424790235,465.0243225097656,6101500,0.0,0.0
2018-03-16 00:00:00+05:30,464.8276725861583,464.9849842759775,459.8136685036934,460.8558044433594,17954826,0.0,0.0
2018-03-19 00:00:00+05:30,457.7490451530821,464.237755844685,449.35305637429815,450.96539306640625,7526620,0.0,0.0
2018-03-20 00:00:00+05:30,451.692913303397,460.1085841877888,451.692913303397,457.9653625488281,8553766,0.0,0.0
2018-03-21 00:00:00+05:30,460.10865695471426,462.2715608976638,457.0412467064324,459.1255187988281,7692994,0.0,0.0
2018-03-22 00:00:00+05:30,457.9457144261182,463.03835044259534,454.32778551921416,456.68731689453125,6813168,0.0,0.0
2018-03-23 00:00:00+05:30,451.0637168414066,461.602975460365,449.2350705505519,459.1647644042969,12008084,0.0,0.0
2018-03-26 00:00:00+05:30,458.8895385094056,458.8895385094056,449.88398412140225,454.30810546875,8930722,0.0,0.0
2018-03-27 00:00:00+05:30,456.17609033964743,456.68734136694457,452.28285376079043,453.8165588378906,3802088,0.0,0.0
2018-03-28 00:00:00+05:30,452.5383782863154,452.5383782863154,442.90362680422567,445.0862121582031,12558322,0.0,0.0
2018-04-02 00:00:00+05:30,448.7041473096601,452.06649820263095,440.9570396912393,447.19012451171875,8072702,0.0,0.0
2018-04-03 00:00:00+05:30,446.2266974303242,449.70704467543135,443.6312224716868,448.4879150390625,4077168,0.0,0.0
2018-04-04 00:00:00+05:30,449.8839762999859,450.10028587512227,440.4458509230631,442.0975036621094,4813302,0.0,0.0
2018-04-05 00:00:00+05:30,448.13401796451166,452.7547669316132,444.0244719951523,451.2800598144531,7763544,0.0,0.0
2018-04-06 00:00:00+05:30,449.49069157002134,450.67045716469335,441.27164832618297,443.1986083984375,5937742,0.0,0.0
2018-04-09 00:00:00+05:30,442.41204964430716,442.72667297041056,435.1565112320524,437.0047912597656,7202882,0.0,0.0
2018-04-10 00:00:00+05:30,437.29980540453306,442.2154956631272,434.7043305489529,437.8503723144531,8926058,0.0,0.0
2018-04-11 00:00:00+05:30,439.6592816434915,444.9682264576124,439.06939888636697,442.11712646484375,9025574,0.0,0.0
2018-04-12 00:00:00+05:30,444.16194824586705,461.1899130766119,442.4119822734499,457.1983642578125,17044366,0.0,0.0
2018-04-13 00:00:00+05:30,461.68168365859367,466.36143093888563,452.3418710632857,460.6788635253906,21227038,0.0,0.0
2018-04-16 00:00:00+05:30,433.36720689496934,448.31090368445103,433.36720689496934,445.6367492675781,24745084,0.0,0.0
2018-04-17 00:00:00+05:30,443.1986317698742,443.3559434584164,438.4795691423334,442.4907531738281,10397940,0.0,0.0
2018-04-18 00:00:00+05:30,441.5666543919135,446.246401537081,438.0273570895705,442.7857360839844,10430380,0.0,0.0
2018-04-19 00:00:00+05:30,442.018786016454,448.23223655204873,441.6648467825669,445.49908447265625,8525542,0.0,0.0
2018-04-20 00:00:00+05:30,447.9177398641083,469.4287833229172,447.1115473814877,463.431640625,24272692,0.0,0.0
2018-04-23 00:00:00+05:30,459.32204507505827,477.5690948228321,454.3080415864393,467.06915283203125,21830638,0.0,0.0
2018-04-24 00:00:00+05:30,466.0074373280759,470.49055645269596,452.2828205011691,454.0131530761719,8526216,0.0,0.0
2018-04-25 00:00:00+05:30,453.0299883636855,460.50183713010045,450.35583381379143,456.31365966796875,11594178,0.0,0.0
2018-04-26 00:00:00+05:30,461.6816549412616,464.69006714894937,456.1760815433249,462.6451110839844,11302084,0.0,0.0
2018-04-27 00:00:00+05:30,464.0410605121474,468.6028104891079,461.7601615212784,466.0859680175781,7663370,0.0,0.0
2018-04-30 00:00:00+05:30,464.7096031622036,475.03255110758573,464.2967140472565,471.7095642089844,5511678,0.0,0.0
2018-05-02 00:00:00+05:30,471.4735756075383,472.53534523557033,464.4342993191882,470.7460632324219,10295042,0.0,0.0
2018-05-03 00:00:00+05:30,470.824684727405,473.7544161216273,462.5073294743435,465.0438537597656,5332230,0.0,0.0
2018-05-04 00:00:00+05:30,466.00750621615845,466.40076149566573,454.2098478309392,461.3277587890625,6023368,0.0,0.0
2018-05-07 00:00:00+05:30,464.5327810705061,467.9737646339913,462.2715633002158,465.2209777832031,4638960,0.0,0.0
2018-05-08 00:00:00+05:30,463.2152732803609,463.2152732803609,456.5889332820321,458.35858154296875,5718556,0.0,0.0
2018-05-09 00:00:00+05:30,459.12542220720485,462.82203049659626,457.35577389891154,460.3838195800781,3783504,0.0,0.0
2018-05-10 00:00:00+05:30,462.4681241806239,465.22091063408,457.2968085992456,459.32208251953125,3182862,0.0,0.0
2018-05-11 00:00:00+05:30,461.01310275900477,465.2995461523028,458.55525769184464,464.3360900878906,3311706,0.0,0.0
2018-05-14 00:00:00+05:30,465.7517528731449,468.5635369509787,460.1085507617667,467.6983947753906,4432094,0.0,0.0
2018-05-15 00:00:00+05:30,467.22656680030803,475.0523561086862,467.22656680030803,469.7630920410156,5611974,0.0,0.0
2018-05-16 00:00:00+05:30,466.8922401626681,471.11973359854824,465.81078835348944,467.9540100097656,6205004,0.0,0.0
2018-05-17 00:00:00+05:30,470.33321304143095,470.90341387205063,461.50465311894664,465.18157958984375,9519598,0.0,0.0
2018-05-18 00:00:00+05:30,465.2209287042079,466.6170039474586,461.28837647509374,465.299560546875,7139660,0.0,0.0
2018-05-21 00:00:00+05:30,463.8641949015598,467.344493854663,460.10858850289117,463.8445129394531,8475320,0.0,0.0
2018-05-22 00:00:00+05:30,462.07494075420504,471.1198119349257,461.6423695595641,469.48779296875,5636804,0.0,0.0
2018-05-23 00:00:00+05:30,469.93997716113853,474.91466518141664,464.6310318124562,465.9681091308594,9538442,0.0,0.0
2018-05-24 00:00:00+05:30,471.11974197875077,482.74045264600096,471.11974197875077,480.16461181640625,9740570,0.0,0.0
2018-05-25 00:00:00+05:30,483.7432004133402,491.0381034017469,480.08595594319786,483.0353698730469,8901438,0.0,0.0
2018-05-28 00:00:00+05:30,484.09714900388155,484.7263477200701,474.26576904848184,477.5691223144531,5739794,0.0,0.0
2018-05-29 00:00:00+05:30,477.43148392482595,482.34717381324606,474.3443922710709,478.47357177734375,3388934,0.0,0.0
2018-05-30 00:00:00+05:30,478.5915960575629,483.21234482804476,474.10847701120196,476.50732421875,6323066,0.0,0.0
2018-05-31 00:00:00+05:30,476.50721571336874,488.42286520159837,475.9370149840857,484.41168212890625,19720340,0.0,0.0
2018-06-01 00:00:00+05:30,483.861208341777,490.09429366933267,478.67021089181645,480.0859680175781,4998356,0.0,0.0
2018-06-04 00:00:00+05:30,480.20383301117585,488.81613001955543,476.6252209040235,487.4004211425781,4270156,0.0,0.0
2018-06-05 00:00:00+05:30,488.4228856268591,488.4228856268591,478.5915070916969,480.10552978515625,4710862,0.0,0.0
2018-06-06 00:00:00+05:30,481.8162299756202,488.24599060769725,479.7910041913432,486.63360595703125,4038184,0.0,0.0
2018-06-07 00:00:00+05:30,486.84989176487096,494.71499502440037,486.84989176487096,492.53240966796875,6676226,0.0,0.0
2018-06-08 00:00:00+05:30,490.7825260382104,496.28809924697237,490.01569754319115,495.5212707519531,6459878,0.0,0.0
2018-06-11 00:00:00+05:30,497.6841064210238,499.4340727496115,493.5549270793931,496.4453430175781,5171290,0.0,0.0
2018-06-12 00:00:00+05:30,497.7627517100029,499.9256552331354,491.74592816192074,494.9116516113281,7839820,0.0,0.0
2018-06-13 00:00:00+05:30,498.17567490848904,504.9396447168013,498.17567490848904,501.32171630859375,5766928,0.0,0.0
2018-06-14 00:00:00+05:30,504.82705552156233,504.82705552156233,497.2123359092425,499.4685363769531,7598848,15.25,0.0
2018-06-15 00:00:00+05:30,498.38053515625,520.3382871093751,497.57474609375004,516.2086181640625,19957760,0.0,0.0
2018-06-18 00:00:00+05:30,517.3165794385017,520.2375647974807,508.5939029784994,510.6285400390625,8214846,0.0,0.0
2018-06-19 00:00:00+05:30,508.85587136978205,509.01703904340593,498.8036709389048,500.2339172363281,7545700,0.0,0.0
2018-06-20 00:00:00+05:30,503.0139052164277,504.56503958124176,498.7835119406788,500.8584289550781,5371802,0.0,0.0
2018-06-21 00:00:00+05:30,501.98640387622834,506.23696070394675,497.97762310392216,502.2281799316406,5798790,0.0,0.0
2018-06-22 00:00:00+05:30,500.7979851966082,505.83416767042763,500.0727552477904,502.75201416015625,4343118,0.0,0.0
2018-06-25 00:00:00+05:30,506.4990105111857,515.2216893723476,505.2298825488708,512.6632690429688,7731178,0.0,0.0
2018-06-26 00:00:00+05:30,511.2731991153735,517.2763379247311,510.1652390700092,514.8388061523438,4483504,0.0,0.0
2018-06-27 00:00:00+05:30,517.2965075183337,521.1240062591833,509.90340136572365,511.6761474609375,6952142,0.0,0.0
2018-06-28 00:00:00+05:30,514.2143468002049,522.957139083013,514.1941823996112,519.5728149414062,10996818,0.0,0.0
2018-06-29 00:00:00+05:30,522.9773719961735,529.8064160128764,517.0145120521092,526.663818359375,9966600,0.0,0.0
2018-07-02 00:00:00+05:30,529.4035095742017,539.8787692765832,529.4035095742017,537.743408203125,4830144,0.0,0.0
2018-07-03 00:00:00+05:30,536.6153416962175,547.0906015718523,536.5548976683331,545.4185791015625,8127452,0.0,0.0
2018-07-04 00:00:00+05:30,544.7336833733119,544.9754103057913,539.4154449514084,541.9738159179688,5025722,0.0,0.0
2018-07-05 00:00:00+05:30,542.739353062202,542.7997970937569,510.9106768919242,517.3167114257812,17019902,0.0,0.0
2018-07-06 00:00:00+05:30,519.8347258505618,524.5082930883754,511.27321612428824,517.4173583984375,11215356,0.0,0.0
2018-07-09 00:00:00+05:30,522.5542764365148,524.9716439450877,515.3223383126212,523.2996215820312,6644998,0.0,0.0
2018-07-10 00:00:00+05:30,527.1875067359567,529.9876041224585,521.4664239281058,524.3269653320312,5974488,0.0,0.0
2018-07-11 00:00:00+05:30,530.8338421777539,540.7248758865858,520.2779733082115,532.002197265625,11899832,0.0,0.0
2018-07-12 00:00:00+05:30,534.2784747508383,534.6813693173017,517.497906221344,521.486572265625,13272240,0.0,0.0
2018-07-13 00:00:00+05:30,529.806480475005,536.4945220272152,523.0982745171058,530.7734375,19496158,0.0,0.0
2018-07-16 00:00:00+05:30,530.7732244486077,557.7671559644915,518.8072282826922,536.9979248046875,35344680,0.0,0.0
2018-07-17 00:00:00+05:30,535.7289649982516,543.7062982727681,528.8797563501323,535.0037841796875,11161690,0.0,0.0
2018-07-18 00:00:00+05:30,539.7981365381414,541.2485470785587,529.4034374991347,532.8482055664062,6919016,0.0,0.0
2018-07-19 00:00:00+05:30,533.0295274904356,536.6152990762868,527.4292830115745,530.4912719726562,5118864,0.0,0.0
2018-07-20 00:00:00+05:30,534.2381908674092,550.8173119813748,532.3446060927276,543.1421508789062,11705738,0.0,0.0
2018-07-23 00:00:00+05:30,544.7738398895999,551.1597082519876,538.3678071284492,546.3048095703125,7675702,0.0,0.0
2018-07-24 00:00:00+05:30,553.7384751426314,556.9616326822492,546.3252029652143,554.846435546875,6172246,0.0,0.0
2018-07-25 00:00:00+05:30,555.5916218524164,561.5544812664215,550.132380659815,557.50537109375,6936922,0.0,0.0
2018-07-26 00:00:00+05:30,555.410324253683,560.1846150298348,551.6432207121932,553.2749633789062,7362218,0.0,0.0
2018-07-27 00:00:00+05:30,553.2548061422392,559.6205600471839,551.2806620862378,553.3555297851562,6493232,0.0,0.0
2018-07-30 00:00:00+05:30,551.9654815696416,553.1741651059256,543.1018023035598,544.3104858398438,6409970,0.0,0.0
2018-07-31 00:00:00+05:30,543.3235180986217,551.9655873669252,538.0858884374757,549.9913940429688,7943996,0.0,0.0
2018-08-01 00:00:00+05:30,549.4676508874627,551.3410713495545,544.310580562617,545.5394287109375,4675706,0.0,0.0
2018-08-02 00:00:00+05:30,547.7753765363275,550.6560821747407,543.9680430158978,545.378173828125,5940742,0.0,0.0
2018-08-03 00:00:00+05:30,550.434569780183,550.434569780183,546.3250646303298,549.5885009765625,3970390,0.0,0.0
2018-08-06 00:00:00+05:30,550.3741880397221,553.9800750373774,542.9004735366299,548.1985473632812,6178930,0.0,0.0
2018-08-07 00:00:00+05:30,553.5771804402652,555.9743836378517,548.198547366168,551.1396484375,7351528,0.0,0.0
2018-08-08 00:00:00+05:30,552.6907710649621,552.9727775813067,545.2372217860884,549.0445556640625,3992358,0.0,0.0
2018-08-09 00:00:00+05:30,553.4361588470902,559.8018638079582,553.4361588470902,555.974365234375,6409524,0.0,0.0
2018-08-10 00:00:00+05:30,558.3312379721441,559.6204807462038,553.1943329112988,558.190185546875,4779520,0.0,0.0
2018-08-13 00:00:00+05:30,560.0234851583297,568.0209330057718,555.4707565776204,567.5777587890625,9979746,0.0,0.0
2018-08-14 00:00:00+05:30,569.6727382378875,573.9434598800646,565.6639570750765,567.3964233398438,6151320,0.0,0.0
2018-08-16 00:00:00+05:30,570.0756467657172,578.1134228701965,568.5849565433801,575.9579467773438,6626774,0.0,0.0
2018-08-17 00:00:00+05:30,576.5018240784468,579.2213623034343,573.318947282539,576.2802124023438,6390408,0.0,0.0
2018-08-20 00:00:00+05:30,559.2176416888658,567.2553683791713,553.375670648168,557.706787109375,16101876,0.0,0.0
2018-08-21 00:00:00+05:30,560.0234693954955,562.440836889289,553.476432433138,557.5859375,8361482,0.0,0.0
2018-08-23 00:00:00+05:30,561.2321368655046,564.6567407157248,558.1499835640132,563.0048828125,7717182,0.0,0.0
2018-08-24 00:00:00+05:30,562.6421695081248,564.8178096454144,554.4231118680626,555.3095092773438,7053000,0.0,0.0
2018-08-27 00:00:00+05:30,557.2031050654176,572.0900374768307,556.5584836883293,570.2568969726562,7012950,0.0,0.0
2018-08-28 00:00:00+05:30,570.9822575201649,579.5236532980914,568.6857777713612,574.0039672851562,6496890,0.0,0.0
2018-08-29 00:00:00+05:30,577.5897278428147,577.5897278428147,566.1273953690795,568.1217041015625,5646496,0.0,0.0
2018-08-30 00:00:00+05:30,569.2096042180511,572.7349325481565,562.5013981878981,570.5794067382812,11507962,0.0,0.0
2018-08-31 00:00:00+05:30,574.16501530328,585.9295657117973,572.5534370978501,580.611328125,10875864,0.0,0.0
2018-09-03 00:00:00+05:30,583.7941343438154,591.4088502802437,576.1391387934134,577.8514404296875,10976328,0.0,0.0
2018-09-04 00:00:00+05:30,581.7798223567758,603.1332368892613,576.94508699093,593.987548828125,15370124,0.0,2.0
2018-09-05 00:00:00+05:30,597.8552570282495,599.5473945348575,584.5194567142267,588.1455078125,8658978,0.0,0.0
2018-09-06 00:00:00+05:30,590.2809200502065,592.6580082335973,583.4719908807045,585.9296875,5598659,0.0,0.0
2018-09-07 00:00:00+05:30,591.7312631942992,592.3759338818768,583.2301972026557,590.4822998046875,6510605,0.0,0.0
2018-09-10 00:00:00+05:30,594.470852611513,601.9244010854629,587.7425339319365,588.910888671875,5629871,0.0,0.0
2018-09-11 00:00:00+05:30,592.9802711876397,600.1114856853314,589.8376737450991,591.6909790039062,6963561,0.0,0.0
2018-09-12 00:00:00+05:30,599.8293500013447,601.5214872251754,593.2621499926797,598.6206665039062,4636617,0.0,0.0
2018-09-14 00:00:00+05:30,597.8150622304055,600.3129892243877,587.4606408939603,591.2075805664062,7896514,0.0,0.0
2018-09-17 00:00:00+05:30,592.2550902915891,596.2840364840489,583.8748625386839,584.9627075195312,5427054,0.0,0.0
2018-09-18 00:00:00+05:30,588.2261151032607,588.2261151032607,577.75085551923,579.4429931640625,7729732,0.0,0.0
2018-09-19 00:00:00+05:30,585.8087687782216,585.8087687782216,574.6888872676941,579.966796875,4849498,0.0,0.0
2018-09-21 00:00:00+05:30,575.2125462530424,578.0731369872121,557.6060735736288,568.3230590820312,14350769,0.0,0.0
2018-09-24 00:00:00+05:30,569.2900341337996,588.1857995262679,569.2900341337996,578.758056640625,8637881,0.0,0.0
2018-09-25 00:00:00+05:30,578.7579688614809,593.0607240961364,577.7507325773502,585.1640014648438,9602273,0.0,0.0
2018-09-26 00:00:00+05:30,589.1930447966812,589.7167782428395,573.7218830577079,578.4357299804688,6599606,0.0,0.0
2018-09-27 00:00:00+05:30,581.7798107859599,588.8707460118769,578.1134797094061,584.0360107421875,14592616,0.0,0.0
2018-09-28 00:00:00+05:30,580.973975471734,591.8924085864004,576.3004082515279,588.266357421875,7490031,0.0,0.0
2018-10-01 00:00:00+05:30,594.2694660574568,608.2902161834658,590.6434150781232,601.6424560546875,8252398,0.0,0.0
2018-10-03 00:00:00+05:30,599.3458968453524,605.9130973991623,585.2445882046844,587.017333984375,7792464,0.0,0.0
2018-10-04 00:00:00+05:30,587.0173001696332,588.0245364430883,566.0667856817671,569.85400390625,6173037,0.0,0.0
2018-10-05 00:00:00+05:30,574.5277421893782,589.4348434944321,571.5463120920726,583.8748779296875,8543578,0.0,0.0
2018-10-08 00:00:00+05:30,584.2372660146752,587.1784153429442,571.5058104921007,575.6959228515625,7259306,0.0,0.0
2018-10-09 00:00:00+05:30,577.8313199731997,582.1020413712523,566.1877073062625,578.3551025390625,6777212,0.0,0.0
2018-10-10 00:00:00+05:30,580.0876483969016,580.0876483969016,560.3458135535266,564.4150390625,8866251,0.0,0.0
2018-10-11 00:00:00+05:30,551.9655265339553,558.3312800162022,534.4798934483389,542.5780639648438,10985897,0.0,0.0
2018-10-12 00:00:00+05:30,545.0357402556482,551.1999970602849,533.029463580273,546.9696044921875,8909221,0.0,0.0
2018-10-15 00:00:00+05:30,554.8664501816072,568.0814133709093,549.1453662585457,563.0855102539062,6222176,0.0,0.0
2018-10-16 00:00:00+05:30,572.1102423532452,575.2528394134042,555.5110071068485,560.224853515625,11588963,0.0,0.0
2018-10-17 00:00:00+05:30,572.1103428439208,581.6186457478495,565.14024645922,568.3634033203125,20360697,0.0,0.0
2018-10-19 00:00:00+05:30,553.5772240062154,554.1412863269414,546.3251206349549,550.7972412109375,10421001,0.0,0.0
2018-10-22 00:00:00+05:30,554.9470794441985,560.0638216301979,542.9407996624791,547.8964233398438,6672840,0.0,0.0
2018-10-23 00:00:00+05:30,544.6732243490736,549.5482392154977,526.4220791365574,529.886962890625,9041701,0.0,0.0
2018-10-24 00:00:00+05:30,534.238233801473,537.0584959708624,521.4664947926832,523.601806640625,7058164,0.0,0.0
2018-10-25 00:00:00+05:30,523.7646215302866,534.6390304108576,518.2663148501475,528.4483642578125,8270469,7.0,0.0
2018-10-26 00:00:00+05:30,525.6381978924801,528.4077356882434,513.0939407233702,516.1077880859375,5464141,0.0,0.0
2018-10-29 00:00:00+05:30,516.1891425143222,529.914524053767,514.3970920286146,525.1900634765625,7137446,0.0,0.0
2018-10-30 00:00:00+05:30,522.2171214154915,540.7077398561147,519.2439917296539,537.2865600585938,8793411,0.0,0.0
2018-10-31 00:00:00+05:30,540.789187969846,564.4522678484144,540.0967785751158,559.1168823242188,11947995,0.0,0.0
2018-11-01 00:00:00+05:30,561.804859203421,561.804859203421,537.2864504218718,543.0698852539062,5860244,0.0,0.0
2018-11-02 00:00:00+05:30,542.4590268105876,550.4824641144593,537.6937965168486,539.4451293945312,6654067,0.0,0.0
2018-11-05 00:00:00+05:30,540.4632845583621,544.6175416138907,535.1686178671348,542.4996948242188,5799426,0.0,0.0
2018-11-06 00:00:00+05:30,544.0472775634202,549.8306616734668,538.1416889750756,542.8661499023438,6975525,0.0,0.0
2018-11-07 00:00:00+05:30,548.2015660961499,551.867104056674,547.3870021049223,550.2379760742188,758956,0.0,0.0
2018-11-09 00:00:00+05:30,553.0890796768385,553.0890796768385,533.9468213964177,537.205078125,9694143,0.0,0.0
2018-11-12 00:00:00+05:30,542.4996525995123,550.9711385329288,539.4857556972174,541.033447265625,7118080,0.0,0.0
2018-11-13 00:00:00+05:30,540.4632591654274,543.9251564547312,534.5983879319037,542.2553100585938,4137808,0.0,0.0
2018-11-14 00:00:00+05:30,542.2552927126854,542.2552927126854,521.7282689105028,532.0732421875,7323026,0.0,0.0
2018-11-15 00:00:00+05:30,532.7249577802991,542.4997276478275,526.7786493876293,534.679931640625,5513390,0.0,0.0
2018-11-16 00:00:00+05:30,537.5308410711052,539.6486877323691,524.7421754335104,530.1589965820312,8583785,0.0,0.0
2018-11-19 00:00:00+05:30,536.7976250515924,539.2413168196573,528.8556268053813,530.851318359375,6018930,0.0,0.0
2018-11-20 00:00:00+05:30,530.8514259418517,534.3540415758451,521.4024526935144,522.46142578125,5384830,0.0,0.0
2018-11-21 00:00:00+05:30,521.3210409910587,521.3617592539764,498.5946819735353,504.296630859375,14359086,0.0,0.0
2018-11-22 00:00:00+05:30,506.86262400977034,511.6685731559872,502.38252046287806,505.6407775878906,6632975,0.0,0.0
2018-11-26 00:00:00+05:30,505.8442516807134,511.5461997672915,488.6162029323072,506.2108154296875,15075209,0.0,0.0
2018-11-27 00:00:00+05:30,509.5098097124708,522.1355523991907,509.3468869602012,520.4249877929688,12285851,0.0,0.0
2018-11-28 00:00:00+05:30,522.0947181525065,544.698865360249,521.320872538925,542.8253784179688,17719890,0.0,0.0
2018-11-29 00:00:00+05:30,546.5724511462523,549.7492706746045,536.6347602729121,538.467529296875,13399070,0.0,0.0
2018-11-30 00:00:00+05:30,538.4268380570767,547.3870426238359,538.3861197979093,543.6807861328125,10445773,0.0,0.0
2018-12-03 00:00:00+05:30,548.323787770569,553.0889673818134,542.4589169064698,546.04296875,8260890,0.0,0.0
2018-12-04 00:00:00+05:30,547.835199427883,560.6238686339954,546.8169940725725,558.18017578125,7827923,0.0,0.0
2018-12-05 00:00:00+05:30,556.3472278628434,556.8767143647568,547.7943056189783,555.0439453125,5177288,0.0,0.0
2018-12-06 00:00:00+05:30,550.7267387200067,558.3429424786075,541.318533810718,544.5360717773438,8039771,0.0,0.0
2018-12-07 00:00:00+05:30,547.3871644708879,558.5874226724872,542.1739334938668,556.1844482421875,5553948,0.0,0.0
2018-12-10 00:00:00+05:30,545.6764058759818,556.9988148653583,541.8479453964508,545.106201171875,5121196,0.0,0.0
2018-12-11 00:00:00+05:30,545.1062823124092,555.4512558826656,538.1010015222698,549.4234619140625,7120933,0.0,0.0
2018-12-12 00:00:00+05:30,551.5412921162655,554.4330342346219,546.2466258512825,552.6817016601562,6926183,0.0,0.0
2018-12-13 00:00:00+05:30,555.5327365373633,570.1948908741266,553.903608277723,568.3621215820312,7521474,0.0,0.0
2018-12-14 00:00:00+05:30,568.1176337251358,581.3542978393418,565.6332236348,575.1228637695312,9560576,0.0,0.0
2018-12-17 00:00:00+05:30,579.847528932951,579.847528932951,564.2893719813133,565.6334228515625,4778465,0.0,0.0
2018-12-18 00:00:00+05:30,559.1983612880854,559.1983612880854,549.4643084934103,551.1341552734375,8021298,0.0,0.0
2018-12-19 00:00:00+05:30,547.0204550621521,547.0204550621521,538.5082511505982,541.5628662109375,8295459,0.0,0.0
2018-12-20 00:00:00+05:30,537.6122530377354,547.0204575224874,534.6798424534375,543.3549194335938,11705260,0.0,0.0
2018-12-21 00:00:00+05:30,537.2049683201853,537.2049683201853,524.1312258124353,526.3712768554688,12802132,0.0,0.0
2018-12-24 00:00:00+05:30,535.1684888184346,536.6346939128862,527.5115681783582,528.6519775390625,8379825,0.0,0.0
2018-12-26 00:00:00+05:30,527.0229691393621,527.0229691393621,519.1624057406502,524.6199951171875,6178552,0.0,0.0
2018-12-27 00:00:00+05:30,531.7066410395826,540.2595628793614,528.6520260968044,535.005615234375,15333902,0.0,0.0
2018-12-28 00:00:00+05:30,540.3411104309241,540.4633149405643,532.1547506453927,535.1279296875,4736598,0.0,0.0
2018-12-31 00:00:00+05:30,537.6123013972368,539.2414295832891,534.1911222631178,536.7570190429688,3373319,0.0,0.0
2019-01-01 00:00:00+05:30,538.3861372454661,542.7440351755266,532.8471114590108,541.725830078125,2943390,0.0,0.0
2019-01-02 00:00:00+05:30,542.4996594054854,549.0161718307766,539.2821214520891,544.9840698242188,7416655,0.0,0.0
2019-01-03 00:00:00+05:30,547.3871006992933,551.4599213890202,540.1374599847597,545.0656127929688,6827249,0.0,0.0
2019-01-04 00:00:00+05:30,547.1833741542399,548.9347066639544,530.2811709332493,538.467529296875,7889310,0.0,0.0
2019-01-07 00:00:00+05:30,541.6851109386865,548.6903421106242,538.8341366705881,547.1427001953125,8046340,0.0,0.0
2019-01-08 00:00:00+05:30,549.7900288483215,551.8264390227971,544.576798914846,545.7986450195312,8621545,0.0,0.0
2019-01-09 00:00:00+05:30,558.9539964031933,561.8864078064543,540.8706601709346,550.7268676757812,18130292,0.0,0.0
2019-01-10 00:00:00+05:30,555.2068827159974,555.532728249884,547.8350873945076,553.6592407226562,9572493,0.0,0.0
2019-01-11 00:00:00+05:30,554.0665867167969,558.3837670952016,547.7944323435786,556.754638671875,12281903,0.0,0.0
2019-01-14 00:00:00+05:30,575.8968106762389,578.5034257033313,566.8958874400549,571.7425537109375,19312937,0.0,0.0
2019-01-15 00:00:00+05:30,576.0597896557134,594.6318427460143,576.0597896557134,591.8623046875,19671304,0.0,0.0
2019-01-16 00:00:00+05:30,594.5503143060685,600.9853404094114,593.4099047601375,600.1707763671875,9658944,0.0,0.0
2019-01-17 00:00:00+05:30,599.3562878012979,601.9629030080716,593.89869808772,597.360595703125,6903771,0.0,0.0
2019-01-18 00:00:00+05:30,594.6317938089753,599.6821011792555,591.6178966914656,595.4056396484375,5902151,0.0,0.0
2019-01-21 00:00:00+05:30,601.3112545854243,611.7376655732226,597.8900752739619,606.8502807617188,8129422,0.0,0.0
2019-01-22 00:00:00+05:30,603.7956221123251,610.1084937094522,597.8900325537222,607.1353149414062,6723375,0.0,0.0
2019-01-23 00:00:00+05:30,604.6916259759801,604.895266996342,593.9801381351687,595.975830078125,7212099,0.0,0.0
2019-01-24 00:00:00+05:30,596.3442913271854,602.8966254716526,590.5291147701076,599.53857421875,7429783,4.0,0.0
2019-01-25 00:00:00+05:30,596.2624664739103,604.3710007806147,593.19105953809,598.1871948242188,5543112,0.0,0.0
2019-01-28 00:00:00+05:30,598.7196253995122,600.0300724357103,588.8911226569757,596.2215576171875,7944693,0.0,0.0
2019-01-29 00:00:00+05:30,594.2148825238887,600.2348203314026,586.843505621456,596.1806030273438,6760819,0.0,0.0
2019-01-30 00:00:00+05:30,596.1806253212579,601.8319844969104,590.6111003499817,594.5425415039062,5763026,0.0,0.0
2019-01-31 00:00:00+05:30,594.6243560691161,615.3461039340616,594.6243560691161,613.9127807617188,13825233,0.0,0.0
2019-02-01 00:00:00+05:30,615.387115206831,624.5194524419586,609.7766981548041,620.0556640625,6276585,0.0,0.0
2019-02-04 00:00:00+05:30,620.0146955921136,624.519425877129,613.6261790041616,619.11376953125,3945391,0.0,0.0
2019-02-05 00:00:00+05:30,611.824324990851,622.4309280392984,611.824324990851,618.2537841796875,4694366,0.0,0.0
2019-02-06 00:00:00+05:30,618.8271077871492,628.1642055977976,617.8442474928149,625.1746826171875,5880482,0.0,0.0
2019-02-07 00:00:00+05:30,624.9698860688056,630.2117740091531,623.2908602409962,625.7479858398438,3961797,0.0,0.0
2019-02-08 00:00:00+05:30,622.4718266893599,632.5050896853397,618.2947331116629,623.208984375,5915169,0.0,0.0
2019-02-11 00:00:00+05:30,628.1232384244684,629.6384459079119,621.6527875695677,624.76513671875,5500216,0.0,0.0
2019-02-12 00:00:00+05:30,622.7584476607594,622.7584476607594,606.9100079355055,614.6499633789062,7310690,0.0,0.0
2019-02-14 00:00:00+05:30,615.1005388957788,616.7386228875118,603.8387114526137,606.1320190429688,4610535,0.0,0.0
2019-02-15 00:00:00+05:30,607.9747550028037,611.4147407694353,600.0300390630551,607.6881103515625,5586389,0.0,0.0
2019-02-18 00:00:00+05:30,608.0156720970807,612.3566337140543,602.8147765617418,606.950927734375,5346825,0.0,0.0
2019-02-19 00:00:00+05:30,605.353866143418,606.5414869315065,590.7749298916114,593.2320556640625,9401334,0.0,0.0
2019-02-20 00:00:00+05:30,595.4434832343671,608.5481541171042,594.6653834026342,606.6643676757812,5210675,0.0,0.0
2019-02-21 00:00:00+05:30,604.452949172599,604.452949172599,595.5253720680821,600.726318359375,7202786,0.0,0.0
2019-02-22 00:00:00+05:30,599.9481105676813,604.6166587640241,596.2624225164122,601.9547729492188,3750833,0.0,0.0
2019-02-25 00:00:00+05:30,602.4462483060341,620.8337486160164,602.4462483060341,618.2947387695312,6547552,0.0,0.0
2019-02-26 00:00:00+05:30,613.1346848978538,616.410852169529,606.2138215287165,608.1385498046875,8319610,0.0,0.0
2019-02-27 00:00:00+05:30,610.1861582642224,611.3328368128035,600.1528959303475,602.2005004882812,5936354,0.0,0.0
2019-02-28 00:00:00+05:30,605.0262898765588,608.0567550466212,599.7844014748101,601.4224853515625,8559921,0.0,0.0
2019-03-01 00:00:00+05:30,602.4052680355632,608.8757185109415,602.4052680355632,607.6471557617188,3998826,0.0,0.0
2019-03-05 00:00:00+05:30,606.5005162366015,608.1386000076659,598.1053369098963,599.9481811523438,4826505,0.0,0.0
2019-03-06 00:00:00+05:30,602.8967119441199,602.8967119441199,595.4434507819166,599.9481811523438,6076668,0.0,0.0
2019-03-07 00:00:00+05:30,601.1766836673571,601.5862045690379,590.1605614140758,592.1262817382812,5951551,0.0,0.0
2019-03-08 00:00:00+05:30,592.1264557391999,592.1264557391999,582.0522485955387,583.444580078125,7193994,0.0,0.0
2019-03-11 00:00:00+05:30,584.2225438673331,588.481571501881,581.0283106341827,582.5435180664062,9932198,0.0,0.0
2019-03-12 00:00:00+05:30,580.7006933376064,585.5740025251808,577.9159309474641,579.0216674804688,11997387,0.0,0.0
2019-03-13 00:00:00+05:30,581.519687919054,588.5634275230623,578.4892232092941,580.2501831054688,11348867,0.0,0.0
2019-03-14 00:00:00+05:30,584.795880370228,585.5330380306991,578.4073639440849,580.1682739257812,6415187,0.0,0.0
2019-03-15 00:00:00+05:30,583.1577472773291,592.7814881909649,581.1920270094706,588.5224609375,14638664,0.0,0.0
2019-03-18 00:00:00+05:30,590.9796997403197,592.7406599012969,577.7112103606929,581.68359375,8065544,0.0,0.0
2019-03-19 00:00:00+05:30,583.8130832408314,595.0339677862826,579.3902867711118,591.5530395507812,8917337,0.0,0.0
2019-03-20 00:00:00+05:30,595.6481578318978,607.974727105565,595.5662736468282,605.23095703125,13471173,0.0,0.0
2019-03-22 00:00:00+05:30,610.186265652015,611.2919523117528,599.7844226690037,608.6300659179688,8883260,0.0,0.0
2019-03-25 00:00:00+05:30,608.0566695201097,608.0566695201097,598.3509939212969,602.2005004882812,7644966,0.0,0.0
2019-03-26 00:00:00+05:30,602.2005534720806,602.2005534720806,588.9730068678833,596.0577392578125,9406261,0.0,0.0
2019-03-27 00:00:00+05:30,597.9006708681136,599.7844575042842,595.5664211218262,597.6549682617188,7387487,0.0,0.0
2019-03-28 00:00:00+05:30,597.9004253351329,610.1860505132521,597.9004253351329,604.2889404296875,9277241,0.0,0.0
2019-04-01 00:00:00+05:30,607.7290675919719,622.4718212532326,607.7290675919719,618.45849609375,6584982,0.0,0.0
2019-04-02 00:00:00+05:30,621.6528319781129,627.222307167725,618.0490274487653,621.98046875,7283600,0.0,0.0
2019-04-03 00:00:00+05:30,619.1956760565308,621.2432808053951,611.6604805826406,616.9842529296875,6897127,0.0,0.0
2019-04-04 00:00:00+05:30,615.4281090775968,617.3937796607026,610.2681050698608,612.5614624023438,7688525,0.0,0.0
2019-04-05 00:00:00+05:30,615.0186973571325,623.2500599885425,612.6434554082028,621.8986206054688,6276040,0.0,0.0
2019-04-08 00:00:00+05:30,624.9698653517939,630.6622161318325,618.7042252766403,628.4098510742188,4919911,0.0,0.0
2019-04-09 00:00:00+05:30,630.6622707871418,633.1193965174813,620.9975862458765,622.9632568359375,6730692,0.0,0.0
2019-04-10 00:00:00+05:30,625.7478986172582,627.9593213460419,615.3460583673061,616.4927368164062,7031088,0.0,0.0
2019-04-11 00:00:00+05:30,615.7148101759008,615.7148101759008,606.1320089852018,608.302490234375,8200995,0.0,0.0
2019-04-12 00:00:00+05:30,608.6299730347116,615.5508866004176,606.5823684289021,612.4385375976562,7043212,0.0,0.0
2019-04-15 00:00:00+05:30,593.5595982477735,599.0061961849326,583.6491625438646,595.8529052734375,31574803,0.0,0.0
2019-04-16 00:00:00+05:30,596.1806366088639,596.1806366088639,584.8778180628586,593.0682373046875,12524411,0.0,0.0
2019-04-18 00:00:00+05:30,591.7577333685049,591.7577333685049,583.7720753749506,587.2939453125,13801105,0.0,0.0
2019-04-22 00:00:00+05:30,587.2939619199173,594.4196361752723,585.6149360872473,590.5701293945312,6455426,0.0,0.0
2019-04-23 00:00:00+05:30,592.9043996666542,597.900534824529,588.399669609757,596.42626953125,5516668,0.0,0.0
2019-04-24 00:00:00+05:30,596.4263753949793,604.3710925399192,592.9863891065114,603.1834716796875,8285120,0.0,0.0
2019-04-25 00:00:00+05:30,603.1834025081248,604.1662627621687,595.4843888401887,596.7129516601562,8005235,0.0,0.0
2019-04-26 00:00:00+05:30,598.7195879514948,605.9271461804748,597.0815042635289,604.452880859375,6895168,0.0,0.0
2019-04-30 00:00:00+05:30,604.4528960648468,617.393747527244,604.4528960648468,615.3870849609375,9920046,0.0,0.0
2019-05-02 00:00:00+05:30,611.8242743702367,612.9709529796536,597.4910417042673,598.5557861328125,6351352,0.0,0.0
2019-05-03 00:00:00+05:30,592.0854020757248,598.7196213863281,588.2358951959644,592.65869140625,6348116,0.0,0.0
2019-05-06 00:00:00+05:30,585.6149567902713,591.1844316959409,582.0521445318133,588.3997192382812,8858265,0.0,0.0
2019-05-07 00:00:00+05:30,590.0378345508549,596.1806491110442,588.6454532524748,593.4368286132812,5747536,0.0,0.0
2019-05-08 00:00:00+05:30,590.529173422661,594.6243826696974,586.8434851003282,589.177734375,6247642,0.0,0.0
2019-05-09 00:00:00+05:30,589.0139798382986,598.146266679576,586.2701595841004,590.5701293945312,7396525,0.0,0.0
2019-05-10 00:00:00+05:30,590.365413612408,594.6244416498438,585.6149804127249,587.1301879882812,8352335,0.0,0.0
2019-05-13 00:00:00+05:30,586.8843539688861,594.9928872624516,583.2396081957108,589.46435546875,6808993,0.0,0.0
2019-05-14 00:00:00+05:30,586.8435769398681,587.8673794118497,576.2779154328756,584.673095703125,10513001,0.0,0.0
2019-05-15 00:00:00+05:30,585.5330588787999,593.969180228459,583.6492225661541,586.515869140625,6668929,0.0,0.0
2019-05-16 00:00:00+05:30,589.7102066336917,603.6339198458761,588.9730488792582,600.4396362304688,6468556,0.0,0.0
2019-05-17 00:00:00+05:30,600.4806179205917,602.6510490659829,589.7920806181901,592.9044799804688,8155948,0.0,0.0
2019-05-20 00:00:00+05:30,589.4644801370605,594.9520710020631,578.2435958289941,591.6759033203125,11213708,0.0,0.0
2019-05-21 00:00:00+05:30,591.8807127034435,591.8807127034435,579.6360249831358,580.9464721679688,8645535,0.0,0.0
2019-05-22 00:00:00+05:30,581.5197629213081,588.2768587580698,579.0626371624857,581.3150024414062,5795713,0.0,0.0
2019-05-23 00:00:00+05:30,585.6150381468644,587.0074195643061,571.2408608449674,574.1893920898438,7233736,0.0,0.0
2019-05-24 00:00:00+05:30,576.4417164465291,582.9531099700822,573.697945900486,580.8645629882812,7016424,0.0,0.0
2019-05-27 00:00:00+05:30,579.3902726615264,584.6321109413592,577.8340730215291,579.9635620117188,10247544,0.0,0.0
2019-05-28 00:00:00+05:30,583.1578063556703,600.7262643120674,581.3559042593108,596.3443603515625,23860490,0.0,0.0
2019-05-29 00:00:00+05:30,594.2149682894767,600.8901805551702,592.699760592531,596.0987548828125,10293077,0.0,0.0
2019-05-30 00:00:00+05:30,595.4433916493454,603.8385701423382,591.7986456226114,600.80810546875,15089296,0.0,0.0
2019-05-31 00:00:00+05:30,603.2243056263369,608.5071354089138,600.5214775951231,604.2481079101562,8290306,0.0,0.0
2019-06-03 00:00:00+05:30,597.7367944335415,615.0186092640191,597.0815708833176,609.8995971679688,7744761,0.0,0.0
2019-06-04 00:00:00+05:30,603.8386578615449,605.6405600906025,600.4806059726637,602.2415161132812,11733702,0.0,0.0
2019-06-06 00:00:00+05:30,603.2243403000481,609.8995515703837,600.8900909549043,602.4871826171875,7563925,0.0,0.0
2019-06-07 00:00:00+05:30,602.691934746675,609.3262038295796,602.691934746675,605.3538208007812,3218358,0.0,0.0
2019-06-10 00:00:00+05:30,606.1727699398915,617.6393542651238,606.1727699398915,617.14794921875,4435148,0.0,0.0
2019-06-11 00:00:00+05:30,618.3766229618633,621.652790500734,614.6909344806336,618.2947387695312,5733127,0.0,0.0
2019-06-12 00:00:00+05:30,619.973800912091,619.973800912091,610.1862398189382,617.393798828125,8738342,0.0,0.0
2019-06-13 00:00:00+05:30,614.6527402577572,620.6331554374073,614.6527402577572,616.8538818359375,4808577,10.5,0.0
2019-06-14 00:00:00+05:30,617.8505388304515,619.2210685162378,613.1991332422704,615.0264892578125,5556353,0.0,0.0
2019-06-17 00:00:00+05:30,617.1445671539617,618.390484853465,612.8253756563794,615.1095581054688,3085588,0.0,0.0
2019-06-18 00:00:00+05:30,614.8187776417018,624.9937707542448,614.8187776417018,623.0833740234375,6202838,0.0,0.0
2019-06-19 00:00:00+05:30,625.0353340698572,627.4441283933845,621.7959280067022,624.5369873046875,4596253,0.0,0.0
2019-06-20 00:00:00+05:30,612.8254370489138,628.6901544298207,611.247304889359,627.0289306640625,7148684,0.0,0.0
2019-06-21 00:00:00+05:30,627.1119880383462,627.1119880383462,620.5917048651678,623.1250610351562,13200318,0.0,0.0
2019-06-24 00:00:00+05:30,624.5370664570473,624.5370664570473,616.8539068917453,619.2211303710938,4758178,0.0,0.0
2019-06-25 00:00:00+05:30,617.9751881189896,623.7064299003147,612.4100788393664,621.3806762695312,3677911,0.0,0.0
2019-06-26 00:00:00+05:30,617.1445960974658,624.1632762731413,612.9915369043468,613.98828125,5447130,0.0,0.0
2019-06-27 00:00:00+05:30,616.3139824606739,618.5566445577194,604.810028807908,606.803466796875,11122346,0.0,0.0
2019-06-28 00:00:00+05:30,610.9149536799863,614.2374007428278,605.1006713200137,608.0078125,5919494,0.0,0.0
2019-07-01 00:00:00+05:30,610.4997267063825,612.5762563890572,606.2220552814623,607.4264526367188,3224968,0.0,0.0
2019-07-02 00:00:00+05:30,609.6690393396326,616.023239660404,606.4296331571768,614.6527099609375,4837606,0.0,0.0
2019-07-03 00:00:00+05:30,615.4833979448019,617.3107542048608,606.3466673410329,607.4264526367188,5958379,0.0,0.0
2019-07-04 00:00:00+05:30,605.5158819085323,611.662428286071,605.1836169759314,609.5028076171875,3274064,0.0,0.0
2019-07-05 00:00:00+05:30,610.4997355426586,611.662612460398,592.6415800131795,596.3793334960938,4926289,0.0,0.0
2019-07-08 00:00:00+05:30,595.0918239347808,602.1520241124088,591.6447647459191,596.0469970703125,7177092,0.0,0.0
2019-07-09 00:00:00+05:30,596.3792638452131,597.9158753745627,588.945278202546,594.302734375,5022638,0.0,0.0
2019-07-10 00:00:00+05:30,588.9037395808372,600.2831308657792,586.8272101746988,595.7562866210938,7573816,0.0,0.0
2019-07-11 00:00:00+05:30,597.5837547303134,600.9477228599543,589.4021969175512,599.2864990234375,6252688,0.0,0.0
2019-07-12 00:00:00+05:30,600.1169340791758,606.844868355645,597.7081399475192,603.6470336914062,7874441,0.0,0.0
2019-07-15 00:00:00+05:30,633.7567379885612,649.2476667383165,626.4473650422821,647.3372192382812,31064152,0.0,0.0
2019-07-16 00:00:00+05:30,645.3852969854069,654.3558932906885,644.5546852775749,651.9055786132812,9924322,0.0,0.0
2019-07-17 00:00:00+05:30,651.1166002748175,660.3363708342729,645.1777057176371,659.63037109375,6754348,0.0,0.0
2019-07-18 00:00:00+05:30,655.3942718514284,663.2435639941708,653.0270483512235,658.426025390625,6534471,0.0,0.0
2019-07-19 00:00:00+05:30,655.1034351331284,659.9209726861856,648.9153680441567,652.3624267578125,6812754,0.0,0.0
2019-07-22 00:00:00+05:30,652.8192983919035,657.8444892118575,649.5798923709658,651.5318603515625,7107151,0.0,0.0
2019-07-23 00:00:00+05:30,653.6914976222131,667.8118984603041,652.4871003526009,656.224853515625,10782564,0.0,0.0
2019-07-24 00:00:00+05:30,654.5221577492177,659.2981760322863,650.8674452192159,653.110107421875,5745146,0.0,0.0
2019-07-25 00:00:00+05:30,654.7297577422845,664.6555789884969,654.2314109360275,659.9210815429688,9773568,0.0,0.0
2019-07-26 00:00:00+05:30,658.0936995557778,660.3363614888174,649.7045409022636,653.6914672851562,4941763,0.0,0.0
2019-07-29 00:00:00+05:30,655.7679313373975,661.9559985868507,653.0269228909963,657.3876342773438,6244316,0.0,0.0
2019-07-30 00:00:00+05:30,657.7615460481574,662.662125558315,654.9789659253205,658.426025390625,8673253,0.0,0.0
2019-07-31 00:00:00+05:30,656.8893950689794,664.3233816480152,649.2062350614366,659.2151489257812,7350584,0.0,0.0
2019-08-01 00:00:00+05:30,653.2345799932615,654.85428294357,634.9196021927339,638.6157836914062,10066407,0.0,0.0
2019-08-02 00:00:00+05:30,635.459589252547,647.7942057118562,633.1338861988615,644.2225341796875,10838336,0.0,0.0
2019-08-05 00:00:00+05:30,641.7306914846573,652.7778695858208,638.4498152525094,645.13623046875,9976238,0.0,0.0
2019-08-06 00:00:00+05:30,646.8804137439195,650.9504315533787,639.404908075007,643.2672729492188,9331718,0.0,0.0
2019-08-07 00:00:00+05:30,646.9635710510368,650.7428447171175,641.5230230377148,644.6378173828125,5130457,0.0,0.0
2019-08-08 00:00:00+05:30,650.1198891368655,658.4675278846511,648.9154918446972,655.1450805664062,8009009,0.0,0.0
2019-08-09 00:00:00+05:30,657.8445514848964,661.789957570191,651.8641363320932,656.0587158203125,4362520,0.0,0.0
2019-08-13 00:00:00+05:30,651.3243403242242,652.8609520574535,631.389654765218,635.21044921875,7517099,0.0,0.0
2019-08-14 00:00:00+05:30,643.8072178466534,646.4236654250881,637.9098940526408,643.5580444335938,5940968,0.0,0.0
2019-08-16 00:00:00+05:30,647.8772475858785,647.9187680393676,633.3415401079902,643.3504028320312,5128088,0.0,0.0
2019-08-19 00:00:00+05:30,644.2224982046083,650.36904586431,642.3536216360327,645.92529296875,3881451,0.0,0.0
2019-08-20 00:00:00+05:30,652.1964201095427,662.8282414114238,651.0750637193164,658.467529296875,8435344,0.0,0.0
2019-08-21 00:00:00+05:30,658.6752577780027,667.6043359887386,658.6752577780027,664.03271484375,5926896,0.0,0.0
2019-08-22 00:00:00+05:30,664.4064265229881,665.5692526730729,658.1352666169197,660.9178466796875,5222488,0.0,0.0
2019-08-23 00:00:00+05:30,661.5408759757106,672.7541369321943,661.0009579473426,666.31689453125,6895015,0.0,0.0
2019-08-26 00:00:00+05:30,661.0839449164071,670.1375830228723,653.6084387953615,666.6074829101562,5412074,0.0,0.0
2019-08-27 00:00:00+05:30,657.0140506480158,660.2949779808232,648.790972086957,651.7396850585938,16061642,0.0,0.0
2019-08-28 00:00:00+05:30,654.0237010369791,668.6424473082166,653.1099977097036,666.56591796875,5881134,0.0,0.0
2019-08-29 00:00:00+05:30,660.7516917126746,672.5463894978872,660.7516917126746,670.26220703125,7830413,0.0,0.0
2019-08-30 00:00:00+05:30,672.7955823400858,678.9005590123404,666.1506876996899,676.8656005859375,8174186,0.0,0.0
2019-09-03 00:00:00+05:30,676.9487035585614,683.0952519431029,674.4983882959458,676.3257446289062,5647088,0.0,0.0
2019-09-04 00:00:00+05:30,673.4185132161217,683.1366813629851,673.0032073183628,682.1814575195312,6199015,0.0,0.0
2019-09-05 00:00:00+05:30,689.4908626693439,695.637410515493,686.6252924011552,692.7717895507812,7926895,0.0,0.0
2019-09-06 00:00:00+05:30,700.4549589061407,703.5282328726341,693.6024111833553,697.8385620117188,6106841,0.0,0.0
2019-09-09 00:00:00+05:30,695.0559998324455,697.9631413655492,687.372840066386,688.6602783203125,4377870,0.0,0.0
2019-09-11 00:00:00+05:30,683.0121708141229,688.2034953075668,676.2427140925889,681.184814453125,7981036,0.0,0.0
2019-09-12 00:00:00+05:30,678.1116333007812,680.977204043074,673.5016963052011,678.1116333007812,4400017,0.0,0.0
2019-09-13 00:00:00+05:30,679.5235529003942,690.2799867931134,679.0252060552941,688.826416015625,4832021,0.0,0.0
2019-09-16 00:00:00+05:30,691.1105164266216,696.0111461718949,681.5584810254942,687.4973754882812,4846496,0.0,0.0
2019-09-17 00:00:00+05:30,690.6536978677162,693.5608391094925,681.5584887005691,690.446044921875,5540901,0.0,0.0
2019-09-18 00:00:00+05:30,689.3247132346565,691.8580689388473,684.4240836194537,689.2831420898438,3199389,0.0,0.0
2019-09-19 00:00:00+05:30,685.1300526318915,686.9158880972077,677.1146800024757,681.6830444335938,6601607,0.0,0.0
2019-09-20 00:00:00+05:30,683.510488990699,693.5608717639994,666.1506816224282,668.6425170898438,22462366,0.0,0.0
2019-09-23 00:00:00+05:30,670.2206212155943,670.2206212155943,616.230859087816,634.8780517578125,17279260,0.0,0.0
2019-09-24 00:00:00+05:30,635.4180391346006,663.3681470169731,635.4180391346006,659.5473022460938,13717998,0.0,0.0
2019-09-25 00:00:00+05:30,654.27292191927,665.3200486679606,649.2477306922306,658.3844604492188,9313576,0.0,0.0
2019-09-26 00:00:00+05:30,654.314430659483,661.9975896358084,646.2990066920602,649.9952392578125,18442824,0.0,0.0
2019-09-27 00:00:00+05:30,653.7329141523692,659.7133284018302,647.9601528233998,649.7044677734375,5087642,0.0,0.0
2019-09-30 00:00:00+05:30,652.1132611194779,671.134290370211,651.3242205184598,669.182373046875,8178091,0.0,0.0
2019-10-01 00:00:00+05:30,670.3036343511449,670.7604606416971,657.4706735913646,659.1318969726562,5881438,0.0,0.0
2019-10-03 00:00:00+05:30,658.3015109266024,662.7037442566663,651.3244007515574,652.5287475585938,5497672,0.0,0.0
2019-10-04 00:00:00+05:30,656.1832685442987,662.4958974314346,653.7329537946084,659.0488891601562,8201713,0.0,0.0
2019-10-07 00:00:00+05:30,660.2118643846927,666.1507598917656,652.944010084128,655.8096313476562,3679845,0.0,0.0
2019-10-09 00:00:00+05:30,660.7101443192862,661.0839297560707,646.880438033894,650.908935546875,6335025,0.0,0.0
2019-10-10 00:00:00+05:30,652.3625517149693,660.0872315964925,645.0531270520215,650.4105834960938,10402917,0.0,0.0
2019-10-11 00:00:00+05:30,649.1232255477527,684.2581001693809,645.0532067980163,676.7825927734375,20636344,0.0,0.0
2019-10-14 00:00:00+05:30,653.4838877198442,661.9976593742814,647.8772576059466,652.9439697265625,15150858,0.0,0.0
2019-10-15 00:00:00+05:30,642.1459842541828,644.5132583830244,635.4180487227859,638.1590576171875,13762133,0.0,0.0
2019-10-16 00:00:00+05:30,635.62583024861,644.5133887494457,632.5525557226064,640.775634765625,10767032,0.0,0.0
2019-10-17 00:00:00+05:30,637.079353952191,640.0280161812427,635.5011709975569,639.1558837890625,9860495,0.0,0.0
2019-10-18 00:00:00+05:30,634.4212498088667,642.7273673782327,631.2649352718113,637.7852172851562,10037200,0.0,0.0
2019-10-22 00:00:00+05:30,574.0358037405917,574.0358037405917,530.2210306006513,534.5402221679688,90152532,0.0,0.0
2019-10-23 00:00:00+05:30,529.8722802251152,552.286739279614,517.3403597303704,547.1982421875,60516887,8.0,0.0
2019-10-24 00:00:00+05:30,546.6936014864777,549.3850264068817,531.5543940606983,534.3719482421875,25666433,0.0,0.0
2019-10-25 00:00:00+05:30,544.1703633892095,548.7962320115289,534.9186261445707,536.13818359375,16549337,0.0,0.0
2019-10-27 00:00:00+05:30,547.6187804114672,548.7962949114259,542.9508681699579,545.7263793945312,2945281,0.0,0.0
2019-10-29 00:00:00+05:30,547.5346483431439,549.8475827255459,544.1703801505594,547.2402954101562,16709764,0.0,0.0
2019-10-30 00:00:00+05:30,555.4407753889147,564.6925141887414,551.908283034775,555.6089477539062,22879467,0.0,0.0
2019-10-31 00:00:00+05:30,562.1692466354746,584.9201004709493,560.2347513187437,576.6355590820312,27405901,0.0,0.0
2019-11-01 00:00:00+05:30,580.3363499256558,583.700618620877,574.11243230563,578.5701293945312,9713519,0.0,0.0
2019-11-04 00:00:00+05:30,573.4394946819951,616.0816036595612,570.3696308024386,596.3165283203125,29381982,0.0,0.0
2019-11-05 00:00:00+05:30,596.1063163892159,596.1063163892159,581.5979086887376,585.466796875,12897805,0.0,0.0
2019-11-06 00:00:00+05:30,585.2144348859575,606.829868033644,582.0183904078748,599.092041015625,21372589,0.0,0.0
2019-11-07 00:00:00+05:30,603.0451172805697,609.2269399991624,598.9238679117328,605.6524047851562,13733737,0.0,0.0
2019-11-08 00:00:00+05:30,607.2505677738868,609.1429691277528,593.3729578455362,595.601806640625,8585630,0.0,0.0
2019-11-11 00:00:00+05:30,587.821884324268,594.8027317901436,587.0649033133493,592.44775390625,6951494,0.0,0.0
2019-11-13 00:00:00+05:30,585.8033184727783,588.7470537414857,578.4439803010097,581.4718017578125,9973690,0.0,0.0
2019-11-14 00:00:00+05:30,585.6771498769315,596.9895144800834,585.6771498769315,593.2047119140625,10539902,0.0,0.0
2019-11-15 00:00:00+05:30,596.3586869520519,599.6388695607433,590.6814833610102,592.0272216796875,7362623,0.0,0.0
2019-11-18 00:00:00+05:30,592.9523817601822,597.1577178010346,588.1582884066768,593.12060546875,7490916,0.0,0.0
2019-11-19 00:00:00+05:30,597.0736412985449,600.5219963741083,592.9523913777961,599.5547485351562,6495885,0.0,0.0
2019-11-20 00:00:00+05:30,599.5126844977053,601.3630425879865,592.952370663679,599.680908203125,6142171,0.0,0.0
2019-11-21 00:00:00+05:30,601.7836979526074,606.7880590271153,597.5783611395215,599.8912963867188,9692973,0.0,0.0
2019-11-22 00:00:00+05:30,598.6295566921235,598.8398234840772,576.2150961359949,583.0277709960938,14415826,0.0,0.0
2019-11-25 00:00:00+05:30,583.153978270083,593.0786132454966,583.0278489788401,587.1490478515625,7334511,0.0,0.0
2019-11-26 00:00:00+05:30,592.9524542656117,594.8448557153955,576.9721753563256,580.841064453125,27253106,0.0,0.0
2019-11-27 00:00:00+05:30,583.9108845926299,586.7705335134103,580.4204352923832,585.1724853515625,3861635,0.0,0.0
2019-11-28 00:00:00+05:30,587.9901045714655,591.5646404485899,583.7427251491109,590.3030395507812,4837683,0.0,0.0
2019-11-29 00:00:00+05:30,589.5038979821717,590.6813610156299,581.6398905026191,585.677001953125,4262379,0.0,0.0
2019-12-02 00:00:00+05:30,591.354244582866,592.1112254902263,580.5885962045213,582.607177734375,9383736,0.0,0.0
2019-12-03 00:00:00+05:30,582.6072540962515,588.4947244395534,579.1168047159983,587.3592529296875,5239013,0.0,0.0
2019-12-04 00:00:00+05:30,586.2237444632668,597.5781498438323,583.1538291413242,596.1903686523438,7427886,0.0,0.0
2019-12-05 00:00:00+05:30,594.1718833260984,602.1199779590996,591.943034901219,601.23681640625,4814422,0.0,0.0
2019-12-06 00:00:00+05:30,602.1619592712076,605.5682705259846,596.8211527511904,601.447021484375,5226096,0.0,0.0
2019-12-09 00:00:00+05:30,602.2042200162296,607.544977131944,600.7323521600446,603.2555541992188,6435865,0.0,0.0
2019-12-10 00:00:00+05:30,599.6808533083139,604.3067224432308,597.1576519619956,600.9844970703125,4457939,0.0,0.0
2019-12-11 00:00:00+05:30,602.708596533313,607.8391360755381,599.6807758427241,606.4513549804688,6043554,0.0,0.0
2019-12-12 00:00:00+05:30,604.3067668700361,606.1571249269681,588.3685335937956,590.5132446289062,11112042,0.0,0.0
2019-12-13 00:00:00+05:30,589.0413422834619,599.5967758026204,589.0413422834619,598.2510375976562,10302412,0.0,0.0
2019-12-16 00:00:00+05:30,599.0921481687064,605.7365994924675,597.3259276065256,600.52197265625,5616324,0.0,0.0
2019-12-17 00:00:00+05:30,605.3160736123409,615.03038949747,601.3630475086372,613.7267456054688,10525565,0.0,0.0
2019-12-18 00:00:00+05:30,614.8201151605759,620.1188281843561,607.8813108513082,616.0396728515625,12215295,0.0,0.0
2019-12-19 00:00:00+05:30,616.922757182373,618.9833819756819,609.4372389812634,614.6939086914062,7199210,0.0,0.0
2019-12-20 00:00:00+05:30,614.8200771501741,618.1843456981916,612.5071425234122,615.2826538085938,7794167,0.0,0.0
2019-12-23 00:00:00+05:30,615.7874242293486,620.118889882867,615.3668905930067,619.0255126953125,4975608,0.0,0.0
2019-12-24 00:00:00+05:30,619.82433961259,619.82433961259,612.5490894853496,616.8385620117188,2890759,0.0,0.0
2019-12-26 00:00:00+05:30,615.6612532557456,617.8059645677756,611.0774262808276,613.0960083007812,3821806,0.0,0.0
2019-12-27 00:00:00+05:30,613.7688294220009,620.2871006491616,613.0118483585267,619.8245239257812,3399094,0.0,0.0
2019-12-30 00:00:00+05:30,619.1095257423395,620.6655308137696,611.6661017923799,616.4181518554688,5368416,0.0,0.0
2019-12-31 00:00:00+05:30,613.7266704707096,620.4972503293636,610.1521353112385,614.9462280273438,6927885,0.0,0.0
2020-01-01 00:00:00+05:30,618.184280868582,622.3896161125859,616.1236563320883,619.740234375,2112415,0.0,0.0
2020-01-02 00:00:00+05:30,621.4643761444303,623.062372513297,614.7358406932399,617.931884765625,5658200,0.0,0.0
2020-01-03 00:00:00+05:30,617.2592041731061,629.1182304975495,617.2592041731061,627.4360961914062,7882938,0.0,0.0
2020-01-06 00:00:00+05:30,627.5200993341153,633.9963258227109,619.4458762669432,621.42236328125,6519403,0.0,0.0
2020-01-07 00:00:00+05:30,620.7075258131158,624.576413976731,609.8577395841436,612.2127685546875,7899363,0.0,0.0
2020-01-08 00:00:00+05:30,609.7317082867079,613.1380203550798,595.7279181521372,604.0545043945312,8639443,0.0,0.0
2020-01-09 00:00:00+05:30,606.9982947809511,615.2407442455352,600.7743760824645,611.9185180664062,13521186,0.0,0.0
2020-01-10 00:00:00+05:30,622.7681231962308,624.8287477877989,614.3994955700625,620.8336791992188,9341405,0.0,0.0
2020-01-13 00:00:00+05:30,639.2110333069456,653.9297084159871,635.0056975615051,650.6074829101562,36952038,0.0,0.0
2020-01-14 00:00:00+05:30,647.5795649263063,653.4670340900385,645.2666306119829,652.3736572265625,11414418,0.0,0.0
2020-01-15 00:00:00+05:30,650.8598090964978,650.8598090964978,641.0193642733277,645.5610961914062,6047430,0.0,0.0
2020-01-16 00:00:00+05:30,648.2104081668134,649.7243186423489,639.4212469227776,645.0984497070312,5740586,0.0,0.0
2020-01-17 00:00:00+05:30,648.2104877981894,650.0608458665614,641.1034598393667,645.8134155273438,3762957,0.0,0.0
2020-01-20 00:00:00+05:30,648.9673236048908,651.3223524429509,641.6921243294809,646.3179931640625,3887680,0.0,0.0
2020-01-21 00:00:00+05:30,646.3180191480478,648.0421964251409,639.8417922523373,641.3136596679688,4448374,0.0,0.0
2020-01-22 00:00:00+05:30,646.3179886109423,654.3501687183814,644.257364059486,647.7898559570312,9733935,0.0,0.0
2020-01-23 00:00:00+05:30,653.5932423472493,660.6582267315861,653.2568462980249,659.6909790039062,12528017,0.0,0.0
2020-01-24 00:00:00+05:30,652.4577456595837,661.4992161924106,650.6494310191553,658.34521484375,7540490,0.0,0.0
2020-01-27 00:00:00+05:30,655.2332891183237,660.0694247597655,651.3223580525623,654.4342651367188,3741610,0.0,0.0
2020-01-28 00:00:00+05:30,656.8733598174657,657.5462031841498,649.3037564392874,654.3501586914062,5121009,0.0,0.0
2020-01-29 00:00:00+05:30,661.5834567077947,666.7980837544111,659.6069692687182,664.1907958984375,6832757,0.0,0.0
2020-01-30 00:00:00+05:30,664.1906976328585,664.1906976328585,654.3502023182101,656.62109375,3859680,0.0,0.0
2020-01-31 00:00:00+05:30,656.4949257895097,660.195641626236,648.9673648497117,652.6260375976562,6092028,0.0,0.0
2020-02-03 00:00:00+05:30,657.714558292072,665.2421200893305,642.995882115459,645.4349975585938,6416745,0.0,0.0
2020-02-04 00:00:00+05:30,647.7059423109525,664.3591168215294,647.7059423109525,662.6348876953125,5771311,0.0,0.0
2020-02-05 00:00:00+05:30,656.8734139163893,661.0787494728322,651.3223915157496,659.8591918945312,6310409,0.0,0.0
2020-02-06 00:00:00+05:30,659.6910143244213,661.7516391580695,647.6217209675293,648.7571411132812,7341622,0.0,0.0
2020-02-07 00:00:00+05:30,652.6259935803769,655.0650572465045,648.4627013785246,653.7614135742188,2853344,0.0,0.0
2020-02-10 00:00:00+05:30,650.986014881937,654.3502836926963,647.4114792705051,650.3131713867188,3827682,0.0,0.0
2020-02-11 00:00:00+05:30,655.1913091396193,655.2753953206621,646.9488613454889,650.6074829101562,4312817,0.0,0.0
2020-02-12 00:00:00+05:30,652.4999851615826,658.7659466607194,651.9112277990049,656.9155883789062,2948825,0.0,0.0
2020-02-13 00:00:00+05:30,660.2377123846245,667.8073167304354,657.8827346328608,666.33544921875,4387430,0.0,0.0
2020-02-14 00:00:00+05:30,668.2279173923379,672.1809436589497,659.9013312421273,661.4573364257812,5321680,0.0,0.0
2020-02-17 00:00:00+05:30,664.6952941894423,667.3446759899614,658.8078247079864,663.9804077148438,2929629,0.0,0.0
2020-02-18 00:00:00+05:30,660.2377979810996,672.0547826971391,659.1023777158924,670.8773193359375,5083346,0.0,0.0
2020-02-19 00:00:00+05:30,672.8537482691964,676.9329035842115,669.6156601395177,673.2322387695312,3985192,0.0,0.0
2020-02-20 00:00:00+05:30,675.587174955246,677.9841957517539,667.6811233668155,670.3305053710938,4564569,0.0,0.0
2020-02-24 00:00:00+05:30,672.9377553322428,682.6100268263813,666.2513130627193,669.3632202148438,6627536,0.0,0.0
2020-02-25 00:00:00+05:30,672.0126764144537,677.9001466709008,668.9848551021477,671.508056640625,6996695,0.0,0.0
2020-02-26 00:00:00+05:30,667.7651758053478,674.0731785026688,656.4528140345537,658.34521484375,8760569,0.0,0.0
2020-02-27 00:00:00+05:30,654.3502406645673,656.6631753198726,649.4720614766744,654.2240600585938,5223386,0.0,0.0
2020-02-28 00:00:00+05:30,630.800268731524,636.5195142344251,607.2924351165311,615.4087524414062,14123957,0.0,0.0
2020-03-02 00:00:00+05:30,619.8665760178656,644.173440577401,617.1331073990622,623.2728881835938,9821523,0.0,0.0
2020-03-03 00:00:00+05:30,635.0056978401889,638.3699664380177,623.4410245351523,628.2771606445312,7826587,0.0,0.0
2020-03-04 00:00:00+05:30,634.0805130302612,640.4726025149299,627.0575718801535,638.15966796875,11013444,0.0,0.0
2020-03-05 00:00:00+05:30,642.3649736649388,650.607420670565,632.272168841398,634.669189453125,7755293,0.0,0.0
2020-03-06 00:00:00+05:30,623.2306468091032,625.7538478083304,613.2219289783067,621.5064697265625,9216022,0.0,0.0
2020-03-09 00:00:00+05:30,609.353006127602,610.4884259778296,586.2236649702396,592.4896240234375,10308654,0.0,0.0
2020-03-11 00:00:00+05:30,580.8830285510021,585.3406740322644,562.7159479085041,576.9720458984375,16165009,0.0,0.0
2020-03-12 00:00:00+05:30,561.8327878493627,563.5149219447201,527.7695724183759,530.8815307617188,13965574,0.0,0.0
2020-03-13 00:00:00+05:30,497.9117502015818,560.9917861223903,479.40827299814464,540.2594604492188,16903113,0.0,0.0
2020-03-16 00:00:00+05:30,523.1437931283513,523.269973740947,487.8189710843147,490.4683532714844,19140152,0.0,0.0
2020-03-17 00:00:00+05:30,494.63162283671534,497.911805603444,462.58698155725375,466.7502746582031,16059887,0.0,0.0
2020-03-18 00:00:00+05:30,477.72608019834655,486.1367506243738,444.08339849423766,449.3821105957031,15390183,0.0,0.0
2020-03-19 00:00:00+05:30,428.31344971314985,469.3154736179433,428.31344971314985,458.84417724609375,16583991,0.0,0.0
2020-03-20 00:00:00+05:30,462.16639745629834,519.3169203841148,460.90479673530757,492.1925048828125,21354894,0.0,0.0
2020-03-23 00:00:00+05:30,454.1762340967452,471.7966001124309,433.90653751629225,442.77978515625,17146150,0.0,0.0
2020-03-24 00:00:00+05:30,439.03708511900146,505.6075755516601,439.03708511900146,496.0614318847656,20027097,0.0,0.0
2020-03-25 00:00:00+05:30,502.11706128918286,534.0776112539885,475.79167119036754,509.8548889160156,18339548,0.0,0.0
2020-03-26 00:00:00+05:30,517.2562732370237,547.4085086308779,514.8171580813906,540.80615234375,14843813,0.0,0.0
2020-03-27 00:00:00+05:30,559.3517595234601,567.6363026653427,540.1754366557111,548.964599609375,13495283,0.0,0.0
2020-03-30 00:00:00+05:30,525.7510026157663,558.0479984958881,522.3867343505311,527.0967407226562,14624804,0.0,0.0
2020-03-31 00:00:00+05:30,546.6936880038849,556.786494551649,532.9843027101059,539.5446166992188,15175521,0.0,0.0
2020-04-01 00:00:00+05:30,533.5307997374456,536.1801811664823,499.5937688045341,506.9951477050781,13083824,0.0,0.0
2020-04-03 00:00:00+05:30,507.58402202392654,509.6866898864946,489.62725901146126,492.613037109375,10221655,0.0,0.0
2020-04-07 00:00:00+05:30,517.2563422117995,541.8575584877266,515.4901215771391,537.4419555664062,15145605,0.0,0.0
2020-04-08 00:00:00+05:30,529.8721479640677,551.445534522179,526.8022332396223,531.2178344726562,11806896,0.0,0.0
2020-04-09 00:00:00+05:30,544.002215336272,549.0486181711811,531.6385181238118,535.1289672851562,11931114,0.0,0.0
2020-04-13 00:00:00+05:30,529.0312072148263,548.1234406992095,526.5500489967274,536.09619140625,8330276,0.0,0.0
2020-04-15 00:00:00+05:30,547.8710333468985,549.4690297557241,534.582134430779,537.4838256835938,11963447,0.0,0.0
2020-04-16 00:00:00+05:30,521.4196366879324,533.9936019754227,507.5840705622592,524.6997680664062,17783287,0.0,0.0
2020-04-17 00:00:00+05:30,541.6472582473906,543.3293925897739,526.5080491659418,528.8209838867188,8878320,0.0,0.0
2020-04-20 00:00:00+05:30,538.2829940430695,555.9454047851077,537.4419268648772,549.4691772460938,13322913,0.0,0.0
2020-04-21 00:00:00+05:30,528.0219376355332,543.7499033433327,528.0219376355332,532.563720703125,11660575,0.0,0.0
2020-04-22 00:00:00+05:30,532.5637884083881,542.4883716065032,528.2322715740959,539.8389892578125,8266728,0.0,0.0
2020-04-23 00:00:00+05:30,544.2124398943533,574.9955255995666,536.6848793160952,571.3368530273438,14451289,0.0,0.0
2020-04-24 00:00:00+05:30,562.2953662550512,567.7202589968417,550.730694312523,553.422119140625,7319940,0.0,0.0
2020-04-27 00:00:00+05:30,555.9874274603991,572.7667273161079,555.9874274603991,558.9732055664062,7183306,0.0,0.0
2020-04-28 00:00:00+05:30,566.0382316377902,569.402500473676,549.258930551876,555.693115234375,7296571,0.0,0.0
2020-04-29 00:00:00+05:30,560.1507984730159,573.6078747126079,553.4222603532199,569.0240478515625,8639056,0.0,0.0
2020-04-30 00:00:00+05:30,588.7469682886748,605.5683102397799,587.1489202694552,601.7835083007812,16253821,0.0,0.0
2020-05-04 00:00:00+05:30,580.168113799409,589.7562999093207,563.8093473522927,566.626953125,9122740,0.0,0.0
2020-05-05 00:00:00+05:30,573.3975334622045,576.6356214781432,563.5149943816311,566.626953125,6393053,0.0,0.0
2020-05-06 00:00:00+05:30,569.318327239592,573.1451721883653,558.5105844559789,560.0665893554688,7934250,0.0,0.0
2020-05-07 00:00:00+05:30,559.7722589411038,567.1736399581171,557.1649711817623,559.2676391601562,4779548,0.0,0.0
2020-05-08 00:00:00+05:30,565.4073332761186,572.6825839071761,562.2533317888959,567.0474243164062,8400321,0.0,0.0
2020-05-11 00:00:00+05:30,574.028359717549,587.5274779099074,570.243557345785,574.3648071289062,7370186,0.0,0.0
2020-05-12 00:00:00+05:30,570.6640780980144,581.1774177829448,568.1408765736312,578.35986328125,7356039,0.0,0.0
2020-05-13 00:00:00+05:30,584.3735061651205,588.6629798758297,575.0797234605891,583.8268432617188,8287101,0.0,0.0
2020-05-14 00:00:00+05:30,554.2632263545,564.9868320237259,548.8803763082393,553.54833984375,16888262,0.0,0.0
2020-05-15 00:00:00+05:30,559.1413903678222,559.1413903678222,543.9180965943926,548.6280517578125,9255353,0.0,0.0
2020-05-18 00:00:00+05:30,554.9782796623717,563.977710725094,549.2169887522113,558.3846435546875,10435442,0.0,0.0
2020-05-19 00:00:00+05:30,558.4685751093036,567.552089859209,550.8989709286053,562.3374633789062,5902208,0.0,0.0
2020-05-20 00:00:00+05:30,562.25336440865,566.0381664128967,554.8099410008298,563.136474609375,5794636,0.0,0.0
2020-05-21 00:00:00+05:30,560.5712633559801,571.4630933685396,559.6461100118395,565.3653564453125,7213225,0.0,0.0
2020-05-22 00:00:00+05:30,567.720311047897,585.2565401219556,566.4587103566795,582.3128051757812,11867731,0.0,0.0
2020-05-26 00:00:00+05:30,582.8594788706966,588.2843717331784,571.0845399036119,572.38818359375,7099606,0.0,0.0
2020-05-27 00:00:00+05:30,577.0141472285978,596.4848736090092,567.7203648560363,593.3308715820312,8774636,0.0,0.0
2020-05-28 00:00:00+05:30,594.6343778564392,597.1575788940195,580.3362386434837,594.9708251953125,9440091,0.0,0.0
2020-05-29 00:00:00+05:30,590.3673971924181,597.4432703910662,575.405750096254,589.088623046875,28290128,9.5,0.0
2020-06-01 00:00:00+05:30,595.6955001109372,602.4303967037439,589.5147596804482,596.3775024414062,12276438,0.0,0.0
2020-06-02 00:00:00+05:30,597.1874640887264,606.693038399021,594.6725314563955,603.6665649414062,7059304,0.0,0.0
2020-06-03 00:00:00+05:30,605.8831226646595,606.9061522562504,593.3511272429256,598.0825805664062,11378568,0.0,0.0
2020-06-04 00:00:00+05:30,598.4662578856301,604.8175127670321,594.6299357196965,603.3682250976562,10782424,0.0,0.0
2020-06-05 00:00:00+05:30,602.7287881465396,606.7356235946554,597.2726651490909,599.78759765625,7718679,0.0,0.0
2020-06-08 00:00:00+05:30,603.2829633303422,618.7560973850326,600.1712591421498,614.5361328125,10719105,0.0,0.0
2020-06-09 00:00:00+05:30,613.8115010447252,621.99563357861,609.5915365683536,611.7654418945312,10078029,0.0,0.0
2020-06-10 00:00:00+05:30,609.5488198562031,613.3425257151424,604.6042384374836,610.2734375,7263049,0.0,0.0
2020-06-11 00:00:00+05:30,606.9914056570949,608.1849488973281,596.9743424317145,600.128662109375,8825715,0.0,0.0
2020-06-12 00:00:00+05:30,576.1302586304287,592.6264731974438,575.8745142565444,589.983642578125,9795316,0.0,0.0
2020-06-15 00:00:00+05:30,590.7936843015409,600.5123890991044,584.1866842245756,586.1474609375,7857344,0.0,0.0
2020-06-16 00:00:00+05:30,598.4661209190683,606.9912793367189,596.0364715834129,597.7841186523438,10131760,0.0,0.0
2020-06-17 00:00:00+05:30,596.6759896949491,605.5421251792208,595.0561884259687,599.8729248046875,7291916,0.0,0.0
2020-06-18 00:00:00+05:30,603.7517937976373,610.9128964105056,601.876248339466,608.6111450195312,6670195,0.0,0.0
2020-06-19 00:00:00+05:30,604.4338664974124,606.9061838028125,597.6137382435629,601.49267578125,22438862,0.0,0.0
2020-06-22 00:00:00+05:30,602.8139892310129,604.1780459298948,596.7611469821425,599.9154663085938,7804096,0.0,0.0
2020-06-23 00:00:00+05:30,593.0952596755611,617.6477046073009,590.0261715381963,614.3655395507812,12157390,0.0,0.0
2020-06-24 00:00:00+05:30,611.1686373515903,619.6085130972523,604.7747684381621,608.82421875,10220838,0.0,0.0
2020-06-25 00:00:00+05:30,600.8959240474334,601.5353110924012,591.2198875802998,597.1875,14945284,0.0,0.0
2020-06-26 00:00:00+05:30,605.4568702091336,640.7510011910102,605.2863566034009,637.8524780273438,26030458,0.0,0.0
2020-06-29 00:00:00+05:30,626.9401949664656,634.8685821932067,622.4218192045339,623.8284912109375,8954428,0.0,0.0
2020-06-30 00:00:00+05:30,624.7236726185384,629.9666664813226,617.4346717126376,627.4091186523438,10411290,0.0,0.0
2020-07-01 00:00:00+05:30,628.5173602441739,632.8225552213215,622.1234908622394,623.9564208984375,5477468,0.0,0.0
2020-07-02 00:00:00+05:30,628.6026176947248,652.5583472155681,626.94025321164,645.0135498046875,17263756,0.0,0.0
2020-07-03 00:00:00+05:30,643.6494845542326,651.3221274164684,641.5181948702781,650.2138671875,7796572,0.0,0.0
2020-07-06 00:00:00+05:30,652.3452952970697,660.6999422243128,649.1909754887926,651.322265625,8810958,0.0,0.0
2020-07-07 00:00:00+05:30,655.9258627511214,679.4126692737071,652.6436447732398,677.025634765625,19362533,0.0,0.0
2020-07-08 00:00:00+05:30,669.139702724649,669.139702724649,658.3127411646004,660.4440307617188,8476642,0.0,0.0
2020-07-09 00:00:00+05:30,664.9625165129492,673.4876769810639,660.6999362788918,666.4118041992188,6854166,0.0,0.0
2020-07-10 00:00:00+05:30,659.4211240508266,673.4024072228784,659.4211240508266,666.5396118164062,5206452,0.0,0.0
2020-07-13 00:00:00+05:30,671.7826044173664,686.573736125106,670.1201878195426,679.4978637695312,10804688,0.0,0.0
2020-07-14 00:00:00+05:30,676.0026934521574,687.4690461086268,666.1134748642452,667.7332763671875,8961822,0.0,0.0
2020-07-15 00:00:00+05:30,681.1601788856337,723.3170989868079,677.579601831487,708.3980712890625,30060599,0.0,0.0
2020-07-16 00:00:00+05:30,767.349644464732,814.5790525199815,762.3624465892135,776.64208984375,90432109,0.0,0.0
2020-07-17 00:00:00+05:30,776.6420587394516,784.2294717842034,760.5721533099775,769.9498291015625,31682878,0.0,0.0
2020-07-20 00:00:00+05:30,774.5107148612932,805.6275460032164,773.0188119983243,796.505615234375,18421053,0.0,0.0
2020-07-21 00:00:00+05:30,805.6274941828462,809.6343291637768,792.1577538931436,798.59423828125,12877784,0.0,0.0
2020-07-22 00:00:00+05:30,800.4698644662415,800.5124798572022,775.7895172205048,782.5244140625,14354201,0.0,0.0
2020-07-23 00:00:00+05:30,780.6062533635381,780.7340995364518,767.8185140654958,774.0418701171875,13051307,0.0,0.0
2020-07-24 00:00:00+05:30,770.0350916608719,789.2167020260749,770.0350916608719,786.744384765625,18209580,0.0,0.0
2020-07-27 00:00:00+05:30,785.6360267839249,812.277148982619,783.1637618639511,808.5687255859375,16827870,0.0,0.0
2020-07-28 00:00:00+05:30,806.4800976004691,824.851806119034,802.3880314019972,820.844970703125,15818463,0.0,0.0
2020-07-29 00:00:00+05:30,812.6608764082735,818.4153594040835,804.4340762008848,813.4281616210938,11152710,0.0,0.0
2020-07-30 00:00:00+05:30,820.1204237044051,829.1997402687743,817.3497465972956,819.6515502929688,12492320,0.0,0.0
2020-07-31 00:00:00+05:30,826.3010723042933,840.9643568338954,812.7034326964146,823.5303955078125,12704346,0.0,0.0
2020-08-03 00:00:00+05:30,818.415300567361,823.0189074464298,807.7162359510077,815.7725219726562,8479792,0.0,0.0
2020-08-04 00:00:00+05:30,818.7988450775873,827.537132396424,801.8337591281294,809.7621459960938,11133170,0.0,0.0
2020-08-05 00:00:00+05:30,811.5952436899812,819.2252724065713,799.915763915064,805.3718872070312,9614176,0.0,0.0
2020-08-06 00:00:00+05:30,812.873909040169,830.6915121282592,803.4962341587408,827.6650390625,10976491,0.0,0.0
2020-08-07 00:00:00+05:30,826.471569587553,826.471569587553,809.0376086055396,810.6574096679688,8010948,0.0,0.0
2020-08-10 00:00:00+05:30,808.9524540846645,815.68729927185,805.8833652612906,811.0410766601562,5716319,0.0,0.0
2020-08-11 00:00:00+05:30,809.8048840626453,820.120305764603,806.5652819765306,808.5687255859375,6802442,0.0,0.0
2020-08-12 00:00:00+05:30,808.1850506404202,817.3922116967243,803.2404689651308,814.1100463867188,6908726,0.0,0.0
2020-08-13 00:00:00+05:30,813.982183446535,825.661661863057,808.3982146222446,810.9131469726562,5097703,0.0,0.0
2020-08-14 00:00:00+05:30,814.8773894961097,820.9728996474734,811.6378391357582,812.959228515625,4663873,0.0,0.0
2020-08-17 00:00:00+05:30,813.385421629355,829.0291200424026,813.385421629355,816.2839965820312,9008210,0.0,0.0
2020-08-18 00:00:00+05:30,821.7401546068832,826.2584787879165,817.3070612084666,824.851806640625,6141761,0.0,0.0
2020-08-19 00:00:00+05:30,827.7078205185552,828.2619247087329,816.241469699841,817.818603515625,6622744,0.0,0.0
2020-08-20 00:00:00+05:30,817.4775744970283,823.1041590171701,810.9984219838175,814.2806396484375,5656501,0.0,0.0
2020-08-21 00:00:00+05:30,821.0154788050834,821.3565059999416,806.9489655690165,808.8671264648438,6513773,0.0,0.0
2020-08-24 00:00:00+05:30,807.3326788299753,811.595258971633,800.683064215679,807.6737060546875,5798574,0.0,0.0
2020-08-25 00:00:00+05:30,807.7589721226585,808.7393864114385,795.9089779979271,799.7453002929688,6233918,0.0,0.0
2020-08-26 00:00:00+05:30,802.4307475965802,813.5134564611279,800.0010976204253,810.572265625,5153601,0.0,0.0
2020-08-27 00:00:00+05:30,818.415336429356,819.22523701272,805.7981103994258,807.375244140625,6154280,0.0,0.0
2020-08-28 00:00:00+05:30,811.126444904172,812.0215763927175,795.4401280218922,797.315673828125,7593610,0.0,0.0
2020-08-31 00:00:00+05:30,797.3156147008101,810.3164841198824,779.7111379199654,791.6463623046875,12808355,0.0,0.0
2020-09-01 00:00:00+05:30,789.6429373349267,797.1024522625171,777.5798152386446,779.3275146484375,6907773,0.0,0.0
2020-09-02 00:00:00+05:30,780.0520879572088,789.7707905221844,778.7733140425248,787.7247314453125,5678118,0.0,0.0
2020-09-03 00:00:00+05:30,789.8560905427571,809.3787281650184,787.7248004981194,797.5713500976562,8827948,0.0,0.0
2020-09-04 00:00:00+05:30,780.0521257419142,792.4136075159664,779.5832523571739,783.590087890625,8650342,0.0,0.0
2020-09-07 00:00:00+05:30,783.3768098897144,790.7510405322168,778.3895611094213,788.6197509765625,6700385,0.0,0.0
2020-09-08 00:00:00+05:30,792.7972459130488,811.5952128631155,789.0461547881181,800.7682495117188,12891964,0.0,0.0
2020-09-09 00:00:00+05:30,797.1023711705908,806.4800461255389,789.4297280256333,790.921630859375,5528947,0.0,0.0
2020-09-10 00:00:00+05:30,797.3582635433515,803.0701315737617,788.4068448793129,801.40771484375,5171884,0.0,0.0
2020-09-11 00:00:00+05:30,797.0171428041101,813.4280740249055,793.6923099511957,806.2243041992188,6671903,0.0,0.0
2020-09-14 00:00:00+05:30,815.8577614521076,844.885919046928,808.4408623049452,834.1016235351562,21871587,0.0,0.0
2020-09-15 00:00:00+05:30,835.0394496343016,847.4009320433852,828.3472196262118,837.5543823242188,11608203,0.0,0.0
2020-09-16 00:00:00+05:30,840.5808070739487,857.3327679066014,837.1707429478881,854.0079345703125,10059251,0.0,0.0
2020-09-17 00:00:00+05:30,848.2534207458194,870.4188367653081,848.2534207458194,861.8936767578125,15628241,0.0,0.0
2020-09-18 00:00:00+05:30,861.8935606952483,868.5431741989687,851.7486008390696,854.3488159179688,12897633,0.0,0.0
2020-09-21 00:00:00+05:30,853.3684588765447,878.943937164553,852.9422009050778,860.9558715820312,14140637,0.0,0.0
2020-09-22 00:00:00+05:30,860.1886250460414,871.6975907924453,845.0138509871017,858.9098510742188,12625762,0.0,0.0
2020-09-23 00:00:00+05:30,869.6941766111281,884.0590497105984,859.4213176757776,869.3531494140625,13486204,0.0,0.0
2020-09-24 00:00:00+05:30,855.0734864764644,860.1885821084272,826.9404605006685,831.5440673828125,14427432,0.0,0.0
2020-09-25 00:00:00+05:30,831.885067766525,865.2184731991076,831.2030654016025,862.2772827148438,13311078,0.0,0.0
2020-09-28 00:00:00+05:30,865.1331187915175,866.2840464684381,851.2371201265356,861.382080078125,8554526,0.0,0.0
2020-09-29 00:00:00+05:30,867.8611806485768,876.3863395940442,856.0111889010009,860.1885375976562,8708463,0.0,0.0
2020-09-30 00:00:00+05:30,860.188520208766,872.9336429812826,856.7784566995142,859.5491333007812,8048817,0.0,0.0
2020-10-01 00:00:00+05:30,870.0777466044478,875.1076114583554,862.5330013570299,867.5628662109375,5563358,0.0,0.0
2020-10-05 00:00:00+05:30,867.9039235150535,899.3191700634624,867.9039235150535,894.0335083007812,14212509,0.0,0.0
2020-10-06 00:00:00+05:30,899.404314218639,903.666893906879,879.2422914798864,900.043701171875,9090819,0.0,0.0
2020-10-07 00:00:00+05:30,890.7941040402542,913.8972698049645,882.7804317938813,909.2510986328125,9284008,0.0,0.0
2020-10-08 00:00:00+05:30,929.2425217002117,958.2280682486587,927.8785167936655,932.3967895507812,21482613,0.0,0.0
2020-10-09 00:00:00+05:30,933.5902585774076,949.1061123470237,927.9210063167188,943.5647583007812,10567867,0.0,0.0
2020-10-12 00:00:00+05:30,957.375426332274,971.8681977015069,948.0829815233288,965.13330078125,14633537,0.0,0.0
2020-10-13 00:00:00+05:30,968.0744297648869,994.0761635839289,968.0744297648869,987.0429077148438,17523825,0.0,0.0
2020-10-14 00:00:00+05:30,990.6235684383932,993.095885592969,964.280803851567,969.3106689453125,16649573,0.0,0.0
2020-10-15 00:00:00+05:30,1005.9689293191688,1011.0840255699442,931.3737756620269,944.8009033203125,44288251,0.0,0.0
2020-10-16 00:00:00+05:30,949.5749277546903,968.41551058036,935.1248231514991,961.2117919921875,18365685,0.0,0.0
2020-10-19 00:00:00+05:30,967.6056530512211,971.015717026732,950.8111295985873,959.8477783203125,12902123,0.0,0.0
2020-10-20 00:00:00+05:30,953.8801618783683,975.8750119768656,946.2927487551511,969.7369384765625,10448776,0.0,0.0
2020-10-21 00:00:00+05:30,972.8487422773784,984.1019128692776,967.6057475893944,978.98681640625,19811433,0.0,0.0
2020-10-22 00:00:00+05:30,973.573366844059,987.2136241728725,958.0576157592957,962.5333251953125,11271335,0.0,0.0
2020-10-23 00:00:00+05:30,976.2767651530311,978.0001133704238,965.2042738932478,967.2291870117188,9069862,12.0,0.0
2020-10-26 00:00:00+05:30,967.0139075614576,973.34719213427,950.5559507553218,958.5694580078125,6309368,0.0,0.0
2020-10-27 00:00:00+05:30,952.753239892541,956.1999371231334,928.1525015200996,939.9573974609375,10172479,0.0,0.0
2020-10-28 00:00:00+05:30,943.9641216425988,951.9346082927075,922.0345545008315,927.6354370117188,7608392,0.0,0.0
2020-10-29 00:00:00+05:30,921.9914332157773,932.3315240555805,913.4608372359711,926.1705322265625,6935616,0.0,0.0
2020-10-30 00:00:00+05:30,923.7147081148677,933.7101074269049,906.7827896763548,913.8916015625,8800386,0.0,0.0
2020-11-02 00:00:00+05:30,917.6831242439621,930.56511288124,905.705830505592,923.973388671875,7183119,0.0,0.0
2020-11-03 00:00:00+05:30,923.714801118054,930.0912116403529,911.2205244238265,915.572021484375,7204782,0.0,0.0
2020-11-04 00:00:00+05:30,920.2679557018483,961.6283132614819,919.2339888367889,942.6283569335938,15702690,0.0,0.0
2020-11-05 00:00:00+05:30,956.3722289660541,967.6601401066434,946.9799590179886,951.288330078125,9568890,0.0,0.0
2020-11-06 00:00:00+05:30,954.7349895476437,966.0229002463029,940.6896583675481,958.8279418945312,8807127,0.0,0.0
2020-11-09 00:00:00+05:30,973.0887383720769,987.4786557669963,966.0660724446192,979.3358764648438,10160320,0.0,0.0
2020-11-10 00:00:00+05:30,959.7758088100804,959.7758088100804,928.8848090632657,940.1296997070312,15622869,0.0,0.0
2020-11-11 00:00:00+05:30,944.3948231312639,970.5466112932344,936.6397561529963,967.2291870117188,12514800,0.0,0.0
2020-11-12 00:00:00+05:30,972.0545980151975,984.0318898657669,959.6895948668982,963.1362915039062,9180976,0.0,0.0
2020-11-13 00:00:00+05:30,965.075041430288,976.2768053040325,962.4900189978855,968.6940307617188,6363212,0.0,0.0
2020-11-14 00:00:00+05:30,979.7237198529018,982.0071778798555,974.63982023446,976.6647338867188,1136144,0.0,0.0
2020-11-17 00:00:00+05:30,986.4015283910987,986.6169469384652,958.7418079462105,968.2632446289062,12813968,0.0,0.0
2020-11-18 00:00:00+05:30,972.3993216197281,976.0183111371115,949.0909927493254,956.9323120117188,9839468,0.0,0.0
2020-11-19 00:00:00+05:30,947.8416399393806,960.5082088719068,942.4993018609314,945.0411987304688,10092343,0.0,0.0
2020-11-20 00:00:00+05:30,953.0116069414402,955.5966293834152,940.1726411093314,950.7281494140625,8063554,0.0,0.0
2020-11-23 00:00:00+05:30,952.1499371201602,986.4446104134439,949.5217888849451,982.1792602539062,10546363,0.0,0.0
2020-11-24 00:00:00+05:30,986.616807059209,995.1474013624497,976.5782831381923,982.3515625,8515426,0.0,0.0
2020-11-25 00:00:00+05:30,979.7236286169614,985.3245112783601,957.5355165352668,961.326904296875,8958701,0.0,0.0
2020-11-26 00:00:00+05:30,965.0318764082738,965.0318764082738,946.3767160942049,959.215576171875,10962256,0.0,0.0
2020-11-27 00:00:00+05:30,963.3516872336647,965.9367096502131,940.08648548473,947.841552734375,25306145,0.0,0.0
2020-12-01 00:00:00+05:30,952.1930829717004,982.5239716607196,952.1930829717004,980.4559326171875,8933802,0.0,0.0
2020-12-02 00:00:00+05:30,977.1385334850233,988.7280092906063,965.9367689918088,983.0841064453125,6741637,0.0,0.0
2020-12-03 00:00:00+05:30,988.3401342107037,988.3401342107037,967.4014127459124,970.6326904296875,16212632,0.0,0.0
2020-12-04 00:00:00+05:30,969.383431702864,979.7235216410278,960.7666900877274,977.6986083984375,10564055,0.0,0.0
2020-12-07 00:00:00+05:30,988.5988057370549,993.5103063746003,978.8618456561543,985.3244018554688,7792141,0.0,0.0
2020-12-08 00:00:00+05:30,986.6168101307302,1005.5736396703599,986.6168101307302,993.811767578125,12308330,0.0,0.0
2020-12-09 00:00:00+05:30,1006.4785183617317,1016.3446451619873,996.9569770686047,1012.639404296875,10039346,0.0,0.0
2020-12-10 00:00:00+05:30,997.3016039525778,1009.5804596261112,990.9251947061991,1006.2199096679688,9488782,0.0,0.0
2020-12-11 00:00:00+05:30,999.283578622774,1009.8390881110338,995.4491703111808,1002.2994384765625,10574009,0.0,0.0
2020-12-14 00:00:00+05:30,1007.6416836732305,1010.3989986374711,989.3741301844598,1003.4625854492188,6728187,0.0,0.0
2020-12-15 00:00:00+05:30,996.0953419274529,1002.7301909718936,992.6486452425828,994.8889770507812,6905926,0.0,0.0
2020-12-16 00:00:00+05:30,999.5418692707217,1007.2107891322623,994.0271344722645,1004.453369140625,7788404,0.0,0.0
2020-12-17 00:00:00+05:30,1004.6258184377261,1007.2108406456362,996.26751685459,998.8525390625,6658153,0.0,0.0
2020-12-18 00:00:00+05:30,1019.2312721039293,1029.7006343182745,1012.9841343643415,1025.219970703125,15995676,0.0,0.0
2020-12-21 00:00:00+05:30,1023.6689687179414,1042.4103829179542,992.6918227233508,1014.4490966796875,10858352,0.0,0.0
2020-12-22 00:00:00+05:30,1018.4990020339384,1054.5600497238047,1013.415102729625,1051.6734619140625,10901851,0.0,0.0
2020-12-23 00:00:00+05:30,1066.752587290426,1084.7184721056449,1060.333157009501,1079.7208251953125,15878346,0.0,0.0
2020-12-24 00:00:00+05:30,1077.006800652292,1077.006800652292,1056.4127624677035,1065.0726318359375,7313885,0.0,0.0
2020-12-28 00:00:00+05:30,1067.1404376231014,1075.3694688214343,1065.0293777750744,1068.734619140625,4607051,0.0,0.0
2020-12-29 00:00:00+05:30,1064.1676607314378,1080.9271822212474,1064.1676607314378,1077.351318359375,6878105,0.0,0.0
2020-12-30 00:00:00+05:30,1079.6779099346707,1079.9364543014929,1066.8820674740116,1074.3355712890625,5194690,0.0,0.0
2020-12-31 00:00:00+05:30,1071.0611035863476,1084.3309082075723,1067.614406551476,1082.090576171875,7430470,0.0,0.0
2021-01-01 00:00:00+05:30,1083.8998401178012,1090.4485420516723,1082.090345597035,1086.0970458984375,4253550,0.0,0.0
2021-01-04 00:00:00+05:30,1093.4646501620718,1111.5598098574253,1086.700528170064,1110.0518798828125,7208454,0.0,0.0
2021-01-05 00:00:00+05:30,1104.6664299105278,1119.3148927096533,1098.6778357224719,1114.834228515625,8145280,0.0,0.0
2021-01-06 00:00:00+05:30,1120.17655398767,1121.8999025322664,1092.6461030616813,1104.7525634765625,7161715,0.0,0.0
2021-01-07 00:00:00+05:30,1116.729659647104,1118.1514429822316,1081.8318577831321,1087.56201171875,10954918,0.0,0.0
2021-01-08 00:00:00+05:30,1101.4351303405995,1134.6527153635936,1101.4351303405995,1130.602783203125,13186251,0.0,0.0
2021-01-11 00:00:00+05:30,1156.4528696665475,1191.9969287839901,1154.6433749666262,1185.8359375,20528626,0.0,0.0
2021-01-12 00:00:00+05:30,1187.3870506780231,1187.3870506780231,1171.8769150378166,1182.0015869140625,8309868,0.0,0.0
2021-01-13 00:00:00+05:30,1183.8110536129677,1200.139842468759,1171.8768872321662,1195.2713623046875,14442997,0.0,0.0
2021-01-14 00:00:00+05:30,1171.8769809148123,1192.5571629309559,1136.0743737254254,1180.924560546875,27521697,0.0,0.0
2021-01-15 00:00:00+05:30,1171.8768069574498,1175.7112147298128,1154.6433245021933,1158.9085693359375,15018441,0.0,0.0
2021-01-18 00:00:00+05:30,1152.9202206039013,1154.6435692146695,1125.3466428316106,1130.559814453125,8861765,0.0,0.0
2021-01-19 00:00:00+05:30,1137.410025239206,1146.8884421161995,1130.5166311468472,1134.5234375,5585744,0.0,0.0
2021-01-20 00:00:00+05:30,1137.883875806407,1161.8814805840243,1137.883875806407,1154.16943359375,8225838,0.0,0.0
2021-01-21 00:00:00+05:30,1163.260297069055,1172.781840093079,1150.3351826571766,1154.385009765625,6142421,0.0,0.0
2021-01-22 00:00:00+05:30,1143.4416876065104,1168.430239935515,1143.0539762822382,1155.3758544921875,9646591,0.0,0.0
2021-01-25 00:00:00+05:30,1158.951780705668,1161.4506568831903,1131.3782067409234,1141.804443359375,6542611,0.0,0.0
2021-01-27 00:00:00+05:30,1137.0652043305388,1143.9155770365226,1107.3374457103669,1121.0380859375,8133665,0.0,0.0
2021-01-28 00:00:00+05:30,1113.1105337316897,1117.1172337502778,1096.5233089566377,1099.6683349609375,4660690,0.0,0.0
2021-01-29 00:00:00+05:30,1108.3283245723426,1112.550548750536,1060.720829969721,1067.6573486328125,12183519,0.0,0.0
2021-02-01 00:00:00+05:30,1077.566557633126,1101.1763431636662,1069.337528134791,1086.48486328125,8880279,0.0,0.0
2021-02-02 00:00:00+05:30,1102.9428466076697,1115.3509746689713,1088.8113703485435,1095.4031982421875,6892490,0.0,0.0
2021-02-03 00:00:00+05:30,1100.91823085043,1123.6233284520413,1096.9114241713562,1106.949951171875,8182968,0.0,0.0
2021-02-04 00:00:00+05:30,1107.251292527457,1114.4893764883388,1096.0926542603552,1102.3828125,5032240,0.0,0.0
2021-02-05 00:00:00+05:30,1108.4577254721191,1110.4826388299136,1087.4328536980415,1096.1357421875,5477481,0.0,0.0
2021-02-08 00:00:00+05:30,1107.6820914790796,1128.7931076138423,1099.0653501995846,1123.2353515625,6921922,0.0,0.0
2021-02-09 00:00:00+05:30,1126.1219793119321,1147.7499796635198,1118.3237860998943,1124.958740234375,7965949,0.0,0.0
2021-02-10 00:00:00+05:30,1116.5573926368966,1123.924643422674,1106.0449050184593,1117.1605224609375,5951207,0.0,0.0
2021-02-11 00:00:00+05:30,1110.6978861575487,1116.729604701461,1105.570967469153,1113.843017578125,4673317,0.0,0.0
2021-02-12 00:00:00+05:30,1124.4846499709874,1140.641038619996,1121.5119165334988,1128.6207275390625,5797875,0.0,0.0
2021-02-15 00:00:00+05:30,1137.410006642959,1144.648091358565,1126.2943878137974,1128.49169921875,4363513,0.0,0.0
2021-02-16 00:00:00+05:30,1132.2399092154096,1137.194535910987,1108.113031393468,1111.9044189453125,6896421,0.0,0.0
2021-02-17 00:00:00+05:30,1111.9043239367195,1115.4371668503802,1098.6345212315448,1104.0631103515625,4575741,0.0,0.0
2021-02-18 00:00:00+05:30,1099.4962778682911,1125.3465038369814,1098.6346036693349,1113.6707763671875,6437551,0.0,0.0
2021-02-19 00:00:00+05:30,1116.8159046715325,1119.7456179756161,1100.1856557955718,1112.679931640625,5389696,0.0,0.0
2021-02-22 00:00:00+05:30,1115.8679945367455,1127.5437210322782,1085.7094000898064,1090.1900634765625,7371303,0.0,0.0
2021-02-23 00:00:00+05:30,1095.3172307680072,1112.42144338809,1083.5984821457366,1091.18115234375,6612942,0.0,0.0
2021-02-24 00:00:00+05:30,1085.7526365780805,1100.013281724026,1078.8161170740752,1098.031494140625,4537258,0.0,0.0
2021-02-25 00:00:00+05:30,1110.2240126677355,1119.960972603115,1096.0495150230138,1098.246826171875,8788221,0.0,0.0
2021-02-26 00:00:00+05:30,1093.4645216914641,1098.0314368662373,1072.5689230697005,1079.936279296875,15132388,0.0,0.0
2021-03-01 00:00:00+05:30,1088.5530584727862,1106.820509431112,1084.8478173404203,1091.7412109375,5756286,0.0,0.0
2021-03-02 00:00:00+05:30,1104.8818247785234,1128.7932855994275,1102.253676199945,1124.0540771484375,10461434,0.0,0.0
2021-03-03 00:00:00+05:30,1136.7204221811978,1160.6750040567447,1127.0697144069948,1157.7022705078125,9056399,0.0,0.0
2021-03-04 00:00:00+05:30,1150.3350531237788,1175.194332673044,1142.4938389671688,1146.3282470703125,12041941,0.0,0.0
2021-03-05 00:00:00+05:30,1144.7340809811906,1154.643333469925,1124.527864719399,1134.5662841796875,6486176,0.0,0.0
2021-03-08 00:00:00+05:30,1141.5459116696643,1159.899507241126,1134.997104236077,1150.981201171875,5119392,0.0,0.0
2021-03-09 00:00:00+05:30,1145.5958680350614,1163.6479007526516,1136.33287023034,1159.42578125,6518173,0.0,0.0
2021-03-10 00:00:00+05:30,1169.2057017251611,1183.9403089878242,1167.568499766013,1178.8995361328125,7925984,0.0,0.0
2021-03-12 00:00:00+05:30,1183.0788971026757,1199.192165571937,1180.5369998128515,1184.6729736328125,9462061,0.0,0.0
2021-03-15 00:00:00+05:30,1180.493696929162,1189.0242928563487,1170.5844432688077,1183.595703125,6658635,0.0,0.0
2021-03-16 00:00:00+05:30,1194.323480892539,1211.513837869457,1189.5411473533322,1192.5570068359375,9352771,0.0,0.0
2021-03-17 00:00:00+05:30,1199.6658792970159,1206.3438542042177,1190.8337189358776,1195.14208984375,7626744,0.0,0.0
2021-03-18 00:00:00+05:30,1200.9583948470276,1200.9583948470276,1131.8090415293782,1152.14453125,10961755,0.0,0.0
2021-03-19 00:00:00+05:30,1146.026995930717,1167.7411495691415,1135.6869027343496,1158.4781494140625,12767112,0.0,0.0
2021-03-22 00:00:00+05:30,1163.346265133308,1185.663646967112,1151.2828268647472,1181.1829833984375,4862758,0.0,0.0
2021-03-23 00:00:00+05:30,1182.60452407028,1191.9106460118596,1171.5320334128635,1181.8291015625,7165335,0.0,0.0
2021-03-24 00:00:00+05:30,1170.0242982818368,1180.8813722284217,1160.028898540296,1166.491455078125,6134303,0.0,0.0
2021-03-25 00:00:00+05:30,1160.4597868345645,1165.4144137321318,1143.958704043089,1149.3011474609375,8749994,0.0,0.0
2021-03-26 00:00:00+05:30,1158.6933720671052,1169.033463514783,1147.7501506922524,1151.369140625,4922071,0.0,0.0
2021-03-30 00:00:00+05:30,1160.5890562717839,1206.3439374331733,1151.326058180779,1193.6773681640625,10546381,0.0,0.0
2021-03-31 00:00:00+05:30,1190.8337900392485,1196.0038354373928,1174.7205239556358,1178.8134765625,8220987,0.0,0.0
2021-04-01 00:00:00+05:30,1189.110522281534,1199.105923026061,1181.3554536579588,1193.5911865234375,5675155,0.0,0.0
2021-04-05 00:00:00+05:30,1198.5884865160317,1227.8854013553882,1195.1417906525778,1214.8741455078125,9479572,0.0,0.0
2021-04-06 00:00:00+05:30,1226.162320506341,1228.747342967001,1211.9015711911009,1215.8653564453125,5793571,0.0,0.0
2021-04-07 00:00:00+05:30,1215.1758553414684,1236.4591627636812,1212.0307239538593,1232.3662109375,5879234,0.0,0.0
2021-04-08 00:00:00+05:30,1232.1939278782622,1250.8922132413663,1224.4388611993081,1240.681396484375,5654434,0.0,0.0
2021-04-09 00:00:00+05:30,1253.7360117447722,1253.7360117447722,1232.23728165855,1241.7156982421875,6052712,0.0,0.0
2021-04-12 00:00:00+05:30,1270.107636092024,1273.1666212515227,1219.2688636839985,1228.5318603515625,20384532,0.0,0.0
2021-04-13 00:00:00+05:30,1234.7790588105163,1236.7178256509376,1184.8019580352127,1203.8880615234375,14855206,0.0,0.0
2021-04-15 00:00:00+05:30,1148.0084843876693,1177.3915511559262,1137.4098505247566,1172.5230712890625,25342491,0.0,0.0
2021-04-16 00:00:00+05:30,1176.1852898848683,1181.226062947407,1160.3304634750934,1166.491455078125,10879878,0.0,0.0
2021-04-19 00:00:00+05:30,1154.6434235411007,1188.851847075062,1148.0515948995885,1174.07421875,12508028,0.0,0.0
2021-04-20 00:00:00+05:30,1188.2487756609848,1188.2487756609848,1156.7115195484307,1164.4234619140625,8560766,0.0,0.0
2021-04-22 00:00:00+05:30,1168.0425211701513,1176.013007638109,1159.0810883205606,1164.2080078125,6622446,0.0,0.0
2021-04-23 00:00:00+05:30,1157.2285084231075,1161.8815703725743,1146.8884175064454,1149.3011474609375,7316262,0.0,0.0
2021-04-26 00:00:00+05:30,1147.9653111763905,1164.3802447330834,1138.271477623578,1157.7022705078125,7088606,0.0,0.0
2021-04-27 00:00:00+05:30,1159.813465880782,1165.8451852427174,1154.7726928795603,1161.9676513671875,3636115,0.0,0.0
2021-04-28 00:00:00+05:30,1170.1536463734674,1171.446157764896,1158.607190239735,1168.4302978515625,4879234,0.0,0.0
2021-04-29 00:00:00+05:30,1178.7702141412208,1179.6318882743649,1164.4664445679937,1168.731689453125,5412357,0.0,0.0
2021-04-30 00:00:00+05:30,1160.0718873604987,1183.854071574896,1159.7271966822093,1167.00830078125,8354677,0.0,0.0
2021-05-03 00:00:00+05:30,1155.332655796906,1172.7384302483372,1152.9199262838172,1165.0264892578125,4560337,0.0,0.0
2021-05-04 00:00:00+05:30,1166.706806746648,1167.5253551205797,1140.9427284558226,1145.5096435546875,4887060,0.0,0.0
2021-05-05 00:00:00+05:30,1155.5911003428744,1158.003829867303,1144.1308980639017,1155.935791015625,3939788,0.0,0.0
2021-05-06 00:00:00+05:30,1158.951723413913,1175.9266619728828,1152.403020957983,1173.2554931640625,4810090,0.0,0.0
2021-05-07 00:00:00+05:30,1176.4438659417935,1183.1218412109477,1161.9676968327874,1165.45751953125,4991435,0.0,0.0
2021-05-10 00:00:00+05:30,1163.130918612339,1165.7590670432264,1150.3782033354155,1154.2557373046875,7195348,0.0,0.0
2021-05-11 00:00:00+05:30,1151.9720104394642,1155.5048528601644,1141.8042149995795,1146.5865478515625,6420988,0.0,0.0
2021-05-12 00:00:00+05:30,1146.0266729612142,1146.0266729612142,1132.6707230131701,1143.441650390625,5241898,0.0,0.0
2021-05-14 00:00:00+05:30,1143.3124370755465,1143.3124370755465,1129.9134658392018,1134.3079833984375,4824609,0.0,0.0
2021-05-17 00:00:00+05:30,1137.6684297752622,1150.2918720076307,1137.6684297752622,1145.5096435546875,5017129,0.0,0.0
2021-05-18 00:00:00+05:30,1152.9199623221782,1158.6069904267122,1145.5957323672167,1154.643310546875,5620150,0.0,0.0
2021-05-19 00:00:00+05:30,1156.3668429275547,1169.6796680095263,1148.827193243787,1152.0584716796875,4435878,0.0,0.0
2021-05-20 00:00:00+05:30,1161.8816201844372,1162.4847501064953,1150.3351637955125,1154.0404052734375,4490092,0.0,0.0
2021-05-21 00:00:00+05:30,1161.10597595688,1169.7227178934802,1160.1150295972031,1167.1376953125,4969733,0.0,0.0
2021-05-24 00:00:00+05:30,1168.9903331930352,1174.461943366911,1159.037954034809,1161.5799560546875,4225371,0.0,0.0
2021-05-25 00:00:00+05:30,1170.153487283341,1178.7702287213629,1167.0945019989106,1173.2554931640625,4099340,0.0,0.0
2021-05-26 00:00:00+05:30,1178.6840076135552,1206.3437248389694,1173.6432352288718,1203.97412109375,6850024,0.0,0.0
2021-05-27 00:00:00+05:30,1209.9626930741028,1220.3459077434843,1199.1917671452106,1208.282470703125,15365391,0.0,0.0
2021-05-28 00:00:00+05:30,1214.745138951032,1218.4072541065857,1202.983265708581,1210.6953125,4261312,0.0,0.0
2021-05-31 00:00:00+05:30,1220.6680058856502,1220.6680058856502,1204.5550140134528,1213.91796875,4429904,15.0,0.0
2021-06-01 00:00:00+05:30,1219.3615032530086,1220.232475755332,1200.7662615923773,1208.2130126953125,4791325,0.0,0.0
2021-06-02 00:00:00+05:30,1202.5952563024946,1212.3501055873878,1188.877439690679,1200.7662353515625,9272276,0.0,0.0
2021-06-03 00:00:00+05:30,1208.9968739609324,1218.490495223433,1199.3726918827983,1210.346923828125,5115645,0.0,0.0
2021-06-04 00:00:00+05:30,1214.0920448950565,1216.6614775007154,1199.895257275533,1206.863037109375,4194328,0.0,0.0
2021-06-07 00:00:00+05:30,1211.5227154080026,1212.3936878849313,1199.5904350020305,1210.346923828125,5154576,0.0,0.0
2021-06-08 00:00:00+05:30,1215.8778033753422,1238.3053488172584,1215.4859082159685,1230.6407470703125,7360630,0.0,0.0
2021-06-09 00:00:00+05:30,1231.0328746938796,1241.1361370720272,1223.3682721615398,1232.687744140625,5394317,0.0,0.0
2021-06-10 00:00:00+05:30,1240.2649108243102,1244.619773572991,1235.9100480756292,1240.5262451171875,3496575,0.0,0.0
2021-06-11 00:00:00+05:30,1245.5777030430665,1264.3036110722962,1245.011549675881,1260.2100830078125,6140828,0.0,0.0
2021-06-14 00:00:00+05:30,1281.2006492490314,1286.426484664051,1265.9150381321408,1273.187744140625,7132294,0.0,0.0
2021-06-15 00:00:00+05:30,1275.103669819977,1285.5553392447312,1274.2326973679144,1283.726318359375,5403104,0.0,0.0
2021-06-16 00:00:00+05:30,1282.6811854881962,1297.2699751733123,1278.1521709198764,1289.5618896484375,7661710,0.0,0.0
2021-06-17 00:00:00+05:30,1284.7715259128947,1308.7668610479423,1284.7715259128947,1302.365234375,7677951,0.0,0.0
2021-06-18 00:00:00+05:30,1314.2972634911118,1320.2199179420134,1295.4842821762857,1309.332763671875,13533974,0.0,0.0
2021-06-21 00:00:00+05:30,1300.3619509541468,1311.5104415545813,1292.6973503763622,1306.7200927734375,5454052,0.0,0.0
2021-06-22 00:00:00+05:30,1314.907051074631,1325.1409772519048,1308.2876817899016,1316.7796630859375,6427862,0.0,0.0
2021-06-23 00:00:00+05:30,1328.2329974366169,1328.2329974366169,1305.2828944498028,1309.2022705078125,5529809,0.0,0.0
2021-06-24 00:00:00+05:30,1321.2652671274627,1366.3380934780537,1316.2135841582835,1358.020263671875,10785137,0.0,0.0
2021-06-25 00:00:00+05:30,1369.168863834137,1374.3946991922826,1343.9106596031002,1371.0849609375,9780240,0.0,0.0
2021-06-28 00:00:00+05:30,1369.9526773998857,1376.2672280750623,1359.239673036804,1368.99462890625,5019178,0.0,0.0
2021-06-29 00:00:00+05:30,1359.5881210099008,1370.605944791992,1358.020327926008,1361.3736572265625,5913567,0.0,0.0
2021-06-30 00:00:00+05:30,1369.212243234457,1385.7171281600788,1369.212243234457,1376.833251953125,6058722,0.0,0.0
2021-07-01 00:00:00+05:30,1373.3931306494867,1373.3931306494867,1357.889882075595,1359.065673828125,4814317,0.0,0.0
2021-07-02 00:00:00+05:30,1357.8025504266625,1366.9477617714929,1343.562171167975,1365.5107421875,5166064,0.0,0.0
2021-07-05 00:00:00+05:30,1366.6865788207563,1380.491472279574,1359.6317225292362,1375.2220458984375,4058338,0.0,0.0
2021-07-06 00:00:00+05:30,1370.6494852954324,1382.015719815571,1356.1913619563304,1360.63330078125,4089574,0.0,0.0
2021-07-07 00:00:00+05:30,1363.986484620662,1367.9058607513202,1345.3476524242224,1362.7235107421875,4797120,0.0,0.0
2021-07-08 00:00:00+05:30,1365.6847894641999,1372.6525690022825,1349.1363130612535,1359.3702392578125,3326813,0.0,0.0
2021-07-09 00:00:00+05:30,1355.2334315659969,1367.3399725592622,1350.8785683540239,1361.2431640625,3436594,0.0,0.0
2021-07-12 00:00:00+05:30,1367.9060290680072,1374.3947322658926,1335.8541955721248,1348.1348876953125,4588982,0.0,0.0
2021-07-13 00:00:00+05:30,1355.5815853790407,1355.5815853790407,1338.0750598435359,1345.60888671875,4456160,0.0,0.0
2021-07-14 00:00:00+05:30,1353.4914729990367,1378.5755273818056,1339.6429868568807,1373.436767578125,5657716,0.0,0.0
2021-07-15 00:00:00+05:30,1356.8879621568644,1390.8122955822987,1355.2330932854072,1376.833251953125,10021355,0.0,0.0
2021-07-16 00:00:00+05:30,1370.6931133844064,1371.4770099793125,1349.6591040738929,1354.7542724609375,6265593,0.0,0.0
2021-07-19 00:00:00+05:30,1345.3912379284575,1352.5332765373414,1339.1638693330044,1342.7783203125,5669162,0.0,0.0
2021-07-20 00:00:00+05:30,1339.8172192115505,1356.7140029248317,1339.5558848985,1350.0511474609375,5069939,0.0,0.0
2021-07-22 00:00:00+05:30,1359.936562140339,1387.3286063361954,1359.936562140339,1385.0205078125,7854575,0.0,0.0
2021-07-23 00:00:00+05:30,1383.5836403476194,1392.2497756537243,1380.5352360843801,1385.2384033203125,4179719,0.0,0.0
2021-07-26 00:00:00+05:30,1388.4174287474325,1403.7030407175228,1388.4174287474325,1396.9530029296875,4586710,0.0,0.0
2021-07-27 00:00:00+05:30,1397.9108175675212,1401.6560417250942,1391.7269342802642,1395.7769775390625,5892859,0.0,0.0
2021-07-28 00:00:00+05:30,1397.9979854150688,1400.1754167381625,1380.9269451059924,1398.4334716796875,4686788,0.0,0.0
2021-07-29 00:00:00+05:30,1393.643092143495,1410.9754663584183,1393.643092143495,1408.362548828125,4660873,0.0,0.0
2021-07-30 00:00:00+05:30,1402.2656856372244,1413.9367380735853,1398.9124628703291,1402.701171875,6234257,0.0,0.0
2021-08-02 00:00:00+05:30,1417.4642058801662,1423.8223478971256,1410.278682485059,1421.0352783203125,5553389,0.0,0.0
2021-08-03 00:00:00+05:30,1434.4917348838053,1444.638585966481,1424.562626930286,1441.6336669921875,5513668,0.0,0.0
2021-08-04 00:00:00+05:30,1453.7403226615859,1463.14686912244,1427.5676602328276,1436.4515380859375,6740391,0.0,0.0
2021-08-05 00:00:00+05:30,1436.6691740338504,1451.0402206367958,1434.5353338843984,1440.1966552734375,5420536,0.0,0.0
2021-08-06 00:00:00+05:30,1443.201464252009,1446.380535210929,1431.8788215028985,1437.27880859375,3754855,0.0,0.0
2021-08-09 00:00:00+05:30,1446.6853193592076,1452.3030494440573,1433.9691421507919,1448.6885986328125,5018477,0.0,0.0
2021-08-10 00:00:00+05:30,1452.7822488331904,1463.2339196881055,1446.7290319910098,1460.8387451171875,6846517,0.0,0.0
2021-08-11 00:00:00+05:30,1458.7048011852285,1466.7177057432823,1452.7821455937024,1461.0999755859375,4899639,0.0,0.0
2021-08-12 00:00:00+05:30,1462.493594127551,1477.6049467665491,1458.0080641834384,1471.59521484375,5659579,0.0,0.0
2021-08-13 00:00:00+05:30,1478.0403134331104,1500.2501118966013,1473.0758127751071,1491.279052734375,5612790,0.0,0.0
2021-08-16 00:00:00+05:30,1487.359863555825,1498.0292778847625,1472.030767090066,1484.4857177734375,4564109,0.0,0.0
2021-08-17 00:00:00+05:30,1484.0501084300226,1523.2438721030503,1468.9387563667328,1516.9293212890625,9510390,0.0,0.0
2021-08-18 00:00:00+05:30,1505.9114463640587,1528.9922175200145,1504.1695013711565,1509.7872314453125,6686090,0.0,0.0
2021-08-20 00:00:00+05:30,1494.6759407419665,1519.8470681780625,1494.6759407419665,1509.351806640625,6206972,0.0,0.0
2021-08-23 00:00:00+05:30,1511.790524868996,1526.9454677131089,1508.5243779767254,1514.4034423828125,6189051,0.0,0.0
2021-08-24 00:00:00+05:30,1524.2018576309072,1530.298665061431,1491.7145412231635,1498.81298828125,7602939,0.0,0.0
2021-08-25 00:00:00+05:30,1496.330844263311,1521.5019722788666,1496.330844263311,1511.616455078125,6153253,0.0,0.0
2021-08-26 00:00:00+05:30,1510.2659766423676,1520.7176443007922,1498.0723643742056,1504.77880859375,5302248,0.0,0.0
2021-08-27 00:00:00+05:30,1502.427583260766,1504.7791665153063,1485.1822849945138,1488.31787109375,6698514,0.0,0.0
2021-08-30 00:00:00+05:30,1483.3096963013163,1496.896845466197,1472.2918733754789,1478.954833984375,6559667,0.0,0.0
2021-08-31 00:00:00+05:30,1480.7840546962734,1493.7179762587919,1468.3291042613178,1486.2711181640625,12255438,0.0,0.0
2021-09-01 00:00:00+05:30,1488.927672275753,1488.927672275753,1457.2678392623277,1461.2742919921875,7801974,0.0,0.0
2021-09-02 00:00:00+05:30,1460.9257408190936,1475.688788882233,1448.1224872534362,1471.15966796875,6830050,0.0,0.0
2021-09-03 00:00:00+05:30,1477.2129082319484,1485.835450675509,1467.0660576377923,1481.2193603515625,5339139,0.0,0.0
2021-09-06 00:00:00+05:30,1485.1388033981718,1508.5243941333167,1480.0871202894011,1507.130859375,4876026,0.0,0.0
2021-09-07 00:00:00+05:30,1506.782500124992,1511.0502868517522,1484.137213995946,1486.4453125,3520341,0.0,0.0
2021-09-08 00:00:00+05:30,1481.3934169692038,1481.3934169692038,1465.802989411685,1474.7740478515625,4584896,0.0,0.0
2021-09-09 00:00:00+05:30,1468.372535490299,1476.2112878647204,1465.1063886676236,1473.3370361328125,3331674,0.0,0.0
2021-09-13 00:00:00+05:30,1465.8465907578222,1481.9595806146374,1459.0529633172687,1473.5982666015625,4662374,0.0,0.0
2021-09-14 00:00:00+05:30,1477.12592169284,1477.12592169284,1462.0145685181678,1468.5904541015625,4945167,0.0,0.0
2021-09-15 00:00:00+05:30,1474.7743181658348,1493.8050477371864,1472.1178092741352,1490.6259765625,4062344,0.0,0.0
2021-09-16 00:00:00+05:30,1493.891966210481,1497.4194473085083,1473.2063696575788,1482.6129150390625,3246568,0.0,0.0
2021-09-17 00:00:00+05:30,1478.0404287798092,1496.3308524712506,1467.1096806648243,1473.075927734375,7454864,0.0,0.0
2021-09-20 00:00:00+05:30,1467.588794337864,1487.359829336001,1461.4483951332998,1470.071044921875,5660743,0.0,0.0
2021-09-21 00:00:00+05:30,1480.6533768466115,1503.9518932175802,1467.2839690902401,1496.7227783203125,4672222,0.0,0.0
2021-09-22 00:00:00+05:30,1495.4597566485802,1514.5340753328271,1492.0194578610053,1495.3726806640625,4553892,0.0,0.0
2021-09-23 00:00:00+05:30,1508.5243325905415,1519.8469748097546,1499.0307113119939,1517.713134765625,3826090,0.0,0.0
2021-09-24 00:00:00+05:30,1531.169602820424,1557.2987769299875,1526.335663082202,1536.2647705078125,8280446,0.0,0.0
2021-09-27 00:00:00+05:30,1540.5327360352849,1540.7504791781873,1496.4179540192567,1499.074462890625,5045337,0.0,0.0
2021-09-28 00:00:00+05:30,1489.3628929542976,1489.3628929542976,1458.8788571335956,1469.4176025390625,6557197,0.0,0.0
2021-09-29 00:00:00+05:30,1445.1611060324121,1481.872617800693,1441.4594729447897,1473.9031982421875,7792548,0.0,0.0
2021-09-30 00:00:00+05:30,1483.2663028944044,1483.2663028944044,1454.6112837647613,1459.05322265625,6914031,0.0,0.0
2021-10-01 00:00:00+05:30,1450.2564576700856,1462.3194069383485,1446.9032344178822,1450.300048828125,5733906,0.0,0.0
2021-10-04 00:00:00+05:30,1456.7015632635075,1470.2016375418839,1450.517679535455,1462.1451416015625,2947154,0.0,0.0
2021-10-05 00:00:00+05:30,1455.3950807569224,1483.2226102398492,1448.4273005977032,1474.38232421875,4373310,0.0,0.0
2021-10-06 00:00:00+05:30,1482.4821661210055,1488.4918972098776,1454.5239721126366,1457.615966796875,4271698,0.0,0.0
2021-10-07 00:00:00+05:30,1469.3305632299673,1484.3112472506546,1460.3160193905471,1472.814453125,5476108,0.0,0.0
2021-10-08 00:00:00+05:30,1485.2258362951297,1508.0888641225727,1479.2596960117546,1501.4259033203125,4738376,0.0,0.0
2021-10-11 00:00:00+05:30,1464.9757128474757,1506.7823919299244,1449.0368739193389,1472.7708740234375,8840633,0.0,0.0
2021-10-12 00:00:00+05:30,1460.621034543982,1471.072705631953,1447.556445684018,1467.719482421875,7439300,0.0,0.0
2021-10-13 00:00:00+05:30,1477.125873324372,1492.5421514566985,1463.2774946507823,1488.666259765625,7104171,0.0,0.0
2021-10-14 00:00:00+05:30,1527.6859172658185,1553.4666845714335,1479.0856043938277,1494.3712158203125,19655776,0.0,0.0
2021-10-18 00:00:00+05:30,1515.4922131177411,1566.8795927579404,1515.4922131177411,1560.9134521484375,13438109,0.0,0.0
2021-10-19 00:00:00+05:30,1579.944155219386,1597.799091923905,1552.3343687944996,1587.0426025390625,10324260,0.0,0.0
2021-10-20 00:00:00+05:30,1593.3570895202022,1609.5571565198998,1562.5682333583247,1569.7972412109375,5876115,0.0,0.0
2021-10-21 00:00:00+05:30,1579.944278051199,1579.944278051199,1521.4584473764492,1527.381103515625,8779629,0.0,0.0
2021-10-22 00:00:00+05:30,1524.1149349651396,1535.6988064564907,1486.7501901182247,1497.898681640625,7369809,0.0,0.0
2021-10-25 00:00:00+05:30,1499.858350257659,1506.564796489911,1469.5048712675496,1487.229248046875,5905209,0.0,0.0
2021-10-26 00:00:00+05:30,1502.606510485687,1517.1487911115623,1490.173003745535,1497.0267333984375,5871709,15.0,0.0
2021-10-27 00:00:00+05:30,1501.7713769207796,1523.782638320306,1494.785823536902,1519.21337890625,5090259,0.0,0.0
2021-10-28 00:00:00+05:30,1510.777886307297,1515.5228408460055,1486.789677839468,1497.2021484375,5329972,0.0,0.0
2021-10-29 00:00:00+05:30,1492.8966047069405,1504.8467856229756,1459.5503108556832,1465.4375,5875091,0.0,0.0
2021-11-01 00:00:00+05:30,1474.0049226994552,1500.102016130917,1472.6868855107523,1493.8194580078125,3636806,0.0,0.0
2021-11-02 00:00:00+05:30,1489.3818273621403,1499.4428003412402,1481.7811257877784,1491.9300537109375,3471772,0.0,0.0
2021-11-03 00:00:00+05:30,1501.6835397594302,1509.1084388738689,1492.896626127134,1495.9720458984375,3530713,0.0,0.0
2021-11-04 00:00:00+05:30,1506.955843008158,1508.713225915456,1498.1689284716672,1501.4200439453125,483407,0.0,0.0
2021-11-08 00:00:00+05:30,1520.1361328125,1529.80173828125,1496.4114648437499,1526.726318359375,5245903,0.0,0.0
2021-11-09 00:00:00+05:30,1524.3098926867096,1537.7099364183555,1516.621343004618,1531.1197509765625,4016134,0.0,0.0
2021-11-10 00:00:00+05:30,1516.6213052274068,1538.5446120128352,1513.0625622726295,1529.0548095703125,4780368,0.0,0.0
2021-11-11 00:00:00+05:30,1522.7282608636551,1528.703405453859,1501.6836441561402,1523.035888671875,4731349,0.0,0.0
2021-11-12 00:00:00+05:30,1531.559061749532,1566.5748914793885,1527.20958236198,1564.246337890625,5069009,0.0,0.0
2021-11-15 00:00:00+05:30,1565.916080701805,1581.6446798033896,1560.116738328288,1570.353515625,4354074,0.0,0.0
2021-11-16 00:00:00+05:30,1572.8576289550256,1589.508788323187,1561.4346405883132,1574.878662109375,6034233,0.0,0.0
2021-11-17 00:00:00+05:30,1575.0984778513402,1583.402069550953,1564.6858978550656,1570.6170654296875,4732492,0.0,0.0
2021-11-18 00:00:00+05:30,1565.476535154988,1572.3742410091222,1545.618131495533,1563.54345703125,4326924,0.0,0.0
2021-11-22 00:00:00+05:30,1567.5855143323686,1568.815703789317,1538.7205222501445,1545.9697265625,6621839,0.0,0.0
2021-11-23 00:00:00+05:30,1524.6175312167047,1535.2936539110958,1502.5623970170118,1526.19921875,8436160,0.0,0.0
2021-11-24 00:00:00+05:30,1528.9227913910488,1529.3621370207588,1483.2308459012015,1490.2603759765625,7333061,0.0,0.0
2021-11-25 00:00:00+05:30,1493.7754205362603,1516.7970929361409,1491.0953687886788,1513.4581298828125,4476260,0.0,0.0
2021-11-26 00:00:00+05:30,1496.0161123736239,1509.8993723813282,1479.716343711144,1486.4383544921875,4494181,0.0,0.0
2021-11-29 00:00:00+05:30,1485.8672594442673,1504.3197801115232,1466.667872488146,1490.5682373046875,3942776,0.0,0.0
2021-11-30 00:00:00+05:30,1497.7734901514705,1520.0482960069558,1493.8193787950365,1504.890869140625,14808963,0.0,0.0
2021-12-01 00:00:00+05:30,1506.9557676104166,1530.59258798338,1505.1983847910458,1506.867919921875,5193264,0.0,0.0
2021-12-02 00:00:00+05:30,1506.9558718875126,1538.1494190898488,1503.7486265678017,1536.17236328125,5559574,0.0,0.0
2021-12-03 00:00:00+05:30,1556.2503551294296,1569.914049638286,1522.3768651886874,1525.012939453125,6754012,0.0,0.0
2021-12-06 00:00:00+05:30,1520.1361797156055,1523.6069679725288,1486.3065595311832,1489.6456298828125,3991449,0.0,0.0
2021-12-07 00:00:00+05:30,1494.7420908613853,1515.6549914895222,1488.50340265687,1504.0123291015625,4202122,0.0,0.0
2021-12-08 00:00:00+05:30,1522.7723363402492,1546.3213109323074,1522.4208382954744,1540.6536865234375,3029169,0.0,0.0
2021-12-09 00:00:00+05:30,1545.6183082145856,1554.7567210288287,1530.6805531039272,1549.5284423828125,2082171,0.0,0.0
2021-12-10 00:00:00+05:30,1546.496909194259,1549.7920020405534,1534.1952292347592,1545.837890625,1823469,0.0,0.0
2021-12-13 00:00:00+05:30,1552.691619157812,1556.4699276693766,1527.8685881008832,1533.0089111328125,4040584,0.0,0.0
2021-12-14 00:00:00+05:30,1520.927049880741,1549.1330239292365,1502.869897706602,1539.5992431640625,4768144,0.0,0.0
2021-12-15 00:00:00+05:30,1533.3163250007074,1535.9084214418483,1512.4034290671957,1523.826416015625,3053149,0.0,0.0
2021-12-16 00:00:00+05:30,1548.825573419924,1561.9619682661307,1544.7396365465954,1556.6898193359375,4481031,0.0,0.0
2021-12-17 00:00:00+05:30,1599.2184657386906,1618.5496779619054,1587.575803831527,1599.96533203125,18887243,0.0,0.0
2021-12-20 00:00:00+05:30,1583.1381278143033,1607.697614867699,1570.4850584603494,1580.6778564453125,5773891,0.0,0.0
2021-12-21 00:00:00+05:30,1582.5232944672757,1615.0348779738215,1582.5232944672757,1591.83740234375,5353584,0.0,0.0
2021-12-22 00:00:00+05:30,1603.6120390352062,1607.2586303298258,1592.4965697505597,1603.348388671875,4156428,0.0,0.0
2021-12-23 00:00:00+05:30,1609.1035837520574,1635.771845585297,1605.3691454006876,1632.257080078125,4112933,0.0,0.0
2021-12-24 00:00:00+05:30,1645.7451196749826,1648.2054986567352,1629.0939594879846,1637.4415283203125,3780347,0.0,0.0
2021-12-27 00:00:00+05:30,1634.3659241624905,1647.1069488401015,1621.2295312790468,1639.7698974609375,2647733,0.0,0.0
2021-12-28 00:00:00+05:30,1652.554991836044,1665.911166433166,1650.5340658280904,1658.969482421875,3340933,0.0,0.0
2021-12-29 00:00:00+05:30,1655.0151681366292,1664.065732003417,1648.7764809648074,1656.8165283203125,3236635,0.0,0.0
2021-12-30 00:00:00+05:30,1655.893905461335,1678.1248402781916,1646.9751665027095,1663.23095703125,4584738,0.0,0.0
2021-12-31 00:00:00+05:30,1660.7266893716478,1668.0637408590383,1644.602724183878,1658.7496337890625,4619420,0.0,0.0
2022-01-03 00:00:00+05:30,1658.7496564451544,1681.8592826976471,1658.7496564451544,1668.151611328125,3329616,0.0,0.0
2022-01-04 00:00:00+05:30,1668.151697346698,1675.3570314082458,1650.1825005622568,1668.766845703125,3921999,0.0,0.0
2022-01-05 00:00:00+05:30,1669.5137232070176,1672.061949815919,1616.7922372110065,1620.878173828125,6995719,0.0,0.0
2022-01-06 00:00:00+05:30,1606.2477649878608,1606.2477649878608,1581.6444075372808,1597.28515625,6449205,0.0,0.0
2022-01-07 00:00:00+05:30,1595.2201260127915,1613.277275679743,1587.6195318472028,1594.209716796875,4834389,0.0,0.0
2022-01-10 00:00:00+05:30,1594.8249406516995,1643.065121465988,1593.0675577969869,1626.2381591796875,7857560,0.0,0.0
2022-01-11 00:00:00+05:30,1629.972440435956,1643.152810574252,1625.710808876999,1630.4996337890625,5142287,0.0,0.0
2022-01-12 00:00:00+05:30,1642.1863497006073,1659.848025074008,1634.3659749272922,1649.6990966796875,5362535,0.0,0.0
2022-01-13 00:00:00+05:30,1673.9071309319909,1680.497316486841,1639.9456865869017,1666.701904296875,14277630,0.0,0.0
2022-01-14 00:00:00+05:30,1653.6970874523536,1698.510345401381,1652.8183961200198,1695.3031005859375,7688506,0.0,0.0
2022-01-17 00:00:00+05:30,1703.3873319362635,1716.8752240721528,1696.3138229476326,1704.2220458984375,5262464,0.0,0.0
2022-01-18 00:00:00+05:30,1688.9329161779824,1709.0549730457055,1679.574830220187,1687.7467041015625,3690315,0.0,0.0
2022-01-19 00:00:00+05:30,1683.572440805985,1683.572440805985,1636.8699792550035,1640.560546875,5747770,0.0,0.0
2022-01-20 00:00:00+05:30,1620.3069609598556,1623.8217266018507,1595.2642557606387,1602.469482421875,5533463,0.0,0.0
2022-01-21 00:00:00+05:30,1577.2510967324367,1588.6740851767383,1560.5559597753802,1569.0792236328125,8252758,0.0,0.0
2022-01-24 00:00:00+05:30,1550.890383701955,1554.0976288940496,1518.378800587523,1526.111328125,7116712,0.0,0.0
2022-01-25 00:00:00+05:30,1517.1485371127924,1528.923023226851,1494.214713216816,1513.2384033203125,9137653,0.0,0.0
2022-01-27 00:00:00+05:30,1495.5328367763693,1502.2987179861893,1463.0212533681874,1474.971435546875,11231734,0.0,0.0
2022-01-28 00:00:00+05:30,1477.0802616309584,1517.9833897106614,1475.7622245146904,1481.6494140625,10998502,0.0,0.0
2022-01-31 00:00:00+05:30,1509.591964395572,1537.270746047761,1507.2634105184352,1525.5841064453125,8788872,0.0,0.0
2022-02-01 00:00:00+05:30,1551.856926666537,1564.0707591029711,1524.265994070383,1557.085205078125,5119935,0.0,0.0
2022-02-02 00:00:00+05:30,1571.9791056278098,1575.318176258429,1557.041350012565,1570.3095703125,4253717,0.0,0.0
2022-02-03 00:00:00+05:30,1563.191948829261,1563.191948829261,1523.6508371388077,1527.64892578125,3832922,0.0,0.0
2022-02-04 00:00:00+05:30,1521.8935777665583,1541.1808120164233,1502.6941912084785,1529.8896484375,4700077,0.0,0.0
2022-02-07 00:00:00+05:30,1513.2824685548035,1521.8936882174746,1489.733600553992,1506.9559326171875,4310209,0.0,0.0
2022-02-08 00:00:00+05:30,1502.5621948686542,1515.742564999081,1490.2605160802557,1508.9766845703125,6053401,0.0,0.0
2022-02-09 00:00:00+05:30,1524.529382175135,1531.5589124675853,1515.7424693095722,1526.5504150390625,3867244,0.0,0.0
2022-02-10 00:00:00+05:30,1542.6746701881318,1558.7107891978585,1536.6116777128484,1554.932373046875,4334630,0.0,0.0
2022-02-11 00:00:00+05:30,1528.923139634157,1534.1513109136818,1505.1984702260409,1512.5355224609375,7551371,0.0,0.0
2022-02-14 00:00:00+05:30,1484.9883568052496,1510.0750373354194,1474.663733614444,1478.134521484375,7459637,0.0,0.0
2022-02-15 00:00:00+05:30,1492.896618085269,1534.8541304534688,1485.383764065274,1527.38525390625,4669915,0.0,0.0
2022-02-16 00:00:00+05:30,1527.3853683173847,1542.4988179107663,1517.3682646277543,1523.035888671875,5350642,0.0,0.0
2022-02-17 00:00:00+05:30,1532.4378490996394,1536.8313062358195,1511.6129051790003,1515.5670166015625,3937950,0.0,0.0
2022-02-18 00:00:00+05:30,1502.5623760399344,1513.5460191396417,1496.8508816280867,1499.88232421875,5602215,0.0,0.0
2022-02-21 00:00:00+05:30,1494.65424801455,1526.5507925084316,1486.3066787281666,1520.7513427734375,5120890,0.0,0.0
2022-02-22 00:00:00+05:30,1493.6873792303204,1538.5884837161573,1485.9109825897194,1523.958251953125,8878515,0.0,0.0
2022-02-23 00:00:00+05:30,1537.7100334675147,1544.9592379110045,1523.1237768881938,1531.4273681640625,5478811,0.0,0.0
2022-02-24 00:00:00+05:30,1485.0762465850694,1506.9117054360172,1467.8539173756792,1474.575927734375,13592379,0.0,0.0
2022-02-25 00:00:00+05:30,1506.9559682450063,1518.5107832731924,1473.5656902314142,1489.0306396484375,9737281,0.0,0.0
2022-02-28 00:00:00+05:30,1478.1348359978454,1518.4229281074627,1463.0213847182283,1507.483154296875,15076542,0.0,0.0
2022-03-02 00:00:00+05:30,1502.5621301885437,1506.428393379465,1485.8669954086708,1496.235595703125,6771489,0.0,0.0
2022-03-03 00:00:00+05:30,1511.5248984753623,1523.5630349736196,1498.6521553167977,1512.0960693359375,7344147,0.0,0.0
2022-03-04 00:00:00+05:30,1489.601685282867,1525.4083619826322,1477.0803320811085,1514.2490234375,9074499,0.0,0.0
2022-03-07 00:00:00+05:30,1491.1389963313304,1538.5883220837711,1490.2603051136925,1528.7908935546875,9742588,0.0,0.0
2022-03-08 00:00:00+05:30,1509.9873201847918,1581.6446527750986,1509.9873201847918,1562.4891357421875,10984500,0.0,0.0
2022-03-09 00:00:00+05:30,1573.7362690166242,1609.411117760778,1573.7362690166242,1593.375,10193515,0.0,0.0
2022-03-10 00:00:00+05:30,1620.9658987002945,1620.9658987002945,1590.6070690763233,1604.402587890625,6547182,0.0,0.0
2022-03-11 00:00:00+05:30,1593.9462984422166,1609.2355512027455,1591.310224078751,1600.975830078125,4758657,0.0,0.0
2022-03-14 00:00:00+05:30,1609.3671678167375,1665.1200904742025,1609.3671678167375,1661.3416748046875,10289724,0.0,0.0
2022-03-15 00:00:00+05:30,1659.2767472197927,1659.2767472197927,1608.0051297006162,1616.177001953125,7140443,0.0,0.0
2022-03-16 00:00:00+05:30,1638.7593724368805,1664.1974441872826,1624.7003107966714,1660.199462890625,5233979,0.0,0.0
2022-03-17 00:00:00+05:30,1689.9871323532464,1689.9871323532464,1610.6852372652634,1629.6209716796875,17731459,0.0,0.0
2022-03-21 00:00:00+05:30,1635.2447090569246,1658.0028379594185,1617.7587285984619,1628.2591552734375,8362085,0.0,0.0
2022-03-22 00:00:00+05:30,1625.579059476518,1660.7267148165508,1615.9134542580089,1658.442138671875,5709382,0.0,0.0
2022-03-23 00:00:00+05:30,1666.8775046856965,1669.5135787574188,1631.7298503960667,1645.26171875,6192824,0.0,0.0
2022-03-24 00:00:00+05:30,1630.9830683752546,1664.7687099000984,1630.9830683752546,1657.8270263671875,3784303,0.0,0.0
2022-03-25 00:00:00+05:30,1662.4840638904113,1664.2414466217965,1632.6085574568626,1648.9083251953125,3438588,0.0,0.0
2022-03-28 00:00:00+05:30,1639.6380289243905,1652.7305512508635,1627.9075210702022,1646.5797119140625,4008555,0.0,0.0
2022-03-29 00:00:00+05:30,1646.579648713379,1660.1993638649583,1634.8491413094428,1657.2117919921875,3917785,0.0,0.0
2022-03-30 00:00:00+05:30,1678.3006231006957,1686.2088459320603,1665.1202517150882,1672.9844970703125,7795839,0.0,0.0
2022-03-31 00:00:00+05:30,1669.5135784299448,1680.9365660718338,1664.4171256540967,1675.5325927734375,5399145,0.0,0.0
2022-04-01 00:00:00+05:30,1657.9588459097863,1678.5642235880214,1650.4460988003643,1672.633056640625,6171518,0.0,0.0
2022-04-04 00:00:00+05:30,1660.5070045294929,1663.362751461479,1645.788924187718,1654.5318603515625,7364074,0.0,0.0
2022-04-05 00:00:00+05:30,1655.2790019404306,1660.3753480101589,1631.8618532673324,1635.3326416015625,5472024,0.0,0.0
2022-04-06 00:00:00+05:30,1629.9725526181892,1632.169281125761,1601.107561481124,1606.9947509765625,5407453,0.0,0.0
2022-04-07 00:00:00+05:30,1600.1410724456011,1606.3797601498356,1588.2787381336382,1591.3101806640625,5797544,0.0,0.0
2022-04-08 00:00:00+05:30,1601.854417864324,1615.0347888286492,1588.6740468999988,1594.473388671875,5131446,0.0,0.0
2022-04-11 00:00:00+05:30,1593.946182924903,1593.946182924903,1548.7375537727073,1552.2523193359375,8248407,0.0,0.0
2022-04-12 00:00:00+05:30,1544.300154299906,1544.300154299906,1518.1590848316712,1531.0758056640625,6456184,0.0,0.0
2022-04-13 00:00:00+05:30,1542.0594523193558,1544.3001583273306,1521.8935272961232,1536.4359130859375,6257693,0.0,0.0
2022-04-18 00:00:00+05:30,1410.7392326254023,1449.841005189607,1397.119514091803,1424.71044921875,30523965,0.0,0.0
2022-04-19 00:00:00+05:30,1438.1101989357824,1438.1101989357824,1361.9715730908893,1372.515869140625,17044923,0.0,0.0
2022-04-20 00:00:00+05:30,1383.9389289365774,1402.6550983089535,1373.3946323351558,1395.0982666015625,10678747,0.0,0.0
2022-04-21 00:00:00+05:30,1401.5127612789481,1429.8065810155888,1396.4602858072528,1422.4256591796875,7766514,0.0,0.0
2022-04-22 00:00:00+05:30,1409.7286280030771,1415.3082973438313,1390.4413932842554,1393.121337890625,8134245,0.0,0.0
2022-04-25 00:00:00+05:30,1382.0059741881291,1382.0059741881291,1365.5743794932316,1371.7252197265625,7000570,0.0,0.0
2022-04-26 00:00:00+05:30,1385.8721112277144,1398.8767875849937,1376.5141331003783,1389.211181640625,5345435,0.0,0.0
2022-04-27 00:00:00+05:30,1381.961856821622,1381.961856821622,1362.2791486149092,1364.4320068359375,8819356,0.0,0.0
2022-04-28 00:00:00+05:30,1379.545574627146,1407.4880056040677,1368.517954039761,1390.6170654296875,9245177,0.0,0.0
2022-04-29 00:00:00+05:30,1397.1194023690618,1403.533892844543,1371.4616549914167,1377.392822265625,9831395,0.0,0.0
2022-05-02 00:00:00+05:30,1362.7626659168216,1364.3882237359503,1345.2766836514184,1354.0635986328125,7072627,0.0,0.0
2022-05-04 00:00:00+05:30,1359.5551819523712,1379.5454100276122,1344.5295814229673,1349.2745361328125,6220959,0.0,0.0
2022-05-05 00:00:00+05:30,1370.8025337737408,1396.5921043901596,1368.5178503702025,1392.857666015625,6144870,0.0,0.0
2022-05-06 00:00:00+05:30,1361.9716296199067,1372.3841009487683,1348.8352364842315,1355.68896484375,6171472,0.0,0.0
2022-05-09 00:00:00+05:30,1353.1846449249074,1394.3074419742286,1337.5000261747937,1379.8529052734375,6832202,0.0,0.0
2022-05-10 00:00:00+05:30,1369.0013676905587,1378.7987994444961,1358.50104708842,1364.60791015625,6212545,0.0,0.0
2022-05-11 00:00:00+05:30,1361.9278360516032,1361.9278360516032,1328.2300387627954,1341.542236328125,7846080,0.0,0.0
2022-05-12 00:00:00+05:30,1330.3388057853947,1342.201139918884,1321.8155419424827,1325.7696533203125,7034979,0.0,0.0
2022-05-13 00:00:00+05:30,1334.9959664754047,1343.7389035215306,1316.3676433280884,1321.9034423828125,6723761,0.0,0.0
2022-05-16 00:00:00+05:30,1326.8240224148346,1328.4495800627174,1299.2770683025562,1308.4593505859375,6145331,0.0,0.0
2022-05-17 00:00:00+05:30,1313.555783441477,1340.0043728900273,1301.2541039526504,1334.2489013671875,6516378,0.0,0.0
2022-05-18 00:00:00+05:30,1337.3683872175263,1361.7080974834491,1322.6942829038983,1326.12109375,6594126,0.0,0.0
2022-05-19 00:00:00+05:30,1301.3420497086145,1304.593165199384,1245.6769672791786,1254.0245361328125,16561140,0.0,0.0
2022-05-20 00:00:00+05:30,1276.7385996614764,1288.8206063685275,1271.2028009563014,1278.6278076171875,10488908,0.0,0.0
2022-05-23 00:00:00+05:30,1278.5837480095965,1307.4927145622214,1274.1464210976928,1290.2703857421875,5887569,0.0,0.0
2022-05-24 00:00:00+05:30,1290.446197671662,1291.2810188777573,1261.1418602736273,1266.1943359375,5693167,0.0,0.0
2022-05-25 00:00:00+05:30,1260.9221361098096,1267.5123214901744,1229.5089191300704,1239.3502197265625,9630092,0.0,0.0
2022-05-26 00:00:00+05:30,1245.9841105845023,1256.5284048912824,1236.3624849344092,1251.2122802734375,13040065,0.0,0.0
2022-05-27 00:00:00+05:30,1268.7861902183386,1289.0400664785568,1263.0308268759254,1284.075439453125,8284860,0.0,0.0
2022-05-30 00:00:00+05:30,1306.6140992805463,1344.3978291185176,1304.8567164973847,1341.5860595703125,10904213,0.0,0.0
2022-05-31 00:00:00+05:30,1341.49726302402,1347.9796856356543,1321.4729921530693,1335.1925048828125,16033857,16.0,0.0
2022-06-01 00:00:00+05:30,1343.5394511125153,1345.093445851079,1307.2203524001836,1312.947998046875,8738508,0.0,0.0
2022-06-02 00:00:00+05:30,1317.787679252321,1344.2943706627866,1310.3284820297667,1339.099609375,7205840,0.0,0.0
2022-06-03 00:00:00+05:30,1354.1067924628962,1380.835483354974,1347.9795908249841,1351.26513671875,9395707,0.0,0.0
2022-06-06 00:00:00+05:30,1346.2036506605543,1364.496369880414,1325.779716646575,1358.6800537109375,6624883,0.0,0.0
2022-06-07 00:00:00+05:30,1349.6222508666924,1349.6222508666924,1334.3043022524057,1337.945068359375,4904592,0.0,0.0
2022-06-08 00:00:00+05:30,1349.9331029298305,1349.9331029298305,1324.89162890625,1331.99560546875,4697608,0.0,0.0
2022-06-09 00:00:00+05:30,1318.675759494895,1347.0472249005495,1315.5677694893513,1345.315673828125,4361061,0.0,0.0
2022-06-10 00:00:00+05:30,1319.6524730579197,1326.6232286366903,1308.5525092706785,1311.3941650390625,6516436,0.0,0.0
2022-06-13 00:00:00+05:30,1281.912503994141,1281.912503994141,1253.585376766595,1264.9517822265625,6987685,0.0,0.0
2022-06-14 00:00:00+05:30,1252.0759892436106,1286.6191002718645,1245.9932304081092,1279.204345703125,6090247,0.0,0.0
2022-06-15 00:00:00+05:30,1278.8934951366866,1284.3991426909397,1259.934777025382,1262.9095458984375,4651958,0.0,0.0
2022-06-16 00:00:00+05:30,1276.9399223929138,1282.0459060881565,1236.0920528309707,1240.7095947265625,6641772,0.0,0.0
2022-06-17 00:00:00+05:30,1235.2484462558373,1240.487542584052,1214.0252932515164,1231.91845703125,9692047,0.0,0.0
2022-06-20 00:00:00+05:30,1234.3605201667415,1263.0427639663321,1227.2120995273342,1255.76123046875,4595194,0.0,0.0
2022-06-21 00:00:00+05:30,1264.507932381181,1292.9238409740165,1263.3979359517734,1287.507080078125,6270787,0.0,0.0
2022-06-22 00:00:00+05:30,1275.2082505737685,1296.1205167768,1274.2758102801847,1276.2738037109375,6253366,0.0,0.0
2022-06-23 00:00:00+05:30,1278.5382855533985,1294.6997896368189,1272.4998618309749,1289.7713623046875,6254281,0.0,0.0
2022-06-24 00:00:00+05:30,1294.6997999490238,1303.1357725824364,1268.8591054568187,1279.692626953125,6114340,0.0,0.0
2022-06-27 00:00:00+05:30,1303.6242355705597,1317.7877464947417,1301.049022203048,1309.4405517578125,4511097,0.0,0.0
2022-06-28 00:00:00+05:30,1304.4677073865423,1321.561651135481,1290.2597541406712,1314.368896484375,4412178,0.0,0.0
2022-06-29 00:00:00+05:30,1300.6492467100306,1311.5716538760837,1293.8117127267801,1299.3616943359375,5060038,0.0,0.0
2022-06-30 00:00:00+05:30,1300.960176372367,1316.0116836459267,1292.0357622839565,1298.1629638671875,9165177,0.0,0.0
2022-07-01 00:00:00+05:30,1291.1478536823045,1318.675765280758,1280.802665224558,1313.7030029296875,4651635,0.0,0.0
2022-07-04 00:00:00+05:30,1314.4577439626057,1325.1137094600226,1298.2517964352844,1321.3397216796875,4800224,0.0,0.0
2022-07-05 00:00:00+05:30,1330.9302267306132,1340.8313086434368,1307.1318587687915,1310.639404296875,7379669,0.0,0.0
2022-07-06 00:00:00+05:30,1316.1891734537298,1331.9955641744978,1305.3556528910078,1324.580810546875,5209162,0.0,0.0
2022-07-07 00:00:00+05:30,1334.7041829822008,1344.3832653678094,1328.1773170972135,1330.84130859375,3323472,0.0,0.0
2022-07-08 00:00:00+05:30,1345.3157123104625,1347.0472634324174,1331.9513115451052,1344.8272705078125,3652582,0.0,0.0
2022-07-11 00:00:00+05:30,1327.5557930054122,1331.9070008962192,1302.1590951666665,1308.153076171875,4702638,0.0,0.0
2022-07-12 00:00:00+05:30,1298.0742548130895,1304.1125702899615,1275.1638853794875,1277.47265625,4710356,0.0,0.0
2022-07-13 00:00:00+05:30,1287.5959081661404,1296.4758799465965,1277.4727186568018,1282.66748046875,5264025,0.0,0.0
2022-07-14 00:00:00+05:30,1288.4838556808252,1290.215406752036,1255.6279613595361,1268.814697265625,6157606,0.0,0.0
2022-07-15 00:00:00+05:30,1284.043782478867,1284.043782478867,1252.6531072631665,1270.1466064453125,5620018,0.0,0.0
2022-07-18 00:00:00+05:30,1287.5957507176618,1326.3124012665216,1285.8641997914458,1323.02685546875,5835171,0.0,0.0
2022-07-19 00:00:00+05:30,1306.7322778541525,1320.3185695057068,1305.4446169198009,1317.9210205078125,3418540,0.0,0.0
2022-07-20 00:00:00+05:30,1333.105628800247,1354.9060006770792,1331.9956324398804,1345.58203125,5079392,0.0,0.0
2022-07-21 00:00:00+05:30,1347.0917602580191,1363.475265334351,1334.7485774263982,1361.2109375,5008061,0.0,0.0
2022-07-22 00:00:00+05:30,1362.1875644368015,1367.5155470877928,1325.0249071257533,1337.590087890625,7020642,0.0,0.0
2022-07-25 00:00:00+05:30,1314.3245716730378,1347.224909731089,1314.3245716730378,1335.1925048828125,7859626,0.0,0.0
2022-07-26 00:00:00+05:30,1329.021061010545,1329.021061010545,1283.1559829173068,1288.6171875,7268273,0.0,0.0
2022-07-27 00:00:00+05:30,1288.483822375233,1308.019759034265,1283.1558396500427,1306.2882080078125,4517285,0.0,0.0
2022-07-28 00:00:00+05:30,1328.7989592318934,1353.7072142935083,1322.9825345301238,1347.4468994140625,6636841,0.0,0.0
2022-07-29 00:00:00+05:30,1361.1218436825332,1381.4568882450026,1356.8594147273027,1376.12890625,7009465,0.0,0.0
2022-08-01 00:00:00+05:30,1388.8276455859902,1388.8276455859902,1365.6509399319816,1377.328125,2983249,0.0,0.0
2022-08-02 00:00:00+05:30,1373.332059019602,1373.731614384653,1357.170445576222,1370.71240234375,4374635,0.0,0.0
2022-08-03 00:00:00+05:30,1375.5074110110838,1394.1553487975477,1367.4266596498978,1390.692138671875,6011955,0.0,0.0
2022-08-04 00:00:00+05:30,1409.6952364272029,1424.2139656865397,1398.5508307264554,1420.7064208984375,7402209,0.0,0.0
2022-08-05 00:00:00+05:30,1428.2547116101568,1443.6169980608536,1422.8379503946153,1435.5806884765625,5361971,0.0,0.0
2022-08-08 00:00:00+05:30,1435.8912463134488,1440.331231614356,1417.2433080496378,1438.0224609375,3763409,0.0,0.0
2022-08-10 00:00:00+05:30,1439.6208933320956,1439.6208933320956,1410.2282102223699,1422.970947265625,4423829,0.0,0.0
2022-08-11 00:00:00+05:30,1447.4351556783663,1448.633929986583,1435.0031972860368,1438.5107421875,3462090,0.0,0.0
2022-08-12 00:00:00+05:30,1432.6057616654232,1433.2273162748345,1412.0486071656317,1415.55615234375,3562286,0.0,0.0
2022-08-16 00:00:00+05:30,1428.7873514369574,1428.7873514369574,1412.8921814722432,1417.6429443359375,3004430,0.0,0.0
2022-08-17 00:00:00+05:30,1417.6428006795595,1431.4511977140078,1407.4752781493191,1426.34521484375,4067324,0.0,0.0
2022-08-18 00:00:00+05:30,1415.5563420168944,1419.1971089271724,1397.7076196338453,1405.6551513671875,4635706,0.0,0.0
2022-08-19 00:00:00+05:30,1407.7421559361846,1425.1468812486203,1407.5644914382176,1418.220458984375,4739884,0.0,0.0
2022-08-22 00:00:00+05:30,1408.3634783046587,1419.907441241582,1397.7075125167294,1399.1727294921875,3950555,0.0,0.0
2022-08-23 00:00:00+05:30,1374.619490522654,1380.3914715875098,1361.2995342191398,1369.646728515625,5551574,0.0,0.0
2022-08-24 00:00:00+05:30,1363.0754176194105,1372.843384781504,1359.5234295604673,1365.29541015625,2888426,0.0,0.0
2022-08-25 00:00:00+05:30,1374.61935974096,1375.240914283423,1344.20546240819,1348.1126708984375,4331088,0.0,0.0
2022-08-26 00:00:00+05:30,1363.2088193983936,1371.911126256518,1347.4912051170422,1351.132080078125,3079136,0.0,0.0
2022-08-29 00:00:00+05:30,1304.068208908207,1304.068208908207,1287.5958190364718,1298.02978515625,8079050,0.0,0.0
2022-08-30 00:00:00+05:30,1308.1085087048089,1328.5324420418817,1301.8037509629814,1325.7352294921875,6725875,0.0,0.0
2022-09-01 00:00:00+05:30,1296.520342709969,1303.6686550621423,1288.5283679870784,1300.2054443359375,8140604,0.0,0.0
2022-09-02 00:00:00+05:30,1312.459816939898,1312.459816939898,1285.8199018463954,1290.2598876953125,5175653,0.0,0.0
2022-09-05 00:00:00+05:30,1288.4838352280558,1302.6917893036236,1284.3546268952266,1297.6302490234375,3669352,0.0,0.0
2022-09-06 00:00:00+05:30,1297.6302811685841,1305.3558130293177,1283.5554395953404,1292.1246337890625,3428442,0.0,0.0
2022-09-07 00:00:00+05:30,1278.7158670634933,1301.5817931585523,1276.984316019413,1294.3890380859375,3600574,0.0,0.0
2022-09-08 00:00:00+05:30,1309.7957516157421,1315.212512366536,1299.6725627710948,1310.594970703125,4061475,0.0,0.0
2022-09-09 00:00:00+05:30,1321.3396674929586,1349.755574320764,1314.2356907860071,1342.3408203125,4816910,0.0,0.0
2022-09-12 00:00:00+05:30,1354.9061513249576,1372.7548731045804,1350.7769427256635,1364.1412353515625,5494819,0.0,0.0
2022-09-13 00:00:00+05:30,1378.0826553311847,1379.0594304149024,1368.669908200499,1371.9110107421875,4947158,0.0,0.0
2022-09-14 00:00:00+05:30,1329.33171750544,1331.0632685678052,1307.1317890233854,1310.1510009765625,14332197,0.0,0.0
2022-09-15 00:00:00+05:30,1309.7959505509607,1309.973506642642,1268.9925200608343,1272.322509765625,12784100,0.0,0.0
2022-09-16 00:00:00+05:30,1265.395822315344,1265.395822315344,1215.0907667170163,1222.81640625,20464045,0.0,0.0
2022-09-19 00:00:00+05:30,1236.0919491545515,1248.5239084132897,1225.9687606499624,1234.5823974609375,6595241,0.0,0.0
2022-09-20 00:00:00+05:30,1250.255623540864,1255.2284946157747,1229.9649090518215,1233.028564453125,7219797,0.0,0.0
2022-09-21 00:00:00+05:30,1225.3472325735095,1233.250428524418,1215.1352658184694,1222.9940185546875,7917054,0.0,0.0
2022-09-22 00:00:00+05:30,1213.3148220155867,1228.9435493746757,1207.6760620818068,1214.735595703125,9168498,0.0,0.0
2022-09-23 00:00:00+05:30,1214.3359402029328,1238.5783025146602,1209.4519565311844,1212.5155029296875,10426200,0.0,0.0
2022-09-26 00:00:00+05:30,1207.6760182711466,1242.7074594125004,1203.2360329098556,1225.657958984375,9414587,0.0,0.0
2022-09-27 00:00:00+05:30,1237.3796194234526,1248.9680259096867,1223.6601064369345,1237.468505859375,8561254,0.0,0.0
2022-09-28 00:00:00+05:30,1224.5481116517592,1248.390814263547,1222.7721172911329,1238.4896240234375,7022098,0.0,0.0
2022-09-29 00:00:00+05:30,1247.5470517617227,1251.9425937102772,1236.9798654027875,1241.9970703125,6119965,0.0,0.0
2022-09-30 00:00:00+05:30,1233.3835962258331,1260.3343964051253,1221.884076510353,1255.1395263671875,8120130,0.0,0.0
2022-10-03 00:00:00+05:30,1253.8520673346413,1253.8520673346413,1230.764139749159,1237.6461181640625,4943169,0.0,0.0
2022-10-04 00:00:00+05:30,1260.689463513092,1271.8338706895042,1255.6279233059583,1269.3031005859375,6631341,0.0,0.0
2022-10-06 00:00:00+05:30,1283.1558746803535,1296.2982757871803,1282.3566555701389,1292.1690673828125,6180672,0.0,0.0
2022-10-07 00:00:00+05:30,1284.3546126015165,1294.5665794796807,1278.8490738177404,1288.661376953125,3994466,0.0,0.0
2022-10-10 00:00:00+05:30,1266.5947604561948,1300.915873263201,1266.5947604561948,1298.8291015625,5274677,0.0,0.0
2022-10-11 00:00:00+05:30,1298.8288627361512,1313.9248120732866,1261.0445461830916,1264.3302001953125,12824774,0.0,0.0
2022-10-12 00:00:00+05:30,1276.0519384547556,1279.6927051868731,1255.2284480932105,1268.6815185546875,5481467,0.0,0.0
2022-10-13 00:00:00+05:30,1270.7239342833766,1276.8954711779975,1256.515979742123,1260.8671875,4821514,0.0,0.0
2022-10-14 00:00:00+05:30,1318.6757298301836,1326.6677039503666,1302.913780870934,1309.1297607421875,14990688,0.0,0.0
2022-10-17 00:00:00+05:30,1311.4829914797187,1327.55571795731,1310.2397738100408,1323.0712890625,4286396,0.0,0.0
2022-10-18 00:00:00+05:30,1340.875675315851,1341.7192292357881,1329.5537118322238,1335.28125,4692004,0.0,0.0
2022-10-19 00:00:00+05:30,1335.54770780305,1336.3912617326525,1315.3902159447794,1319.0753173828125,3553171,0.0,0.0
2022-10-20 00:00:00+05:30,1309.7956544303293,1335.5475689920102,1309.0852134280171,1332.7947998046875,4583939,0.0,0.0
2022-10-21 00:00:00+05:30,1332.2621411983666,1337.3236814941895,1324.314501823941,1332.439697265625,3594485,0.0,0.0
2022-10-24 00:00:00+05:30,1348.4237774893445,1351.3542116722354,1341.763798344682,1347.8465576171875,982837,0.0,0.0
2022-10-25 00:00:00+05:30,1356.9485497066773,1361.2109797831833,1350.6882342545528,1355.3502197265625,3914341,0.0,0.0
2022-10-27 00:00:00+05:30,1374.201834673,1377.8823898027329,1357.7738493894442,1368.052490234375,6760137,16.5,0.0
2022-10-28 00:00:00+05:30,1369.892717518689,1371.6431919026134,1352.8363861734367,1358.447021484375,3053981,0.0,0.0
2022-10-31 00:00:00+05:30,1373.7079380791174,1388.205841518274,1373.7079380791174,1380.3509521484375,4542336,0.0,0.0
2022-11-01 00:00:00+05:30,1394.1754919196,1413.879997898497,1388.834101733467,1412.0845947265625,4542692,0.0,0.0
2022-11-02 00:00:00+05:30,1411.1868779880033,1411.8601541702496,1386.9489354271407,1394.39990234375,2938906,0.0,0.0
2022-11-03 00:00:00+05:30,1381.3384738631173,1385.9616594777258,1365.9877968987141,1374.1568603515625,3174027,0.0,0.0
2022-11-04 00:00:00+05:30,1364.9104934069014,1364.9104934069014,1347.5849165055247,1359.120361328125,4509682,0.0,0.0
2022-11-07 00:00:00+05:30,1365.763237456549,1371.598297862103,1338.5628351175721,1353.240234375,4898592,0.0,0.0
2022-11-09 00:00:00+05:30,1372.5858226539308,1372.5858226539308,1347.5399247059643,1356.606689453125,3334755,0.0,0.0
2022-11-10 00:00:00+05:30,1333.0868583597462,1357.3248012390143,1333.0868583597462,1348.3028564453125,3435763,0.0,0.0
2022-11-11 00:00:00+05:30,1388.4303838615199,1412.5336530698069,1388.4303838615199,1409.4814453125,7214098,0.0,0.0
2022-11-14 00:00:00+05:30,1414.0148924987643,1428.602545514008,1408.000225198226,1423.1265869140625,4908813,0.0,0.0
2022-11-15 00:00:00+05:30,1416.4386189277827,1434.392653098893,1411.8603621306952,1430.9365234375,3497614,0.0,0.0
2022-11-16 00:00:00+05:30,1433.7642672771042,1444.4020103215976,1430.4876342122222,1438.8363037109375,4497697,0.0,0.0
2022-11-17 00:00:00+05:30,1433.8090069491304,1438.8362237690626,1421.0167586560885,1425.0115966796875,3469515,0.0,0.0
2022-11-18 00:00:00+05:30,1428.8715466578726,1434.527110387981,1414.3288250414669,1430.397705078125,3126064,0.0,0.0
2022-11-21 00:00:00+05:30,1420.2538323357628,1425.4156170914362,1404.0503824610678,1407.7757568359375,3071764,0.0,0.0
2022-11-22 00:00:00+05:30,1408.4939437323687,1425.5502757469735,1402.2100319375143,1422.902099609375,3399329,0.0,0.0
2022-11-23 00:00:00+05:30,1426.3580731866127,1429.140926189157,1417.7401598698539,1421.1962890625,3245067,0.0,0.0
2022-11-24 00:00:00+05:30,1426.4479469523692,1468.639925244856,1422.6327148727294,1463.07421875,5282215,0.0,0.0
2022-11-25 00:00:00+05:30,1464.510573443889,1475.8215929330347,1448.7110454604212,1468.3258056640625,4563255,0.0,0.0
2022-11-28 00:00:00+05:30,1461.4583854460668,1484.3497790755966,1454.276771758371,1457.3289794921875,3825766,0.0,0.0
2022-11-29 00:00:00+05:30,1455.3538334700106,1471.1085408527335,1449.8330561316118,1462.40087890625,3131710,0.0,0.0
2022-11-30 00:00:00+05:30,1454.2317409044451,1477.3924872568878,1448.1274354474258,1467.697265625,11868134,0.0,0.0
2022-12-01 00:00:00+05:30,1486.7734674759286,1501.49579683449,1483.272518616262,1487.5814208984375,5407928,0.0,0.0
2022-12-02 00:00:00+05:30,1486.5938358778496,1491.8005489428745,1466.7994719474775,1470.345458984375,4283343,0.0,0.0
2022-12-05 00:00:00+05:30,1470.4353696971718,1476.5846043633042,1457.2391986740056,1472.00634765625,3824966,0.0,0.0
2022-12-06 00:00:00+05:30,1458.765244692734,1459.6629463817758,1443.100394052047,1447.903076171875,4822398,0.0,0.0
2022-12-07 00:00:00+05:30,1443.5043861676659,1457.6881173772813,1433.3603127551614,1441.2601318359375,4898087,0.0,0.0
2022-12-08 00:00:00+05:30,1441.2600256218434,1457.777758202631,1434.976113956099,1454.411376953125,4206837,0.0,0.0
2022-12-09 00:00:00+05:30,1461.4583510232733,1461.4583510232733,1401.4020860579217,1408.7633056640625,8880658,0.0,0.0
2022-12-12 00:00:00+05:30,1391.437558650479,1405.7558561467295,1373.5284545512598,1388.9239501953125,8037679,0.0,0.0
2022-12-13 00:00:00+05:30,1388.924053738368,1416.1244596167126,1383.4930240961316,1411.32177734375,6135067,0.0,0.0
2022-12-14 00:00:00+05:30,1420.1642028852773,1425.9992644015567,1412.0848869396593,1417.8302001953125,4976020,0.0,0.0
2022-12-15 00:00:00+05:30,1408.7632757795202,1409.3916231159728,1378.1964900565588,1382.909423828125,6443866,0.0,0.0
2022-12-16 00:00:00+05:30,1368.995176129455,1390.9888691230103,1357.3699822373837,1366.4815673828125,9630453,0.0,0.0
2022-12-19 00:00:00+05:30,1353.689233868756,1361.7237298285659,1342.1089696118938,1353.150634765625,6222740,0.0,0.0
2022-12-20 00:00:00+05:30,1347.4502703396117,1360.9157960258838,1330.797859741164,1353.1058349609375,7396259,0.0,0.0
2022-12-21 00:00:00+05:30,1360.018163169159,1365.4043737163634,1348.662214015589,1355.125732421875,6236361,0.0,0.0
2022-12-22 00:00:00+05:30,1365.8530220311222,1373.4385569270282,1357.1004311899765,1366.3468017578125,6302640,0.0,0.0
2022-12-23 00:00:00+05:30,1354.3624137356346,1355.4397214479377,1340.268541890437,1343.9490966796875,6283822,0.0,0.0
2022-12-26 00:00:00+05:30,1347.0014980506858,1355.439916556154,1343.2760138103065,1348.7071533203125,4115459,0.0,0.0
2022-12-27 00:00:00+05:30,1355.48441917478,1365.8079870575514,1344.3080786478201,1359.8831787109375,4860076,0.0,0.0
2022-12-28 00:00:00+05:30,1351.1307473515324,1368.9501033965662,1345.2059383085596,1355.6641845703125,5029860,0.0,0.0
2022-12-29 00:00:00+05:30,1350.1433491771486,1365.673632332556,1347.4502440923538,1362.3072509765625,4624745,0.0,0.0
2022-12-30 00:00:00+05:30,1371.6881105842783,1373.8426164441485,1350.188200066258,1353.91357421875,5060544,0.0,0.0
2023-01-02 00:00:00+05:30,1359.1203949695496,1370.3416663943312,1350.188306748515,1368.097412109375,3801140,0.0,0.0
2023-01-03 00:00:00+05:30,1364.3717941574034,1375.862418801588,1360.107711434535,1366.795654296875,4551130,0.0,0.0
2023-01-04 00:00:00+05:30,1365.4042617792377,1365.4042617792377,1338.5629595029297,1341.884521484375,7059590,0.0,0.0
2023-01-05 00:00:00+05:30,1351.8489350836053,1351.8489350836053,1318.948147732721,1324.2894287109375,9868404,0.0,0.0
2023-01-06 00:00:00+05:30,1319.6216334381472,1324.1101423954199,1298.525641338966,1300.321044921875,6443714,0.0,0.0
2023-01-09 00:00:00+05:30,1300.0515746789345,1336.9920220213673,1300.0515746789345,1332.59326171875,11498717,0.0,0.0
2023-01-10 00:00:00+05:30,1330.3939407278556,1332.0995959017448,1305.3032216437111,1319.3970947265625,7158624,0.0,0.0
2023-01-11 00:00:00+05:30,1319.621525196474,1341.1663664241717,1314.2353148895497,1320.74365234375,6173092,0.0,0.0
2023-01-12 00:00:00+05:30,1330.348960311909,1333.0869942679058,1306.1559438786553,1329.1370849609375,6591385,0.0,0.0
2023-01-13 00:00:00+05:30,1331.7403914839063,1363.9679024832087,1317.8260159746374,1349.8291015625,11610426,0.0,0.0
2023-01-16 00:00:00+05:30,1355.5295931085607,1371.6882240197885,1348.617333718516,1369.4439697265625,6073063,0.0,0.0
2023-01-17 00:00:00+05:30,1370.7904478929847,1384.435469422026,1368.097342887301,1382.01171875,5922644,0.0,0.0
2023-01-18 00:00:00+05:30,1386.7246995181722,1393.0983596644714,1382.1015138518171,1387.3082275390625,5843098,0.0,0.0
2023-01-19 00:00:00+05:30,1382.3707240663339,1391.0335664749514,1370.0273269921345,1381.4730224609375,6165284,0.0,0.0
2023-01-20 00:00:00+05:30,1380.665111024728,1386.9490224533192,1368.097288167546,1369.48876953125,6496429,0.0,0.0
2023-01-23 00:00:00+05:30,1377.9720899793838,1394.4000746897525,1371.777926420586,1389.6422119140625,4855020,0.0,0.0
2023-01-24 00:00:00+05:30,1400.4145497993616,1408.3143680159328,1391.213108045872,1393.1431884765625,5200802,0.0,0.0
2023-01-25 00:00:00+05:30,1388.744493228618,1396.8238083152746,1381.338454399183,1385.1536865234375,4158617,0.0,0.0
2023-01-27 00:00:00+05:30,1387.8467984858346,1392.2903779726057,1353.1955355242728,1363.7435302734375,6209955,0.0,0.0
2023-01-30 00:00:00+05:30,1372.406405831687,1386.051427868807,1364.5065870211054,1381.3834228515625,6964719,0.0,0.0
2023-01-31 00:00:00+05:30,1390.4500549143277,1390.4500549143277,1358.2225449839548,1376.849853515625,9448126,0.0,0.0
2023-02-01 00:00:00+05:30,1384.4353606189748,1395.9709138195835,1371.7329706732953,1392.4249267578125,6194199,0.0,0.0
2023-02-02 00:00:00+05:30,1393.23283839779,1424.6074644757896,1393.23283839779,1421.73486328125,6916834,0.0,0.0
2023-02-03 00:00:00+05:30,1434.0782806205177,1440.4968688634683,1412.0845918097493,1435.783935546875,7040194,0.0,0.0
2023-02-06 00:00:00+05:30,1434.5272821728975,1434.5272821728975,1401.8509191605494,1409.2569580078125,4570612,0.0,0.0
2023-02-07 00:00:00+05:30,1408.4939008206854,1414.822741340062,1396.0158258630909,1402.569091796875,4336238,0.0,0.0
2023-02-08 00:00:00+05:30,1405.3520131355485,1439.0158269283195,1405.3520131355485,1427.7945556640625,7983338,0.0,0.0
2023-02-09 00:00:00+05:30,1432.9114998664174,1454.0524200647055,1423.7999147042935,1451.583740234375,6904911,0.0,0.0
2023-02-10 00:00:00+05:30,1447.9478465069383,1450.955234729636,1433.1357691390035,1443.998046875,4786762,0.0,0.0
2023-02-13 00:00:00+05:30,1433.6294203908712,1433.6294203908712,1405.8006714665648,1407.102294921875,4001199,0.0,0.0
2023-02-14 00:00:00+05:30,1422.5877904936112,1432.731863182567,1416.7079103135172,1430.26318359375,5043736,0.0,0.0
2023-02-15 00:00:00+05:30,1421.9593883192538,1435.424912829853,1414.7777752469344,1433.6744384765625,3465747,0.0,0.0
2023-02-16 00:00:00+05:30,1436.3226917714796,1449.2944372484508,1434.3926112378667,1437.9385986328125,4290289,0.0,0.0
2023-02-17 00:00:00+05:30,1430.936665872801,1431.8343676707138,1414.3291826114166,1421.7801513671875,2857734,0.0,0.0
2023-02-20 00:00:00+05:30,1422.8122811217777,1439.0158408168427,1420.6129557658476,1429.5450439453125,2417716,0.0,0.0
2023-02-21 00:00:00+05:30,1435.155504627785,1437.8037900984118,1414.777722133191,1417.919677734375,2723288,0.0,0.0
2023-02-22 00:00:00+05:30,1403.1077157532914,1413.8801358358503,1396.1954567000723,1402.030517578125,3656244,0.0,0.0
2023-02-23 00:00:00+05:30,1409.257050222941,1409.257050222941,1389.7769663588479,1392.0660400390625,4766854,0.0,0.0
2023-02-24 00:00:00+05:30,1400.4146068720393,1408.4939219116857,1386.9490818059621,1392.0211181640625,2790986,0.0,0.0
2023-02-27 00:00:00+05:30,1382.4605194389667,1382.4605194389667,1348.3478572709923,1354.901123046875,4920268,0.0,0.0
2023-02-28 00:00:00+05:30,1360.5566878842833,1368.0974041544362,1329.7655850233577,1335.376220703125,9679811,0.0,0.0
2023-03-01 00:00:00+05:30,1339.7300806437838,1347.3156164114991,1329.94510989306,1343.0067138671875,5125043,0.0,0.0
2023-03-02 00:00:00+05:30,1333.0869580251103,1336.3186620674148,1317.197682560526,1321.551513671875,4644499,0.0,0.0
2023-03-03 00:00:00+05:30,1334.6579262232572,1337.3959600849184,1322.3145285534606,1327.9700927734375,4615015,0.0,0.0
2023-03-06 00:00:00+05:30,1341.6599713901492,1364.8655358556944,1340.40316723241,1353.240234375,6561742,0.0,0.0
2023-03-08 00:00:00+05:30,1338.0692966126087,1342.961726985448,1329.585949900398,1339.999267578125,4137080,0.0,0.0
2023-03-09 00:00:00+05:30,1342.0639414577045,1345.0712200119858,1323.7508062262864,1328.95751953125,5104656,0.0,0.0
2023-03-10 00:00:00+05:30,1310.6444413069564,1323.481619051477,1308.5348642940003,1321.012939453125,3699580,0.0,0.0
2023-03-13 00:00:00+05:30,1314.4145977317767,1327.0722775616289,1281.9178446623562,1288.29150390625,8798403,0.0,0.0
2023-03-14 00:00:00+05:30,1293.5880625550176,1300.1861476889799,1266.657013369278,1274.736328125,7402784,0.0,0.0
2023-03-15 00:00:00+05:30,1290.8951691490454,1295.2490008975692,1271.9087544456395,1274.42236328125,7556182,0.0,0.0
2023-03-16 00:00:00+05:30,1272.7614692311392,1272.7614692311392,1255.615279699322,1260.462890625,7323117,0.0,0.0
2023-03-17 00:00:00+05:30,1283.7134156369266,1295.2937893448818,1267.016186133299,1275.36474609375,9090018,0.0,0.0
2023-03-20 00:00:00+05:30,1274.4668824223245,1274.4668824223245,1243.1820044445224,1260.058837890625,8221829,0.0,0.0
2023-03-21 00:00:00+05:30,1255.8848065948691,1261.2710173450973,1247.805490469527,1248.433837890625,8536755,0.0,0.0
2023-03-22 00:00:00+05:30,1259.4756016658325,1263.2908342439364,1240.7585414050936,1247.1322021484375,8356487,0.0,0.0
2023-03-23 00:00:00+05:30,1242.3740984776875,1242.3740984776875,1229.851204859829,1233.935791015625,7607718,0.0,0.0
2023-03-24 00:00:00+05:30,1246.0098280458892,1255.8396167899662,1236.583961191075,1239.4117431640625,7559127,0.0,0.0
2023-03-27 00:00:00+05:30,1244.4390420940674,1252.967208658463,1233.5319439925304,1246.86279296875,4170193,0.0,0.0
2023-03-28 00:00:00+05:30,1249.6906260051426,1254.987088423621,1235.1029720803328,1236.6739501953125,6633366,0.0,0.0
2023-03-29 00:00:00+05:30,1237.930550460286,1247.7155201650944,1224.958805711683,1242.01513671875,8813966,0.0,0.0
2023-03-31 00:00:00+05:30,1260.37313586201,1283.6684502024389,1251.3063709749888,1281.873046875,8711975,0.0,0.0
2023-04-03 00:00:00+05:30,1288.2017312639566,1288.2017312639566,1261.4053617670984,1266.522216796875,5242764,0.0,0.0
2023-04-05 00:00:00+05:30,1256.7825403486722,1281.4693402483783,1256.7825403486722,1277.9234619140625,7506334,0.0,0.0
2023-04-06 00:00:00+05:30,1271.1455548730469,1282.277077411361,1266.073518560293,1276.4420166015625,6948465,0.0,0.0
2023-04-10 00:00:00+05:30,1278.2823267500144,1287.3042729141996,1270.2479401489488,1281.5589599609375,4993788,0.0,0.0
2023-04-11 00:00:00+05:30,1282.7259356078043,1286.7206641982061,1246.907617130072,1262.30322265625,6942255,0.0,0.0
2023-04-12 00:00:00+05:30,1268.4974270475386,1285.059979527605,1256.7823760661174,1282.1873779296875,5831169,0.0,0.0
2023-04-13 00:00:00+05:30,1265.5348481010121,1266.7019040302373,1241.5213299689306,1247.0870361328125,11267238,0.0,0.0
2023-04-17 00:00:00+05:30,1122.396511196189,1132.1365530010617,1064.0458990402255,1129.578125,53171705,0.0,0.0
2023-04-18 00:00:00+05:30,1140.0361230223534,1140.0361230223534,1124.9098727143887,1130.5205078125,12430884,0.0,0.0
2023-04-19 00:00:00+05:30,1126.0320630409092,1126.0320630409092,1103.6344503031144,1106.14794921875,11307230,0.0,0.0
2023-04-20 00:00:00+05:30,1104.801570530291,1111.220160369727,1096.4530094711436,1098.2484130859375,8621249,0.0,0.0
2023-04-21 00:00:00+05:30,1102.467343601474,1107.0905288861618,1095.1959823564707,1101.7940673828125,8691352,0.0,0.0
2023-04-24 00:00:00+05:30,1102.3776114514949,1104.1730147274745,1093.4005950715969,1100.8515625,8313774,0.0,0.0
2023-04-25 00:00:00+05:30,1100.537247505562,1109.110341734084,1090.7074586862907,1099.5947265625,6808576,0.0,0.0
2023-04-26 00:00:00+05:30,1102.3776768107684,1106.8661852668383,1095.6898430443146,1101.9737548828125,5680192,0.0,0.0
2023-04-27 00:00:00+05:30,1104.1729691026203,1120.152101431663,1100.0435636550399,1118.7606201171875,8020704,0.0,0.0
2023-04-28 00:00:00+05:30,1127.2438790677813,1130.2063382433646,1117.5935866641942,1124.595703125,10118277,0.0,0.0
2023-05-02 00:00:00+05:30,1126.2117608061656,1148.8338008021124,1126.2117608061656,1146.76904296875,8886401,0.0,0.0
2023-05-03 00:00:00+05:30,1136.4902112432417,1142.3252715695298,1132.9891531309258,1139.3179931640625,5549783,0.0,0.0
2023-05-04 00:00:00+05:30,1139.13855083866,1145.2878952710685,1133.3484185926052,1143.26806640625,4505401,0.0,0.0
2023-05-05 00:00:00+05:30,1148.160551597661,1148.160551597661,1125.9424330268698,1130.2962646484375,5373791,0.0,0.0
2023-05-08 00:00:00+05:30,1133.3035651406553,1140.350611760026,1126.7952272539592,1136.13134765625,5260842,0.0,0.0
2023-05-09 00:00:00+05:30,1136.49019700518,1141.8764064696595,1131.732334811805,1140.7093505859375,4969897,0.0,0.0
2023-05-10 00:00:00+05:30,1145.8264050289897,1145.8264050289897,1130.3410516063245,1134.0216064453125,6515734,0.0,0.0
2023-05-11 00:00:00+05:30,1140.3054042377769,1145.3774399578563,1124.8649812707113,1127.6029052734375,6888461,0.0,0.0
2023-05-12 00:00:00+05:30,1125.1344060204995,1127.5133374467855,1112.2973374345554,1117.818115234375,8292212,0.0,0.0
2023-05-15 00:00:00+05:30,1122.0373891886634,1139.0937216777986,1118.2221569213568,1129.6229248046875,5534710,0.0,0.0
2023-05-16 00:00:00+05:30,1135.5927028546282,1143.6270896069495,1133.5728739365072,1134.96435546875,5236469,0.0,0.0
2023-05-17 00:00:00+05:30,1131.6427073715677,1131.9568810406574,1115.3494000856915,1119.34423828125,10465667,0.0,0.0
2023-05-18 00:00:00+05:30,1129.8473970507112,1130.7900277183155,1115.3494919176374,1118.536376953125,6948732,0.0,0.0
2023-05-19 00:00:00+05:30,1127.5583046568154,1143.0436595385552,1124.6407740269224,1139.09375,11094136,0.0,0.0
2023-05-22 00:00:00+05:30,1142.7293613064382,1163.0623271928262,1140.3056104941186,1160.548828125,7625947,0.0,0.0
2023-05-23 00:00:00+05:30,1166.293872811124,1179.7145774568664,1164.3639020407309,1167.0570068359375,7436031,0.0,0.0
2023-05-24 00:00:00+05:30,1163.6907159656682,1171.500676643536,1159.202207626038,1165.80029296875,4824077,0.0,0.0
2023-05-25 00:00:00+05:30,1162.0748961534305,1173.2961678428223,1157.3619620438858,1170.917236328125,4334121,0.0,0.0
2023-05-26 00:00:00+05:30,1172.398361832931,1188.063211884976,1172.398361832931,1182.677001953125,5521606,0.0,0.0
2023-05-29 00:00:00+05:30,1196.3668378156449,1196.3668378156449,1175.8543788695222,1179.93896484375,4419365,0.0,0.0
2023-05-30 00:00:00+05:30,1180.477725221967,1190.7115464294097,1175.2261922392356,1188.42236328125,6274719,0.0,0.0
2023-05-31 00:00:00+05:30,1184.8315574211917,1194.9307014660071,1179.7147016049091,1183.440185546875,17800782,0.0,0.0
2023-06-01 00:00:00+05:30,1187.255612570664,1193.4945965268569,1183.2607736321913,1184.517578125,4277841,0.0,0.0
2023-06-02 00:00:00+05:30,1190.8857617337856,1194.4338775054596,1179.104315999841,1181.7880859375,10909311,17.5,0.0
2023-06-05 00:00:00+05:30,1186.3369863034209,1191.2951754512299,1180.241587621195,1186.7918701171875,5002553,0.0,0.0
2023-06-06 00:00:00+05:30,1172.3265202842344,1172.3265202842344,1158.134167776339,1163.5927734375,10008100,0.0,0.0
2023-06-07 00:00:00+05:30,1174.0552038729138,1177.2393907877183,1166.7770623533606,1172.64501953125,5397578,0.0,0.0
2023-06-08 00:00:00+05:30,1170.1429253728747,1175.4196213460507,1165.5031332892086,1167.0498046875,5034942,0.0,0.0
2023-06-09 00:00:00+05:30,1166.7769126021076,1166.7769126021076,1149.9462124982956,1151.72021484375,5339073,0.0,0.0
2023-06-12 00:00:00+05:30,1158.5889785796096,1178.785773831074,1158.1340948031748,1175.3741455078125,4785588,0.0,0.0
2023-06-13 00:00:00+05:30,1182.6069242988215,1188.611368241848,1180.0141088524708,1187.1102294921875,4846587,0.0,0.0
2023-06-14 00:00:00+05:30,1188.474840185205,1188.7932366228665,1176.5113744554915,1183.061767578125,3457981,0.0,0.0
2023-06-15 00:00:00+05:30,1177.1935914392234,1177.1935914392234,1166.9132855039109,1170.6888427734375,6161155,0.0,0.0
2023-06-16 00:00:00+05:30,1170.8707552652124,1184.0623838210365,1165.457683142132,1175.1011962890625,8536287,0.0,0.0
2023-06-19 00:00:00+05:30,1177.2392578125,1182.2429795419966,1170.9164175038359,1177.2392578125,4451787,0.0,0.0
2023-06-20 00:00:00+05:30,1177.2392998592454,1187.2467436756685,1174.6009515510648,1185.7911376953125,4009180,0.0,0.0
2023-06-21 00:00:00+05:30,1182.6522836320391,1186.154977548267,1178.1489786763307,1182.1064453125,4041529,0.0,0.0
2023-06-22 00:00:00+05:30,1173.0543732215287,1173.0543732215287,1158.5890460770524,1165.9127197265625,6676607,0.0,0.0
2023-06-23 00:00:00+05:30,1161.27275111336,1163.9110992338817,1149.354818354435,1150.85595703125,7239467,0.0,0.0
2023-06-26 00:00:00+05:30,1155.6321899905513,1159.0438181837924,1148.3540498449702,1155.72314453125,3403244,0.0,0.0
2023-06-27 00:00:00+05:30,1164.502650447375,1166.3221858386987,1159.2259533902843,1163.7293701171875,3240024,0.0,0.0
2023-06-28 00:00:00+05:30,1173.600249850804,1179.695648586696,1165.7762703962558,1176.64794921875,5662358,0.0,0.0
2023-06-30 00:00:00+05:30,1190.1578094473005,1218.0877385740087,1186.7461812925758,1214.9945068359375,12821692,0.0,0.0
2023-07-03 00:00:00+05:30,1209.9909598221436,1224.547242045568,1208.5807755595015,1213.3570556640625,7732412,0.0,0.0
2023-07-04 00:00:00+05:30,1223.0006455219911,1224.5472060405089,1211.2646211133026,1223.77392578125,5797775,0.0,0.0
2023-07-05 00:00:00+05:30,1235.3278393695025,1235.4187939129251,1219.9982784398992,1225.7298583984375,5414936,0.0,0.0
2023-07-06 00:00:00+05:30,1221.4084327344483,1225.8662047537898,1216.495665897886,1222.6365966796875,5963897,0.0,0.0
2023-07-07 00:00:00+05:30,1213.6298905441663,1224.3651918692738,1205.7603791627248,1210.1727294921875,6295647,0.0,0.0
2023-07-10 00:00:00+05:30,1215.9499539497926,1220.817188493727,1200.2564625432983,1209.2176513671875,3940315,0.0,0.0
2023-07-11 00:00:00+05:30,1213.129475218487,1229.0049853388443,1207.2615190395204,1226.9124755859375,6126128,0.0,0.0
2023-07-12 00:00:00+05:30,1229.0960058756348,1229.9148189122855,1207.26158386156,1212.9931640625,8102770,0.0,0.0
2023-07-13 00:00:00+05:30,1214.4487694545699,1252.5680534152623,1210.7641663190607,1241.9237060546875,9977644,0.0,0.0
2023-07-14 00:00:00+05:30,1256.0706748916025,1300.9676843031073,1256.0706748916025,1297.2830810546875,12833381,0.0,0.0
2023-07-17 00:00:00+05:30,1297.2830136298498,1327.3053432456984,1286.68431035238,1294.5537109375,11569884,0.0,0.0
2023-07-18 00:00:00+05:30,1304.6067308473641,1344.5909722136412,1300.0578928736984,1342.089111328125,16743977,0.0,0.0
2023-07-19 00:00:00+05:30,1351.9146708665796,1363.559740717556,1328.8975058703597,1341.8616943359375,13687062,0.0,0.0
2023-07-20 00:00:00+05:30,1338.2681331891117,1338.2681331891117,1310.7021306189188,1318.7081298828125,8347221,0.0,0.0
2023-07-21 00:00:00+05:30,1201.075039161913,1228.186155763225,1187.2466172377842,1211.4464111328125,45548305,0.0,0.0
2023-07-24 00:00:00+05:30,1219.998361010124,1228.0953149237007,1213.8574296627578,1215.995361328125,8859789,0.0,0.0
2023-07-25 00:00:00+05:30,1216.359245637285,1221.681363730559,1204.759709076421,1214.17578125,6801982,0.0,0.0
2023-07-26 00:00:00+05:30,1221.817896357927,1228.186269607745,1218.5427551834298,1227.1400146484375,5528885,0.0,0.0
2023-07-27 00:00:00+05:30,1236.0103133187197,1240.7411717559758,1225.5025635415454,1231.0521240234375,9191861,0.0,0.0
2023-07-28 00:00:00+05:30,1231.6889554588863,1240.7866322891853,1215.4496245279279,1219.5435791015625,6122735,0.0,0.0
2023-07-31 00:00:00+05:30,1227.0489861059361,1235.0094521881804,1212.9475890459607,1233.371826171875,7902180,0.0,0.0
2023-08-01 00:00:00+05:30,1239.1034366209878,1245.471809643269,1234.55459874793,1242.0146484375,6064652,0.0,0.0
2023-08-02 00:00:00+05:30,1245.7447635687552,1248.1555587567932,1226.7760211098619,1234.4180908203125,7419145,0.0,0.0
2023-08-03 00:00:00+05:30,1228.186202359877,1243.2428998554956,1227.2764348025732,1241.1959228515625,6503741,0.0,0.0
2023-08-04 00:00:00+05:30,1245.380890015176,1260.8469392172133,1239.1034713632262,1253.9781494140625,5712345,0.0,0.0
2023-08-07 00:00:00+05:30,1262.666360213914,1269.1256873794193,1252.7498720583947,1267.30615234375,3729093,0.0,0.0
2023-08-08 00:00:00+05:30,1267.169939859444,1267.8068438934386,1259.4824470885333,1264.759033203125,4161877,0.0,0.0
2023-08-09 00:00:00+05:30,1259.1183508602219,1270.0355619948482,1257.7536994683937,1268.5799560546875,4090828,0.0,0.0
2023-08-10 00:00:00+05:30,1266.0325977609016,1269.853688398212,1260.5739920409878,1263.7581787109375,3873025,0.0,0.0
2023-08-11 00:00:00+05:30,1266.3962894397187,1270.8086393577535,1243.6976360016695,1248.064453125,5783517,0.0,0.0
2023-08-14 00:00:00+05:30,1248.0646177377491,1269.1257591782453,1242.378570429603,1267.806640625,4304135,0.0,0.0
2023-08-16 00:00:00+05:30,1283.5002048304689,1291.824489722674,1278.5874374632606,1290.50537109375,7735313,0.0,0.0
2023-08-17 00:00:00+05:30,1291.8699868845008,1291.8699868845008,1279.1332405349353,1284.1824951171875,5618346,0.0,0.0
2023-08-18 00:00:00+05:30,1277.0406772674733,1281.5895150593437,1261.0743232513742,1263.4852294921875,5134103,0.0,0.0
2023-08-21 00:00:00+05:30,1264.3493965362918,1280.042886077757,1261.9840232223223,1278.5872802734375,3032722,0.0,0.0
2023-08-22 00:00:00+05:30,1277.9504163795991,1279.1786914005518,1270.626854331071,1277.086181640625,2890714,0.0,0.0
2023-08-23 00:00:00+05:30,1288.2309000421885,1288.7767383819312,1278.8148277508842,1280.9072265625,2559125,0.0,0.0
2023-08-24 00:00:00+05:30,1293.2346518402169,1296.4643712635414,1286.8207457961107,1295.1451416015625,5171963,0.0,0.0
2023-08-25 00:00:00+05:30,1285.501488336358,1294.144279659214,1284.0458825352084,1291.9608154296875,4307172,0.0,0.0
2023-08-28 00:00:00+05:30,1291.9608968278883,1296.236871016697,1284.0459634347399,1287.9124755859375,3133464,0.0,0.0
2023-08-29 00:00:00+05:30,1295.509057691945,1295.8729869417455,1287.594124022955,1289.7320556640625,3074444,0.0,0.0
2023-08-30 00:00:00+05:30,1298.238204796241,1307.0174832626406,1295.5089023334597,1305.65283203125,3070887,0.0,0.0
2023-08-31 00:00:00+05:30,1305.6527955743893,1314.5230283307505,1299.7393070701485,1305.9256591796875,9792735,0.0,0.0
2023-09-01 00:00:00+05:30,1301.8317263628762,1315.5237713094643,1299.3298658019487,1313.5677490234375,3582133,0.0,0.0
2023-09-04 00:00:00+05:30,1312.7945503532342,1337.358273748617,1305.2434354057439,1332.900390625,4609014,0.0,0.0
2023-09-05 00:00:00+05:30,1332.8095304482017,1346.5015772139598,1325.0765058688094,1345.455322265625,5496840,0.0,0.0
2023-09-06 00:00:00+05:30,1348.184640888555,1349.094408496813,1331.2629855860807,1344.1361083984375,5075786,0.0,0.0
2023-09-07 00:00:00+05:30,1337.90412243496,1340.4515159698167,1330.1256765994524,1333.901123046875,4411743,0.0,0.0
2023-09-08 00:00:00+05:30,1331.4449464210497,1341.6798324116455,1328.4426687748935,1336.9945068359375,3125838,0.0,0.0
2023-09-11 00:00:00+05:30,1336.994432557999,1344.6820353527714,1332.3546400444875,1343.226318359375,4182226,0.0,0.0
2023-09-12 00:00:00+05:30,1348.7304447397828,1368.2904478169532,1343.8176775697427,1365.652099609375,6793161,0.0,0.0
2023-09-13 00:00:00+05:30,1369.2002453382354,1369.2002453382354,1354.3255672096375,1363.1502685546875,4804686,0.0,0.0
2023-09-14 00:00:00+05:30,1369.200118850372,1376.068908054887,1363.878001064633,1370.97412109375,6444213,0.0,0.0
2023-09-15 00:00:00+05:30,1381.0273694792074,1381.3912987705646,1372.8394601739947,1375.204833984375,8657816,0.0,0.0
2023-09-18 00:00:00+05:30,1369.1093400919283,1369.1093400919283,1353.7342448047293,1357.19140625,3991916,0.0,0.0
2023-09-20 00:00:00+05:30,1342.9989700048607,1360.193600922578,1342.9989700048607,1355.78125,4169337,0.0,0.0
2023-09-21 00:00:00+05:30,1352.4149859666784,1368.790801746706,1342.8168939622524,1366.243408203125,6779195,0.0,0.0
2023-09-22 00:00:00+05:30,1357.2821697249913,1370.9741041105199,1351.186660777571,1361.148681640625,5455613,0.0,0.0
2023-09-25 00:00:00+05:30,1355.417217832278,1355.417217832278,1338.7685376167728,1341.1339111328125,4217863,0.0,0.0
2023-09-26 00:00:00+05:30,1345.682751173916,1346.3650768655104,1327.3509120486192,1328.85205078125,3996528,0.0,0.0
2023-09-27 00:00:00+05:30,1324.6214638718475,1336.9942795100794,1319.2083917349964,1334.62890625,3863586,0.0,0.0
2023-09-28 00:00:00+05:30,1335.4478965364908,1339.7237598799838,1305.51651996519,1309.56494140625,5814602,0.0,0.0
2023-09-29 00:00:00+05:30,1302.8779603924677,1316.251608720033,1288.230726462314,1305.9256591796875,6068968,0.0,0.0
2023-10-03 00:00:00+05:30,1306.4717573853966,1307.3359921507258,1292.142918222993,1304.606689453125,4181867,0.0,0.0
2023-10-04 00:00:00+05:30,1296.41872564626,1319.1173810169118,1290.2322620419864,1314.022705078125,4510406,0.0,0.0
2023-10-05 00:00:00+05:30,1320.9826189619423,1342.4986459516133,1319.3449927806503,1331.3994140625,7384621,0.0,0.0
2023-10-06 00:00:00+05:30,1336.903376560551,1350.5498894209854,1331.262862333814,1345.273193359375,3598672,0.0,0.0
2023-10-09 00:00:00+05:30,1332.718425809864,1356.46333522133,1330.261986939683,1342.31640625,3567552,0.0,0.0
2023-10-10 00:00:00+05:30,1350.0041284403374,1361.9220614766054,1336.5395238912695,1360.239013671875,5688951,0.0,0.0
2023-10-11 00:00:00+05:30,1361.9220140294271,1381.254574348816,1347.7750842911132,1359.556640625,7220129,0.0,0.0
2023-10-12 00:00:00+05:30,1357.2821666354187,1368.6542604790434,1320.9824208754478,1333.2642822265625,11081662,0.0,0.0
2023-10-13 00:00:00+05:30,1278.2233513513881,1308.2456791767233,1273.6745138020951,1302.0137939453125,17973439,0.0,0.0
2023-10-16 00:00:00+05:30,1302.8780961484347,1313.340423053773,1300.9676064898863,1304.7431640625,4850745,0.0,0.0
2023-10-17 00:00:00+05:30,1310.2927452175127,1322.2106781963569,1308.2913009819003,1312.294189453125,3923764,0.0,0.0
2023-10-18 00:00:00+05:30,1311.8847923385383,1322.8020028156968,1308.5641186072812,1310.565673828125,4264837,0.0,0.0
2023-10-19 00:00:00+05:30,1297.4194189109537,1309.7468130472434,1297.4194189109537,1304.2882080078125,6795691,0.0,0.0
2023-10-20 00:00:00+05:30,1300.9674366269269,1308.7004598516323,1296.6460412954737,1298.465576171875,3928622,0.0,0.0
2023-10-23 00:00:00+05:30,1296.964582762976,1303.1055136577397,1278.4508355358098,1281.5440673828125,2636516,0.0,0.0
2023-10-25 00:00:00+05:30,1289.2389333048216,1292.5104566531788,1254.4967997562355,1262.560302734375,6940777,18.0,0.0
2023-10-26 00:00:00+05:30,1248.7371699932087,1266.2003688015045,1246.9400932403355,1252.7918701171875,6357656,0.0,0.0
2023-10-27 00:00:00+05:30,1256.6622771033196,1276.3371998881837,1256.6622771033196,1272.052001953125,4634358,0.0,0.0
2023-10-30 00:00:00+05:30,1272.0521334622172,1272.0521334622172,1256.155513264206,1269.0111083984375,2667696,0.0,0.0
2023-10-31 00:00:00+05:30,1271.6834287710847,1272.7893480503349,1256.0633173275878,1261.0396728515625,3451595,0.0,0.0
2023-11-01 00:00:00+05:30,1265.3249033766447,1269.379603358429,1245.6038569027073,1247.90771484375,3090672,0.0,0.0
2023-11-02 00:00:00+05:30,1262.5142118386507,1268.3199791238953,1254.819348447591,1262.6524658203125,3758060,0.0,0.0
2023-11-03 00:00:00+05:30,1271.7756915818663,1282.7880874213406,1269.6560973022642,1280.069580078125,3349045,0.0,0.0
2023-11-06 00:00:00+05:30,1284.5392525449095,1296.8418333328405,1281.6824907597581,1293.2017822265625,2736381,0.0,0.0
2023-11-07 00:00:00+05:30,1290.1604881630135,1295.5976155760281,1285.4145181543718,1294.1231689453125,2272209,0.0,0.0
2023-11-08 00:00:00+05:30,1294.7683051059266,1294.7683051059266,1277.6736323081873,1281.86669921875,3550635,0.0,0.0
2023-11-09 00:00:00+05:30,1286.3821608724284,1287.8566074771882,1262.5602919196745,1266.9376220703125,5498051,0.0,0.0
2023-11-10 00:00:00+05:30,1262.46802069147,1265.4170263311844,1254.2202543175401,1261.454345703125,2943649,0.0,0.0
2023-11-13 00:00:00+05:30,1271.5914215374528,1273.9874114709824,1263.2975323492624,1265.7857666015625,3462092,0.0,0.0
2023-11-15 00:00:00+05:30,1289.2390443084512,1303.0621934611509,1283.7097846473714,1299.8367919921875,8551860,0.0,0.0
2023-11-16 00:00:00+05:30,1304.9973516506468,1339.3709592887674,1299.9288638617754,1331.537841796875,6673907,0.0,0.0
2023-11-17 00:00:00+05:30,1327.9898053316556,1337.1591147047359,1322.4605464148888,1324.764404296875,4901251,0.0,0.0
2023-11-20 00:00:00+05:30,1328.8653942384274,1338.0808269307881,1321.170530438921,1323.8890380859375,3584210,0.0,0.0
2023-11-21 00:00:00+05:30,1328.8653376978914,1336.2376835381015,1324.0272357402534,1326.1007080078125,3793135,0.0,0.0
2023-11-22 00:00:00+05:30,1323.520357257011,1344.4854659823166,1323.520357257011,1343.42578125,3108786,0.0,0.0
2023-11-23 00:00:00+05:30,1352.7331886634922,1352.7331886634922,1334.1179498640734,1335.54638671875,3186928,0.0,0.0
2023-11-24 00:00:00+05:30,1332.1369430585005,1338.679877895318,1321.3548191084903,1324.6263427734375,2973195,0.0,0.0
2023-11-28 00:00:00+05:30,1330.7084271755414,1331.6299704076575,1315.088314388403,1329.5103759765625,3755373,0.0,0.0
2023-11-29 00:00:00+05:30,1337.251355220777,1346.0981477081089,1336.0534165206054,1345.08447265625,3875778,0.0,0.0
2023-11-30 00:00:00+05:30,1339.2326879569457,1346.0521303013406,1335.8230230312827,1340.983642578125,10120867,0.0,0.0
2023-12-01 00:00:00+05:30,1345.3610059685648,1345.3610059685648,1332.6897863489253,1338.3572998046875,3489187,0.0,0.0
2023-12-04 00:00:00+05:30,1345.8677509348179,1356.4194883018783,1335.592634024112,1349.4617919921875,5511948,0.0,0.0
2023-12-05 00:00:00+05:30,1350.7981854850148,1351.8118605948976,1328.8654104130064,1339.8778076171875,5123039,0.0,0.0
2023-12-06 00:00:00+05:30,1342.4582175598755,1361.1194695973477,1337.2054656873006,1358.63134765625,5269178,0.0,0.0
2023-12-07 00:00:00+05:30,1357.2949393135057,1357.2949393135057,1347.1119540015106,1350.8902587890625,4424453,0.0,0.0
2023-12-08 00:00:00+05:30,1355.0372784572535,1377.4307129471217,1351.2128512985264,1374.1593017578125,6323433,0.0,0.0
2023-12-11 00:00:00+05:30,1373.0993558033465,1380.471701337861,1365.727010268832,1371.717041015625,3862018,0.0,0.0
2023-12-12 00:00:00+05:30,1361.5800891380788,1373.0993792323097,1352.5029110424384,1360.243896484375,6103494,0.0,0.0
2023-12-13 00:00:00+05:30,1360.19782972632,1360.2439518858023,1320.7097241735976,1335.316162109375,8549258,0.0,0.0
2023-12-14 00:00:00+05:30,1348.5863495012065,1392.4517835867966,1346.697140932601,1383.6510009765625,12489858,0.0,0.0
2023-12-15 00:00:00+05:30,1403.5564479809898,1463.917528966799,1401.6672393803897,1454.5638427734375,18395389,0.0,0.0
2023-12-18 00:00:00+05:30,1444.9336219034078,1468.0183241638513,1437.88390638634,1441.6160888671875,6467243,0.0,0.0
2023-12-19 00:00:00+05:30,1446.915036424613,1450.4629554436433,1422.1716226248461,1436.0408935546875,4221721,0.0,0.0
2023-12-20 00:00:00+05:30,1442.2611198785871,1459.2635456213156,1409.9609881911038,1415.85888671875,6592367,0.0,0.0
2023-12-21 00:00:00+05:30,1401.8977151314416,1425.3049369492605,1401.8977151314416,1415.490478515625,5319038,0.0,0.0
2023-12-22 00:00:00+05:30,1414.522706978693,1443.1366686825568,1403.5103106025122,1440.2799072265625,6741060,0.0,0.0
2023-12-26 00:00:00+05:30,1414.5688833319446,1426.5489455360587,1403.5103643743007,1422.816650390625,6878067,0.0,0.0
2023-12-27 00:00:00+05:30,1422.862643983342,1446.8227662265847,1422.862643983342,1444.1502685546875,4225849,0.0,0.0
2023-12-28 00:00:00+05:30,1445.855092876647,1445.855092876647,1432.9996108186176,1440.0494384765625,5702253,0.0,0.0
2023-12-29 00:00:00+05:30,1420.144166634131,1437.1004712006081,1419.1765012951132,1421.8489990234375,4388990,0.0,0.0
2024-01-01 00:00:00+05:30,1418.255071679868,1434.8428502960069,1414.7992844681723,1429.6361083984375,2808451,0.0,0.0
2024-01-02 00:00:00+05:30,1424.7056244707057,1427.608507717753,1403.5101332916463,1414.0157470703125,5396313,0.0,0.0
2024-01-03 00:00:00+05:30,1400.6996635455614,1400.6996635455614,1371.2564007445471,1373.0994873046875,7550363,0.0,0.0
2024-01-04 00:00:00+05:30,1386.8763509676678,1400.5152349032498,1375.7718232468026,1394.018310546875,7056038,0.0,0.0
2024-01-05 00:00:00+05:30,1388.5351762892633,1418.8999788505123,1388.07440470264,1412.31103515625,8895403,0.0,0.0
2024-01-08 00:00:00+05:30,1408.9934505703893,1415.4903752195028,1394.52526712299,1403.3260498046875,4440136,0.0,0.0
2024-01-09 00:00:00+05:30,1420.9274616897512,1431.1565685607613,1406.1366485499625,1409.3160400390625,4412074,0.0,0.0
2024-01-10 00:00:00+05:30,1405.3071677486228,1414.983370728282,1386.9224270844938,1400.6534423828125,4096845,0.0,0.0
2024-01-11 00:00:00+05:30,1405.261293276588,1405.3534251009314,1369.9661425866611,1376.9698486328125,11296088,0.0,0.0
2024-01-12 00:00:00+05:30,1439.450552270239,1491.056974118596,1433.3683893367258,1486.2188720703125,26754401,0.0,0.0
2024-01-15 00:00:00+05:30,1515.8925107048797,1534.3233755421343,1507.6447436874366,1522.4815673828125,13228305,0.0,0.0
2024-01-16 00:00:00+05:30,1515.7543934625273,1519.1640585147397,1497.5077919845023,1503.5439453125,6500917,0.0,0.0
2024-01-17 00:00:00+05:30,1493.1303945709744,1518.2424471875822,1493.1303945709744,1511.51513671875,9209876,0.0,0.0
2024-01-18 00:00:00+05:30,1513.7730508709333,1519.6248280436816,1500.5028054955274,1513.7269287109375,6375464,0.0,0.0
2024-01-19 00:00:00+05:30,1522.0207083253042,1534.830181149936,1515.1552565650597,1529.0244140625,4522736,0.0,0.0
2024-01-23 00:00:00+05:30,1520.6384796288353,1543.3084208611072,1509.2113209406687,1513.312255859375,9401255,0.0,0.0
2024-01-24 00:00:00+05:30,1529.669692631178,1548.1926898142694,1515.9386754431387,1543.95361328125,8999681,0.0,0.0
2024-01-25 00:00:00+05:30,1541.6956238359799,1548.6994420250173,1527.9185982399085,1538.147705078125,8865304,0.0,0.0
2024-01-29 00:00:00+05:30,1534.5079025994237,1547.593772923592,1518.3347721169375,1526.628662109375,4253785,0.0,0.0
2024-01-30 00:00:00+05:30,1532.0194213135253,1557.4079810311105,1518.9335530973535,1521.8824462890625,4995943,0.0,0.0
2024-01-31 00:00:00+05:30,1518.9337632044703,1536.4430861232538,1509.5800760939778,1530.59130859375,6763779,0.0,0.0
2024-02-01 00:00:00+05:30,1529.3471931576782,1545.4280783736983,1520.8689274978267,1527.0433349609375,5760011,0.0,0.0
2024-02-02 00:00:00+05:30,1535.3370559365164,1583.6719506012253,1534.3693906028748,1560.4951171875,7858483,0.0,0.0
2024-02-05 00:00:00+05:30,1561.7853328521521,1567.3145920332188,1549.8974031142452,1554.82763671875,3634135,0.0,0.0
2024-02-06 00:00:00+05:30,1554.4129683538292,1597.034340689009,1542.6171705805966,1593.7628173828125,7694265,0.0,0.0
2024-02-07 00:00:00+05:30,1593.3481668011993,1593.3481668011993,1554.5050990563916,1560.86376953125,4613877,0.0,0.0
2024-02-08 00:00:00+05:30,1564.7805117170838,1572.4753757160167,1550.7730986588967,1559.3433837890625,5919715,0.0,0.0
2024-02-09 00:00:00+05:30,1552.5238399589869,1560.080561966992,1529.577503446997,1538.378173828125,4600004,0.0,0.0
2024-02-12 00:00:00+05:30,1539.2997433619348,1560.126598289278,1539.2997433619348,1548.2847900390625,3555808,0.0,0.0
2024-02-13 00:00:00+05:30,1550.9571831806093,1556.5785741207376,1532.9870910403704,1552.3856201171875,2696481,0.0,0.0
2024-02-14 00:00:00+05:30,1529.9459605809961,1538.4702350970776,1507.1838887623073,1535.4752197265625,3768579,0.0,0.0
2024-02-15 00:00:00+05:30,1545.428005093551,1555.3345948697918,1531.2362167759502,1544.8289794921875,4834391,0.0,0.0
2024-02-16 00:00:00+05:30,1556.486498735968,1574.917363137815,1555.5188333576436,1568.14404296875,4880654,0.0,0.0
2024-02-19 00:00:00+05:30,1571.2311682439513,1577.2211990906292,1555.2884257624896,1566.39306640625,3690993,0.0,0.0
2024-02-20 00:00:00+05:30,1552.800253854097,1561.3245282446908,1537.825177221973,1553.0306396484375,3706389,0.0,0.0
2024-02-21 00:00:00+05:30,1542.6633157025528,1542.6633157025528,1516.2150708785946,1525.660888671875,4300508,0.0,0.0
2024-02-22 00:00:00+05:30,1534.3695574852186,1552.4317832308739,1515.3857884617946,1549.436767578125,5841277,0.0,0.0
2024-02-23 00:00:00+05:30,1563.8587905950133,1565.194983220865,1540.728079066558,1545.2896728515625,5373072,0.0,0.0
2024-02-26 00:00:00+05:30,1543.5386736406174,1543.5386736406174,1515.9385009458492,1529.89990234375,2782438,0.0,0.0
2024-02-27 00:00:00+05:30,1530.6833557243867,1539.9909201570279,1523.1267459853489,1533.079345703125,5159088,0.0,0.0
2024-02-28 00:00:00+05:30,1538.9770993537304,1555.3806128350852,1531.6508761234932,1540.1290283203125,3188916,0.0,0.0
2024-02-29 00:00:00+05:30,1534.3692886879348,1550.2659074446117,1523.587279224107,1542.571044921875,7814722,0.0,0.0
2024-03-01 00:00:00+05:30,1538.0556768856939,1540.7741844629486,1521.4678984651173,1524.8775634765625,6387291,0.0,0.0
2024-03-04 00:00:00+05:30,1527.7805015485362,1533.862664687169,1505.4791992091916,1508.7506103515625,4445156,0.0,0.0
2024-03-05 00:00:00+05:30,1505.8015436860508,1508.8886908149464,1476.3121621695554,1480.4591064453125,4596579,0.0,0.0
2024-03-06 00:00:00+05:30,1477.0495710017406,1493.0383239437163,1452.3521668225044,1490.642333984375,6420684,0.0,0.0
2024-03-07 00:00:00+05:30,1489.7666719434026,1500.686936051952,1478.339514092148,1489.62841796875,6348359,0.0,0.0
2024-03-11 00:00:00+05:30,1481.9797912201366,1487.186533050453,1463.4106723438592,1475.0220947265625,6752895,0.0,0.0
2024-03-12 00:00:00+05:30,1474.4691365947879,1497.5077168540815,1472.303532549028,1486.403076171875,4614222,0.0,0.0
2024-03-13 00:00:00+05:30,1486.3569240580796,1497.0468017752844,1473.1328027552288,1484.974609375,5688997,0.0,0.0
2024-03-14 00:00:00+05:30,1487.7394689212454,1527.6883469444472,1481.8415695289827,1523.5875244140625,8803799,0.0,0.0
2024-03-15 00:00:00+05:30,1512.3444475668186,1516.6757678865583,1491.3793408128192,1505.801513671875,11809997,0.0,0.0
2024-03-18 00:00:00+05:30,1502.11543929507,1504.5575513115562,1473.4093456712776,1476.9112548828125,4958904,0.0,0.0
2024-03-19 00:00:00+05:30,1467.4193112677192,1473.5475961267095,1435.764324431153,1438.943603515625,6870411,0.0,0.0
2024-03-20 00:00:00+05:30,1440.3720813461923,1451.3844780457566,1430.5576233604784,1432.95361328125,4759059,0.0,0.0
2024-03-21 00:00:00+05:30,1441.2935411478331,1453.2274803947662,1422.3097740379771,1432.72314453125,11062497,0.0,0.0
2024-03-22 00:00:00+05:30,1401.6671085042765,1408.9473217702673,1380.6558800265154,1390.4703369140625,14673890,0.0,0.0
2024-03-26 00:00:00+05:30,1374.9424783172167,1389.1802760076575,1371.164173630106,1375.54150390625,8351081,0.0,0.0
2024-03-27 00:00:00+05:30,1378.628657389427,1381.3932870499673,1365.3124028550521,1367.431884765625,6857402,0.0,0.0
2024-03-28 00:00:00+05:30,1370.4729789851785,1393.189041141791,1370.4729789851785,1380.517822265625,12499530,0.0,0.0
2024-04-01 00:00:00+05:30,1405.3535990438443,1409.9151935976056,1375.679948376021,1378.1219482421875,6580002,0.0,0.0
2024-04-02 00:00:00+05:30,1368.3533402284065,1376.0021934625806,1364.6671675840935,1366.51025390625,7279400,0.0,0.0
2024-04-03 00:00:00+05:30,1362.9624633692197,1377.799287158803,1359.2762903783632,1364.4830322265625,8736248,0.0,0.0
2024-04-04 00:00:00+05:30,1373.6062588459959,1378.3061066574217,1352.8254147328123,1370.0582275390625,11186915,0.0,0.0
2024-04-05 00:00:00+05:30,1363.93009899174,1370.0582714607572,1360.24392608138,1363.0545654296875,5072482,0.0,0.0
2024-04-08 00:00:00+05:30,1366.6486630791478,1373.97488704448,1358.4469055155266,1360.8428955078125,6610887,0.0,0.0
2024-04-09 00:00:00+05:30,1373.0993855776476,1395.0321590156452,1370.6112639030227,1377.56884765625,9423230,0.0,0.0
2024-04-10 00:00:00+05:30,1382.6372778632074,1391.3919380114644,1368.076963217734,1388.581298828125,6744595,0.0,0.0
2024-04-12 00:00:00+05:30,1386.0009366054892,1388.581302495331,1363.4231287950938,1368.26123046875,12275616,0.0,0.0
2024-04-15 00:00:00+05:30,1363.884010132131,1374.8964069734686,1346.420810540168,1352.9637451171875,8531224,0.0,0.0
2024-04-16 00:00:00+05:30,1337.1591322439795,1340.9835588768526,1302.1866141339272,1303.4766845703125,16173541,0.0,0.0
2024-04-18 00:00:00+05:30,1309.6051010829012,1331.3534994670702,1297.072135276183,1307.9002685546875,22107945,0.0,0.0
2024-04-19 00:00:00+05:30,1276.3373231980736,1314.903883353496,1270.5776782377934,1300.52783203125,20603621,0.0,0.0
2024-04-22 00:00:00+05:30,1308.4992564312556,1324.1193692022916,1302.1867077963823,1320.341064453125,5859087,0.0,0.0
2024-04-23 00:00:00+05:30,1329.786912241484,1333.334831262017,1320.571479724218,1329.2340087890625,4856174,0.0,0.0
2024-04-24 00:00:00+05:30,1330.985003306902,1330.985003306902,1315.0883817387778,1318.498046875,4268213,0.0,0.0
2024-04-25 00:00:00+05:30,1308.5912027225215,1331.5376484238018,1308.5912027225215,1325.5936279296875,9089398,0.0,0.0
2024-04-26 00:00:00+05:30,1326.745647271391,1331.9985107982977,1315.042094094127,1318.037109375,8062444,0.0,0.0
2024-04-29 00:00:00+05:30,1317.7606297548816,1326.8379201034072,1316.1940513407444,1322.18408203125,5055957,0.0,0.0
2024-04-30 00:00:00+05:30,1322.1380131744238,1323.8429581264434,1306.3336369406475,1309.0982666015625,6936588,0.0,0.0
2024-05-02 00:00:00+05:30,1302.1404919784582,1312.2774667921617,1301.0806948402314,1303.4766845703125,10076354,0.0,0.0
2024-05-03 00:00:00+05:30,1310.5266461015717,1313.0148803966708,1293.109456008172,1305.1817626953125,8842345,0.0,0.0
2024-05-06 00:00:00+05:30,1308.5914366893924,1332.27505360971,1305.9189387214822,1314.028564453125,6445422,0.0,0.0
2024-05-07 00:00:00+05:30,1313.1528923189749,1330.1093091097507,1304.5364861962978,1327.8975830078125,6080661,0.0,0.0
2024-05-08 00:00:00+05:30,1322.6449494254493,1326.7918940500197,1313.7520345652563,1315.3187255859375,6234983,0.0,0.0
2024-05-09 00:00:00+05:30,1315.5489046143746,1336.1913801730982,1313.060670734901,1326.607421875,6088406,0.0,0.0
2024-05-10 00:00:00+05:30,1322.4604966710783,1323.289795482951,1302.1404259190676,1313.1068115234375,8777481,0.0,0.0
2024-05-13 00:00:00+05:30,1313.199189050727,1313.199189050727,1300.4818466437416,1311.770751953125,3735954,0.0,0.0
2024-05-14 00:00:00+05:30,1314.4891762078207,1321.2624958851497,1306.7943133773022,1312.9224853515625,3463230,0.0,0.0
2024-05-15 00:00:00+05:30,1314.120547134986,1319.4655424641765,1307.255095585117,1308.545166015625,4327544,0.0,0.0
2024-05-16 00:00:00+05:30,1321.4467475230538,1341.5364330774394,1315.0420676637514,1339.32470703125,9249145,0.0,0.0
2024-05-17 00:00:00+05:30,1342.6882935563137,1342.6882935563137,1326.330903569612,1330.9847412109375,7542860,0.0,0.0
2024-05-21 00:00:00+05:30,1317.8067987413262,1331.3534390178734,1316.332352094495,1321.6312255859375,6752663,0.0,0.0
2024-05-22 00:00:00+05:30,1316.6550066153582,1345.40711294369,1315.9638491315707,1340.6612548828125,7173285,0.0,0.0
2024-05-23 00:00:00+05:30,1340.5688666610595,1362.17912249703,1336.2376585581328,1356.8802490234375,8641428,0.0,0.0
2024-05-24 00:00:00+05:30,1353.0557154211108,1359.7369031866842,1345.4529845154584,1350.15283203125,5277938,0.0,0.0
2024-05-27 00:00:00+05:30,1356.373369267408,1363.5153292403581,1345.6834903871545,1355.91259765625,5821844,0.0,0.0
2024-05-28 00:00:00+05:30,1359.7370687266528,1360.1978403527887,1345.7296562893546,1351.9500732421875,6186922,0.0,0.0
2024-05-29 00:00:00+05:30,1350.4295268928772,1350.521658721026,1336.237738072663,1337.1131591796875,7401634,0.0,0.0
2024-05-30 00:00:00+05:30,1329.6026885129104,1336.0995011368218,1310.0198938256992,1315.4569091796875,9663150,0.0,0.0
2024-05-31 00:00:00+05:30,1325.18568552157,1350.5181357141773,1315.9738228639974,1322.459716796875,37113815,28.0,0.0
2024-06-03 00:00:00+05:30,1353.5731158092904,1353.5731158092904,1319.7337879140582,1321.519775390625,10589244,0.0,0.0
2024-06-04 00:00:00+05:30,1324.4335719499218,1330.0734594103187,1276.8234990229753,1310.0048828125,13736134,0.0,0.0
2024-06-05 00:00:00+05:30,1316.1148183429186,1351.6930870098186,1316.1148183429186,1344.2672119140625,9233424,0.0,0.0
2024-06-06 00:00:00+05:30,1358.2261557270542,1385.81470319026,1351.2233397940015,1383.8876953125,12660930,0.0,0.0
2024-06-07 00:00:00+05:30,1392.1124223339962,1447.289283385155,1388.5874921626576,1441.555419921875,24075302,0.0,0.0
2024-06-10 00:00:00+05:30,1433.7536304630544,1437.983546630723,1407.4341520864498,1409.737060546875,6810606,0.0,0.0
2024-06-11 00:00:00+05:30,1410.018893908781,1416.0346820025904,1404.2849165946768,1405.9769287109375,4853054,0.0,0.0
2024-06-12 00:00:00+05:30,1416.5519427607585,1418.1969101793593,1393.7573942458623,1396.060302734375,9564320,0.0,0.0
2024-06-13 00:00:00+05:30,1405.2721826102318,1414.6719965407349,1399.961264790733,1404.28515625,7307565,0.0,0.0
2024-06-14 00:00:00+05:30,1413.4498626747718,1413.4498626747718,1396.8592841989566,1399.5382080078125,4237727,0.0,0.0
2024-06-18 00:00:00+05:30,1407.152097561087,1416.5519111720494,1405.6481503320965,1408.280029296875,5420939,0.0,0.0
2024-06-19 00:00:00+05:30,1414.6718886285164,1424.6827126496337,1406.8699977638037,1420.6407470703125,5493456,0.0,0.0
2024-06-20 00:00:00+05:30,1425.2937600659554,1426.4216917830183,1409.1260120772156,1424.44775390625,7927010,0.0,0.0
2024-06-21 00:00:00+05:30,1452.2712899886412,1464.256053061363,1432.2496398990345,1440.70947265625,17301941,0.0,0.0
2024-06-24 00:00:00+05:30,1433.0486251290843,1437.325471461373,1424.4477727552649,1435.4925537109375,5564989,0.0,0.0
2024-06-25 00:00:00+05:30,1434.4115183965616,1451.237207255743,1429.1006009006553,1449.4041748046875,4551525,0.0,0.0
2024-06-26 00:00:00+05:30,1448.5111662607692,1455.889996430208,1442.8712785271127,1448.2291259765625,4851004,0.0,0.0
2024-06-27 00:00:00+05:30,1446.114304702132,1483.6666295895413,1440.0985156795878,1478.919677734375,14757754,0.0,0.0
2024-06-28 00:00:00+05:30,1478.1676356666337,1493.1602914681441,1470.3657449978248,1472.7156982421875,8197544,0.0,0.0
2024-07-01 00:00:00+05:30,1465.900925341744,1503.8761950899986,1465.900925341744,1495.3223876953125,6801771,0.0,0.0
2024-07-02 00:00:00+05:30,1500.3982072481522,1535.7415983279318,1491.2804339153117,1523.7568359375,10493173,0.0,0.0
2024-07-03 00:00:00+05:30,1527.4696078755678,1537.809402144264,1509.609963229638,1529.7255859375,7269965,0.0,0.0
2024-07-04 00:00:00+05:30,1530.4775505601317,1560.3690026530594,1530.2896001922775,1551.5802001953125,8008311,0.0,0.0
2024-07-05 00:00:00+05:30,1552.332191113537,1565.8679458210338,1535.3185512266714,1548.572265625,7065022,0.0,0.0
2024-07-08 00:00:00+05:30,1544.483343885064,1566.008939897241,1541.5694246287367,1561.9200439453125,5880533,0.0,0.0
2024-07-09 00:00:00+05:30,1560.2750121000736,1566.7138611771477,1551.9091554243114,1557.6900634765625,5191182,0.0,0.0
2024-07-10 00:00:00+05:30,1557.5490553427878,1573.5287378659184,1539.2664644712022,1549.32421875,9852770,0.0,0.0
2024-07-11 00:00:00+05:30,1556.6090643284788,1565.0688961998292,1543.4963708254108,1553.507080078125,8857679,0.0,0.0
2024-07-12 00:00:00+05:30,1579.1686539269024,1616.5329122564228,1566.6199259649964,1609.0130615234375,17078316,0.0,0.0
2024-07-15 00:00:00+05:30,1622.5957659620963,1624.2877782953476,1600.4592739409936,1604.59521484375,6942230,0.0,0.0
2024-07-16 00:00:00+05:30,1615.452025715,1633.5937127967557,1597.9683944654953,1622.4549560546875,6886281,0.0,0.0
2024-07-18 00:00:00+05:30,1615.827983176718,1659.4431419133819,1615.827983176718,1652.5343017578125,11248896,0.0,0.0
2024-07-19 00:00:00+05:30,1733.3255702708213,1733.3255702708213,1679.2295989019908,1685.3394775390625,29819116,0.0,0.0
2024-07-22 00:00:00+05:30,1692.1074068427617,1713.5859571917674,1685.3394724496927,1702.1651611328125,8462126,0.0,0.0
2024-07-23 00:00:00+05:30,1701.3662125939957,1729.5186076175692,1676.2217119382558,1726.6517333984375,7113056,0.0,0.0
2024-07-24 00:00:00+05:30,1727.2157639340674,1731.7746506207213,1710.3900744958235,1723.8787841796875,6002845,0.0,0.0
2024-07-25 00:00:00+05:30,1710.7659428071297,1721.0117617869892,1703.2460925090763,1715.3248291015625,5815599,0.0,0.0
2024-07-26 00:00:00+05:30,1715.7949342558115,1769.9848820315087,1715.7949342558115,1766.1309814453125,11369047,0.0,0.0
2024-07-29 00:00:00+05:30,1779.9486525351583,1788.78450012986,1752.1252276626687,1758.799072265625,4635931,0.0,0.0
2024-07-30 00:00:00+05:30,1758.7990290172347,1767.1178407699306,1748.365259289592,1764.4859619140625,2721265,0.0,0.0
2024-07-31 00:00:00+05:30,1764.344953812893,1772.0058245898792,1753.1122228334534,1756.1201171875,5004209,0.0,0.0
2024-08-01 00:00:00+05:30,1744.699358548906,1755.7911843622094,1734.3595637121655,1741.409423828125,7475014,0.0,0.0
2024-08-02 00:00:00+05:30,1732.3855594141,1747.895251074617,1707.147084115294,1711.8939208984375,7400938,0.0,0.0
2024-08-05 00:00:00+05:30,1677.8197340219435,1689.616546348778,1615.405061601391,1646.75341796875,10736703,0.0,0.0
2024-08-06 00:00:00+05:30,1654.5551502330297,1689.0994653436978,1640.126459251215,1646.0013427734375,7690163,0.0,0.0
2024-08-07 00:00:00+05:30,1688.2065718679119,1689.9925594528395,1656.341179884447,1684.11767578125,5094329,0.0,0.0
2024-08-08 00:00:00+05:30,1673.1196857214622,1673.1196857214622,1623.4416964698462,1638.5284423828125,6227910,0.0,0.0
2024-08-09 00:00:00+05:30,1664.9419144885312,1673.8717370362467,1650.6071993461458,1664.471923828125,4258524,0.0,0.0
2024-08-12 00:00:00+05:30,1666.6339385624474,1695.2563240862842,1661.9809621451984,1689.5224609375,4315329,0.0,0.0
2024-08-13 00:00:00+05:30,1701.366147109179,1701.366147109179,1681.673584839887,1689.5693359375,4176918,0.0,0.0
2024-08-14 00:00:00+05:30,1693.8464406687062,1715.4660123309595,1689.5694795075585,1713.821044921875,7450718,0.0,0.0
2024-08-16 00:00:00+05:30,1738.9653871768742,1750.1041425189478,1719.6957707243737,1747.378173828125,7335657,0.0,0.0
2024-08-19 00:00:00+05:30,1748.3653628246682,1755.46226812506,1738.2135180462226,1752.8773193359375,2585989,0.0,0.0
2024-08-20 00:00:00+05:30,1767.1649081160394,1772.5227558229078,1756.0730824760828,1759.8330078125,3870333,0.0,0.0
2024-08-21 00:00:00+05:30,1762.5588344138969,1766.2247842698705,1755.0389843478197,1760.3028564453125,1966902,0.0,0.0
2024-08-22 00:00:00+05:30,1770.9248323444356,1779.9956751616294,1757.4830533776285,1767.39990234375,4300287,0.0,0.0
2024-08-23 00:00:00+05:30,1765.4727869250148,1769.6087274887373,1745.5452297686368,1750.339111328125,5015935,0.0,0.0
2024-08-26 00:00:00+05:30,1757.7651122966831,1775.3897624868237,1752.125224235838,1763.5460205078125,3728589,0.0,0.0
2024-08-27 00:00:00+05:30,1763.54596510821,1788.5494451104064,1761.431007151832,1786.0584716796875,3830679,0.0,0.0
2024-08-28 00:00:00+05:30,1792.4505405625268,1833.9036970289214,1783.5207173325039,1822.7178955078125,6514531,0.0,0.0
2024-08-29 00:00:00+05:30,1816.9838956969513,1833.4335688344042,1805.610144647818,1817.3128662109375,7228284,0.0,0.0
2024-08-30 00:00:00+05:30,1821.6837784081808,1832.9635541258785,1812.2839653100993,1827.0416259765625,13466759,0.0,0.0
2024-09-02 00:00:00+05:30,1826.712755054023,1857.1681741009113,1826.195834151735,1846.5933837890625,5573739,0.0,0.0
2024-09-03 00:00:00+05:30,1848.943412636329,1848.943412636329,1820.226934986873,1824.7388916015625,4694322,0.0,0.0
2024-09-04 00:00:00+05:30,1805.7980647866775,1811.5319278069883,1786.0115271331308,1807.0670166015625,4778310,0.0,0.0
2024-09-05 00:00:00+05:30,1810.638983993486,1823.5637269032381,1794.9882723576418,1817.1248779296875,4081810,0.0,0.0
2024-09-06 00:00:00+05:30,1806.6441381891027,1820.2738676395406,1783.00358450389,1787.7034912109375,5848106,0.0,0.0
2024-09-09 00:00:00+05:30,1776.564732765143,1805.5631341580754,1775.6247514250556,1780.9356689453125,4772612,0.0,0.0
2024-09-10 00:00:00+05:30,1790.5704823041315,1818.8638977650467,1782.2046254069915,1797.5263671875,6909600,0.0,0.0
2024-09-11 00:00:00+05:30,1799.7820949632378,1810.4039292305977,1790.6643225255912,1795.5052490234375,5312946,0.0,0.0
2024-09-12 00:00:00+05:30,1809.463996501208,1838.9794321721197,1796.116307982983,1833.386474609375,8555092,0.0,0.0
2024-09-13 00:00:00+05:30,1833.3867057185469,1841.0475772026095,1819.4750496173078,1827.4178466796875,3843127,0.0,0.0
2024-09-16 00:00:00+05:30,1828.9688141569388,1834.8436979233431,1817.0310962411352,1833.19873046875,1570181,0.0,0.0
2024-09-17 00:00:00+05:30,1830.8485176417557,1840.906271327735,1825.5846454813945,1835.3604736328125,2793127,0.0,0.0
2024-09-18 00:00:00+05:30,1822.388925387728,1822.388925387728,1768.3870402660307,1778.5858154296875,6385468,0.0,0.0
2024-09-19 00:00:00+05:30,1795.9282898631557,1809.370068657787,1766.036952686509,1780.5125732421875,7976570,0.0,0.0
2024-09-20 00:00:00+05:30,1790.664520804125,1800.0643345616268,1755.3212440246816,1791.3695068359375,15242974,0.0,0.0
2024-09-23 00:00:00+05:30,1794.4243751721033,1803.73021337189,1765.7078993837924,1782.6275634765625,3636672,0.0,0.0
2024-09-24 00:00:00+05:30,1774.6846588682515,1796.2102531560402,1759.0809925494216,1784.6484375,7277616,0.0,0.0
2024-09-25 00:00:00+05:30,1773.1337292502485,1787.4684442930745,1764.156976545127,1781.546630859375,4268341,0.0,0.0
2024-09-26 00:00:00+05:30,1783.8966765192179,1802.8372091877666,1779.384720079492,1786.1995849609375,8952803,0.0,0.0
2024-09-27 00:00:00+05:30,1816.1380763305222,1856.0872866298698,1789.0666803151419,1792.3095703125,14908931,0.0,0.0
2024-09-30 00:00:00+05:30,1767.165116110307,1787.139721811022,1758.2352923852816,1763.0291748046875,6986955,0.0,0.0
2024-10-01 00:00:00+05:30,1762.4650370326212,1794.3773580722982,1762.4650370326212,1790.053466796875,4029072,0.0,0.0
2024-10-03 00:00:00+05:30,1776.0946700907043,1797.1032292411892,1768.1048290238766,1779.7606201171875,7503887,0.0,0.0
2024-10-04 00:00:00+05:30,1776.1418246086153,1836.8175525476968,1772.8048448832324,1803.0252685546875,10001483,0.0,0.0
2024-10-07 00:00:00+05:30,1807.772048058558,1825.4437429610623,1801.0512733437376,1818.2059326171875,6112575,0.0,0.0
2024-10-08 00:00:00+05:30,1821.5898836675146,1840.436440915146,1791.9334261359113,1831.6007080078125,5637391,0.0,0.0
2024-10-09 00:00:00+05:30,1835.3605115538048,1858.3430081700687,1828.3575821051584,1835.5484619140625,4857163,0.0,0.0
2024-10-10 00:00:00+05:30,1840.3895163779584,1846.1233796899428,1799.2182871655539,1803.82421875,4782119,0.0,0.0
2024-10-11 00:00:00+05:30,1802.8842276209207,1830.1436867455332,1795.4583520140732,1818.9578857421875,4709431,0.0,0.0
2024-10-14 00:00:00+05:30,1816.1849669571325,1851.2932470173037,1815.1979406537325,1841.3294677734375,3751378,0.0,0.0
2024-10-15 00:00:00+05:30,1842.3635074756771,1871.9258760220825,1834.6086610794148,1841.70556640625,5353705,0.0,0.0
2024-10-16 00:00:00+05:30,1837.66365041544,1841.9406117141925,1801.3333460914546,1804.8582763671875,3111512,0.0,0.0
2024-10-17 00:00:00+05:30,1819.0517651449982,1859.2830106666543,1814.304928428157,1849.9771728515625,8162822,0.0,0.0
2024-10-18 00:00:00+05:30,1780.1367445813487,1820.6028732629586,1757.0601563072833,1766.7889404296875,10526196,0.0,0.0
2024-10-21 00:00:00+05:30,1777.5986762175419,1784.8366013292746,1727.6856903747387,1741.5504150390625,4654601,0.0,0.0
2024-10-22 00:00:00+05:30,1746.6732140121014,1765.0969393741664,1736.098424337156,1740.4693603515625,4125240,0.0,0.0
2024-10-23 00:00:00+05:30,1734.5006822227795,1772.804924358305,1733.325705470156,1760.961181640625,4311910,0.0,0.0
2024-10-24 00:00:00+05:30,1749.6813644323036,1770.9249206806642,1748.3653675509743,1751.5142822265625,2906475,0.0,0.0
2024-10-25 00:00:00+05:30,1751.6082405232555,1763.7340231622866,1735.5816269882255,1750.2923583984375,4689120,0.0,0.0
2024-10-28 00:00:00+05:30,1748.0833692337449,1768.951025226307,1745.5454653432146,1753.394287109375,7018940,0.0,0.0
2024-10-29 00:00:00+05:30,1754.9627985871089,1760.2866061853301,1738.8011693476826,1748.59326171875,4621252,21.0,0.0
2024-10-30 00:00:00+05:30,1741.6532608340028,1748.308049494395,1707.7613496606602,1713.227783203125,5919715,0.0,0.0
2024-10-31 00:00:00+05:30,1699.728089871948,1699.728089871948,1660.3697457491953,1670.589599609375,7395236,0.0,0.0
2024-11-01 00:00:00+05:30,1677.4819828348002,1678.9080088899161,1665.6460129974564,1674.011962890625,371966,0.0,0.0
2024-11-04 00:00:00+05:30,1639.4546463788554,1679.8587185569368,1633.275200045737,1676.6739501953125,7336722,0.0,0.0
2024-11-05 00:00:00+05:30,1673.2039554066878,1681.2371893406507,1658.9436944231081,1667.68994140625,3160880,0.0,0.0
2024-11-06 00:00:00+05:30,1677.0067780250674,1737.089967643031,1675.7233776805178,1733.7625732421875,10421494,0.0,0.0
2024-11-07 00:00:00+05:30,1723.5426610222241,1735.6638830746192,1698.8724555004114,1714.1309814453125,4550965,0.0,0.0
2024-11-08 00:00:00+05:30,1728.3437169759088,1749.829154713953,1723.7329222391422,1739.704345703125,4210960,0.0,0.0
2024-11-11 00:00:00+05:30,1738.8011800020988,1775.8778590726738,1732.669314114394,1768.367431640625,3804234,0.0,0.0
2024-11-12 00:00:00+05:30,1778.8249314544848,1788.2367269114475,1769.223045604574,1776.638427734375,5012450,0.0,0.0
2024-11-13 00:00:00+05:30,1769.3181384269985,1780.8213927172376,1764.7549244206982,1776.2581787109375,4257495,0.0,0.0
2024-11-14 00:00:00+05:30,1773.5961711004963,1783.4833086013102,1764.469627272938,1772.5980224609375,4311431,0.0,0.0
2024-11-18 00:00:00+05:30,1758.0049000608628,1758.0049000608628,1706.4778709351956,1722.1165771484375,4839244,0.0,0.0
2024-11-19 00:00:00+05:30,1735.4737552340218,1767.987103735295,1730.7679155470983,1734.7607421875,4669769,0.0,0.0
2024-11-21 00:00:00+05:30,1751.16006482196,1774.9271666789355,1730.8154024223286,1743.6021728515625,5436504,0.0,0.0
2024-11-22 00:00:00+05:30,1762.6633798054363,1819.6569616576032,1743.554652462339,1808.4388427734375,6301486,0.0,0.0
2024-11-25 00:00:00+05:30,1821.5107285834974,1824.6480325215346,1789.1874693080074,1796.5076904296875,12764638,0.0,0.0
2024-11-26 00:00:00+05:30,1811.00558516297,1842.9961275482167,1803.7329448177684,1829.2587890625,6850495,0.0,0.0
2024-11-27 00:00:00+05:30,1834.9152380654443,1845.6580141122217,1817.4702091826562,1829.5914306640625,4447143,0.0,0.0
2024-11-28 00:00:00+05:30,1820.4648690644453,1820.4648690644453,1760.3341042723987,1765.0875244140625,8468790,0.0,0.0
2024-11-29 00:00:00+05:30,1759.811276019277,1784.4340168837268,1754.0121263454853,1766.2283935546875,5244346,0.0,0.0
2024-12-02 00:00:00+05:30,1767.3216723437565,1789.9479994533772,1744.6953452341356,1787.095947265625,2868263,0.0,0.0
2024-12-03 00:00:00+05:30,1793.9408410909798,1806.0620629902432,1778.8725217831325,1798.789306640625,4715792,0.0,0.0
2024-12-04 00:00:00+05:30,1791.0888644737497,1819.56180716774,1782.5327074778559,1796.0799560546875,4705573,0.0,0.0
2024-12-05 00:00:00+05:30,1806.2997139926326,1853.7388717964993,1795.7946087095554,1839.4310302734375,9050038,0.0,0.0
2024-12-06 00:00:00+05:30,1837.4822303839658,1842.3781605401093,1818.088252003757,1827.5950927734375,3573331,0.0,0.0
2024-12-09 00:00:00+05:30,1829.3062538776032,1835.0103583375276,1803.6377838079438,1828.783447265625,4274645,0.0,0.0
2024-12-10 00:00:00+05:30,1843.3764867481466,1868.664660829215,1836.721697987323,1852.45556640625,6174921,0.0,0.0
2024-12-11 00:00:00+05:30,1858.5873457085745,1880.4530791874988,1855.7352935156714,1876.79296875,5025612,0.0,0.0
2024-12-12 00:00:00+05:30,1877.791037372581,1900.227273174294,1873.370449502188,1889.0091552734375,6462130,0.0,0.0
2024-12-13 00:00:00+05:30,1872.6099443049989,1907.500003205855,1857.4465798294907,1901.0828857421875,5362693,0.0,0.0
2024-12-16 00:00:00+05:30,1897.0424188970678,1900.9877808683423,1880.072732013709,1882.4019775390625,3119221,0.0,0.0
2024-12-17 00:00:00+05:30,1870.9463322304846,1884.2559097971648,1861.439491111427,1879.1221923828125,5811050,0.0,0.0
2024-12-18 00:00:00+05:30,1869.8054617493733,1887.060284654621,1864.8618349910091,1881.54638671875,3064095,0.0,0.0
2024-12-19 00:00:00+05:30,1838.623014099366,1863.1031292043601,1825.3134369549032,1850.2213134765625,5323592,0.0,0.0
2024-12-20 00:00:00+05:30,1877.743552521445,1882.3067661561822,1816.9948208472201,1827.3572998046875,11056720,0.0,0.0
2024-12-23 00:00:00+05:30,1834.867922920088,1844.3271834459897,1814.855975875461,1829.4014892578125,2781793,0.0,0.0
2024-12-24 00:00:00+05:30,1832.015755380025,1846.2284355881454,1749.2586619372746,1814.9034423828125,2360544,0.0,0.0
2024-12-26 00:00:00+05:30,1814.9034908105154,1825.0757640546135,1808.4863732653307,1813.3348388671875,3623321,0.0,0.0
2024-12-27 00:00:00+05:30,1815.2361283318478,1829.258717915249,1810.0073661143083,1822.2236328125,3937500,0.0,0.0
2024-12-30 00:00:00+05:30,1821.2254956591669,1821.510747311123,1793.4655661808106,1812.00390625,7789055,0.0,0.0
2024-12-31 00:00:00+05:30,1798.9794709559926,1803.4476395627287,1754.0596496753712,1787.2860107421875,3613063,0.0,0.0
2025-01-01 00:00:00+05:30,1781.5819053214227,1799.5973216045268,1781.5819053214227,1789.6627197265625,1838368,0.0,0.0
2025-01-02 00:00:00+05:30,1793.9409285299619,1865.8602051810894,1792.3248119514092,1861.296875,7083645,0.0,0.0
2025-01-03 00:00:00+05:30,1856.6384617090841,1856.6384617090841,1827.214835312903,1843.1387939453125,6218003,0.0,0.0
2025-01-06 00:00:00+05:30,1855.7352837034794,1875.69964894824,1832.9188662808956,1842.2830810546875,7164403,0.0,0.0
2025-01-07 00:00:00+05:30,1849.0806215360017,1861.962437838805,1828.7835386947554,1835.62841796875,4294832,0.0,0.0
2025-01-08 00:00:00+05:30,1834.8202633622047,1842.9961231909604,1795.6045452981161,1837.81494140625,5482050,0.0,0.0
2025-01-09 00:00:00+05:30,1838.6705399259386,1855.5926464465324,1816.3294646707038,1822.74658203125,6833503,0.0,0.0
2025-01-10 00:00:00+05:30,1841.475056372847,1880.2630131182193,1836.9593070090002,1869.947998046875,8036913,0.0,0.0
2025-01-13 00:00:00+05:30,1859.538056114521,1885.0164358188285,1852.8832675701437,1865.4322509765625,5804152,0.0,0.0
2025-01-14 00:00:00+05:30,1871.7543886244132,1874.5589763818855,1835.8660634362316,1844.374755859375,5792162,0.0,0.0
2025-01-15 00:00:00+05:30,1850.981884706997,1861.4869901029845,1841.5700892018165,1853.501220703125,2985439,0.0,0.0
2025-01-16 00:00:00+05:30,1868.9973329214629,1869.948017007702,1822.3187674971882,1833.3466796875,7533579,0.0,0.0
2025-01-17 00:00:00+05:30,1759.7161759087412,1766.3709642563163,1722.6394979722525,1725.9193115234375,16409953,0.0,0.0
2025-01-20 00:00:00+05:30,1733.0496195308024,1737.8030402662885,1704.7193015774908,1723.8756103515625,4333011,0.0,0.0
2025-01-21 00:00:00+05:30,1729.3418737355341,1741.3204695981628,1704.6240883474466,1711.896728515625,7169109,0.0,0.0
2025-01-22 00:00:00+05:30,1718.266356355729,1773.786327477544,1716.127317266663,1764.8973388671875,8373913,0.0,0.0
2025-01-23 00:00:00+05:30,1766.370941552174,1786.8582289789933,1761.3322697336553,1773.4534912109375,5907471,0.0,0.0
2025-01-24 00:00:00+05:30,1773.501188842313,1801.4513245969808,1772.312833717117,1782.96044921875,4887027,0.0,0.0
2025-01-27 00:00:00+05:30,1757.5772848453794,1771.1245336940863,1722.639643077662,1732.146484375,7652371,0.0,0.0
2025-01-28 00:00:00+05:30,1739.7519532584283,1771.5998715284597,1734.9034874184256,1739.5142822265625,6999495,0.0,0.0
2025-01-29 00:00:00+05:30,1754.0120684956396,1795.5094503993766,1749.7339902797964,1788.474365234375,5145155,0.0,0.0
2025-01-30 00:00:00+05:30,1780.7738303869369,1794.1308715011382,1753.0613674474346,1768.2247314453125,7336056,0.0,0.0
2025-01-31 00:00:00+05:30,1778.729881094765,1803.875428129993,1778.729881094765,1787.095947265625,5820470,0.0,0.0
2025-02-01 00:00:00+05:30,1787.571323971164,1797.3633003755383,1754.9628135718901,1760.0489501953125,1701402,0.0,0.0
2025-02-03 00:00:00+05:30,1745.4560668085503,1784.0063547913574,1742.033627142517,1771.4097900390625,4823228,0.0,0.0
2025-02-04 00:00:00+05:30,1795.8423067996916,1816.9474478919842,1782.5327290891591,1805.1590576171875,7334787,0.0,0.0
2025-02-05 00:00:00+05:30,1812.0038151596648,1825.0281403385413,1800.88085809743,1803.4952392578125,4996744,0.0,0.0
2025-02-06 00:00:00+05:30,1822.46137881177,1829.116167362465,1806.2997494743677,1821.177978515625,4765255,0.0,0.0
2025-02-07 00:00:00+05:30,1824.648004479721,1828.8309215990796,1796.2699917999128,1809.769775390625,4126260,0.0,0.0
2025-02-10 00:00:00+05:30,1811.0531389851265,1811.0531389851265,1785.9550565261386,1787.5712890625,3828734,0.0,0.0
2025-02-11 00:00:00+05:30,1790.2331848086437,1809.1518213900456,1777.7792464526458,1783.150634765625,4411601,0.0,0.0
2025-02-12 00:00:00+05:30,1792.0395140512057,1801.1660581275596,1755.9135185424811,1771.26708984375,5633947,0.0,0.0
2025-02-13 00:00:00+05:30,1776.3532848619434,1781.106705479717,1745.1233346132335,1752.3485107421875,5237744,0.0,0.0
2025-02-14 00:00:00+05:30,1762.568310549922,1767.6069826690268,1738.1832403249714,1764.8499755859375,5292961,0.0,0.0
2025-02-17 00:00:00+05:30,1747.8801254076848,1761.3797918708847,1732.2888845014002,1751.4451904296875,4428956,0.0,0.0
2025-02-18 00:00:00+05:30,1751.445375977347,1769.8410902296603,1746.977091046225,1760.619384765625,4365260,0.0,0.0
2025-02-19 00:00:00+05:30,1756.2937934312417,1758.004955145868,1716.840404092615,1721.498779296875,4611411,0.0,0.0
2025-02-20 00:00:00+05:30,1716.5077280780874,1740.7025920720746,1716.5077280780874,1735.14111328125,2218020,0.0,0.0
2025-02-21 00:00:00+05:30,1731.956275207461,1739.6092122968646,1717.1255109603246,1725.4915771484375,3379879,0.0,0.0
2025-02-24 00:00:00+05:30,1711.2789698500455,1718.8368620656656,1663.9348549947076,1677.101806640625,7594720,0.0,0.0
2025-02-25 00:00:00+05:30,1659.0863139546623,1690.744023588038,1659.0863139546623,1680.524169921875,5092963,0.0,0.0
2025-02-27 00:00:00+05:30,1668.640674098442,1688.2723238346587,1664.7428925260701,1677.2919921875,5757079,0.0,0.0
2025-02-28 00:00:00+05:30,1668.4982752722037,1668.5457398498413,1599.4785126706022,1604.4696044921875,12182167,0.0,0.0
2025-03-03 00:00:00+05:30,1608.8427856333933,1643.3525496222132,1608.8427856333933,1624.3388671875,7504969,0.0,0.0
2025-03-04 00:00:00+05:30,1611.4095762179882,1615.2123126810395,1587.6424733239176,1605.0400390625,6759673,0.0,0.0
2025-03-05 00:00:00+05:30,1608.9852468032536,1647.4879525703643,1608.9852468032536,1627.0958251953125,8180782,0.0,0.0
2025-03-06 00:00:00+05:30,1630.4231429408271,1637.3631829139892,1607.7017709749155,1631.231201171875,10610547,0.0,0.0
2025-03-07 00:00:00+05:30,1619.1100684643093,1620.9163914654462,1592.871210498742,1602.8533935546875,8019331,0.0,0.0
2025-03-10 00:00:00+05:30,1602.8533592169706,1634.225933863566,1593.5366088108908,1617.5413818359375,7558981,0.0,0.0
2025-03-11 00:00:00+05:30,1597.1492261839649,1597.1492261839649,1556.3173920894415,1579.6566162109375,12671234,0.0,0.0
2025-03-12 00:00:00+05:30,1556.1746748414012,1556.1746748414012,1486.6796971141694,1512.3956298828125,14870008,0.0,0.0
2025-03-13 00:00:00+05:30,1520.381526929375,1526.8462251444753,1492.8592690164621,1501.938232421875,7822888,0.0,0.0
2025-03-17 00:00:00+05:30,1468.949515897204,1515.3904095675546,1468.949515897204,1511.63525390625,7526032,0.0,0.0
2025-03-18 00:00:00+05:30,1511.63525390625,1511.63525390625,1511.63525390625,1511.63525390625,0,0.0,0.0
2025-03-19 00:00:00+05:30,1523.9465678973438,1523.9465678973438,1495.2359553339961,1508.307861328125,7387068,0.0,0.0
2025-03-20 00:00:00+05:30,1513.4891497172634,1551.4214700841842,1513.4891497172634,1535.8778076171875,7186750,0.0,0.0
2025-03-21 00:00:00+05:30,1500.1320035723254,1524.802326821007,1486.5372898982932,1514.0120849609375,10074677,0.0,0.0
2025-03-24 00:00:00+05:30,1519.1455370257738,1527.8443193262497,1495.1407646724408,1514.2020263671875,8857726,0.0,0.0
2025-03-25 00:00:00+05:30,1525.84798372026,1555.46181670782,1525.84798372026,1548.1414794921875,9890140,0.0,0.0
2025-03-26 00:00:00+05:30,1545.8123648464964,1556.9829031533513,1516.3411573986234,1520.5716552734375,6651302,0.0,0.0
2025-03-27 00:00:00+05:30,1516.8640098840594,1540.0606082841557,1507.7849306219216,1524.469482421875,9426573,0.0,0.0
2025-03-28 00:00:00+05:30,1511.5877308709687,1519.620965158934,1483.0672076469882,1493.1920166015625,6799047,0.0,0.0
2025-04-01 00:00:00+05:30,1463.3404602190724,1471.0885586286036,1442.9957978349414,1451.21923828125,12680733,0.0,0.0
2025-04-02 00:00:00+05:30,1459.4902057913214,1478.9317655581158,1459.4902057913214,1473.7030029296875,6193478,0.0,0.0
2025-04-03 00:00:00+05:30,1458.967226269639,1458.967226269639,1411.8133230002038,1422.6986083984375,10459504,0.0,0.0
2025-04-04 00:00:00+05:30,1388.4742004590178,1399.4070681791675,1376.5906485892897,1380.0606689453125,9590254,0.0,0.0
2025-04-07 00:00:00+05:30,1285.3248095467156,1336.5667020131123,1242.5440281638737,1327.867919921875,21715252,0.0,0.0
2025-04-08 00:00:00+05:30,1360.4288608109712,1384.671303823326,1345.2179161757683,1358.33740234375,12805001,0.0,0.0
2025-04-09 00:00:00+05:30,1335.758736096975,1339.9416532809853,1313.7503760547593,1334.4752197265625,8546854,0.0,0.0
2025-04-11 00:00:00+05:30,1341.652928180614,1367.844321400648,1328.1532604606723,1339.941650390625,12567440,0.0,0.0
2025-04-15 00:00:00+05:30,1374.3089224037624,1376.3053358191778,1339.513907284088,1355.675537109375,10178530,0.0,0.0
2025-04-16 00:00:00+05:30,1354.7249077086744,1357.1016180730755,1327.9156612183533,1343.4117431640625,12022740,0.0,0.0
2025-04-17 00:00:00+05:30,1329.0563853909828,1359.2881865002564,1310.327954849587,1349.49609375,14264227,0.0,0.0
2025-04-21 00:00:00+05:30,1340.4645789137878,1399.2169026224717,1340.4645789137878,1379.442626953125,15648970,0.0,0.0
2025-04-22 00:00:00+05:30,1368.9850198763202,1368.9850198763202,1349.3059066357173,1352.63330078125,9399738,0.0,0.0
2025-04-23 00:00:00+05:30,1374.6891479419496,1414.4277879886072,1368.6047467603623,1402.1639404296875,11136642,0.0,0.0
2025-04-24 00:00:00+05:30,1397.4105217628291,1409.7694145318515,1389.4247524558623,1398.8365478515625,7114292,0.0,0.0
2025-04-25 00:00:00+05:30,1402.7343459374797,1427.642222162945,1391.3261370921732,1407.2025146484375,8329979,0.0,0.0
2025-04-28 00:00:00+05:30,1407.2024661808139,1416.1389193452367,1393.0373668593481,1409.0087890625,5886253,0.0,0.0
2025-04-29 00:00:00+05:30,1408.9138107783806,1435.3428747016321,1401.4033833138335,1423.6494140625,8056743,0.0,0.0
2025-04-30 00:00:00+05:30,1422.9839060733532,1434.3921144618078,1409.4841231835037,1426.12109375,7704183,0.0,0.0
2025-05-02 00:00:00+05:30,1425.7408206525301,1448.081895785028,1422.4134264838601,1432.5858154296875,7402310,0.0,0.0
2025-05-05 00:00:00+05:30,1440.2864278864722,1447.8919007730015,1428.6881281546378,1434.2020263671875,4282493,0.0,0.0
2025-05-06 00:00:00+05:30,1431.7302219442606,1440.856765886036,1425.170478593818,1436.958984375,4270530,0.0,0.0
2025-05-07 00:00:00+05:30,1426.026145690909,1443.8990531370239,1422.7937965506155,1433.9168701171875,5691799,0.0,0.0
2025-05-08 00:00:00+05:30,1433.631664427957,1441.7124795125974,1427.1669659401214,1436.864013671875,8424409,0.0,0.0
2025-05-09 00:00:00+05:30,1426.6915991963783,1436.8639888159648,1420.4171072727893,1433.2513427734375,4478653,0.0,0.0
2025-05-12 00:00:00+05:30,1461.2014458755218,1551.516434397431,1456.4480254270004,1546.66796875,11372857,0.0,0.0
2025-05-13 00:00:00+05:30,1529.6507024801845,1532.6928451513845,1487.4403056280353,1491.2430419921875,12846210,0.0,0.0
2025-05-14 00:00:00+05:30,1496.3767741072957,1516.3411402167324,1492.0986956552736,1513.869384765625,4870057,0.0,0.0
2025-05-15 00:00:00+05:30,1511.3975456512203,1538.7771765983814,1493.5246391320036,1533.453369140625,11151167,0.0,0.0
2025-05-16 00:00:00+05:30,1533.0731584594146,1533.0731584594146,1503.5069061207216,1511.49267578125,4576751,0.0,0.0
2025-05-19 00:00:00+05:30,1498.7533295424078,1506.8341435615073,1478.9790558755526,1482.876953125,8855798,0.0,0.0
2025-05-20 00:00:00+05:30,1492.573904126385,1505.4081383338412,1481.1656959419795,1483.637451171875,7143998,0.0,0.0
2025-05-21 00:00:00+05:30,1490.577561992386,1493.5246593705174,1475.556707413097,1491.14794921875,4157309,0.0,0.0
2025-05-22 00:00:00+05:30,1478.789066286349,1483.8277382618005,1464.0534632471729,1471.18359375,6158990,0.0,0.0
2025-05-23 00:00:00+05:30,1473.5603223754533,1508.9257236923431,1473.5603223754533,1487.6304931640625,5038421,0.0,0.0
2025-05-26 00:00:00+05:30,1489.3414997424045,1505.6933338273104,1485.6338090106342,1502.5560302734375,3170102,0.0,0.0
2025-05-27 00:00:00+05:30,1501.985817890451,1504.8378701621398,1479.6447417622219,1492.6690673828125,7775714,0.0,0.0
2025-05-28 00:00:00+05:30,1503.0315254066693,1509.4010623010483,1492.5740005619675,1494.2852783203125,3623370,0.0,0.0
2025-05-29 00:00:00+05:30,1510.6370121874,1529.555648703017,1498.8485063145804,1507.4046630859375,8609500,0.0,0.0
2025-05-30 00:00:00+05:30,1514.5387348868949,1515.5027951891782,1499.2101525439637,1506.5369873046875,13148092,22.0,0.0
2025-06-02 00:00:00+05:30,1503.9340358386107,1503.9340358386107,1483.6887699715526,1497.9569091796875,4374509,0.0,0.0
2025-06-03 00:00:00+05:30,1502.9700087561519,1510.9717563250315,1480.410974183671,1487.5450439453125,6853403,0.0,0.0
2025-06-04 00:00:00+05:30,1487.545069852834,1501.3311794658816,1486.0025968815146,1495.4503173828125,4548307,0.0,0.0
2025-06-05 00:00:00+05:30,1492.2689554139665,1511.3572786610305,1486.195328477135,1498.43896484375,6948539,0.0,0.0
2025-06-06 00:00:00+05:30,1498.8244913615613,1512.5142181403369,1487.641415492617,1507.5975341796875,3960020,0.0,0.0
2025-06-09 00:00:00+05:30,1521.2871674371763,1530.9277705261318,1514.5387452749073,1516.3704833984375,2903202,0.0,0.0
2025-06-10 00:00:00+05:30,1527.0715350387688,1549.726952383094,1520.8051430073597,1538.6402587890625,8591925,0.0,0.0
2025-06-11 00:00:00+05:30,1532.9521677606,1575.8528485433976,1532.9521677606,1572.4786376953125,10597410,0.0,0.0
2025-06-12 00:00:00+05:30,1558.8856061675938,1569.4902701551284,1540.6648417796544,1550.7874755859375,10483574,0.0,0.0
2025-06-13 00:00:00+05:30,1519.3591134860721,1551.1731050755648,1513.7675163758718,1544.4246826171875,6968315,0.0,0.0
2025-06-16 00:00:00+05:30,1542.4964798976407,1576.0458254086714,1539.7006814911979,1565.441162109375,5591842,0.0,0.0
2025-06-17 00:00:00+05:30,1562.452616510744,1588.193099360836,1557.535932091381,1580.962646484375,7622083,0.0,0.0
2025-06-18 00:00:00+05:30,1562.7417700471647,1585.589952431105,1562.7417700471647,1574.214111328125,5629707,0.0,0.0
2025-06-19 00:00:00+05:30,1565.5375611980423,1571.4183055533617,1553.5831898154863,1560.2352294921875,5147760,0.0,0.0
2025-06-20 00:00:00+05:30,1560.8136276168789,1572.0930860674746,1551.076642111549,1564.573486328125,9202821,0.0,0.0
2025-06-23 00:00:00+05:30,1543.4605584963404,1543.4605584963404,1518.7806380620095,1527.071533203125,7943676,0.0,0.0
2025-06-24 00:00:00+05:30,1543.4604830931148,1551.172965207259,1519.9373891083474,1524.7576904296875,8083992,0.0,0.0
2025-06-25 00:00:00+05:30,1532.8558375256184,1561.6812632899293,1528.1319186406413,1556.8609619140625,7813533,0.0,0.0
2025-06-26 00:00:00+05:30,1550.9803214172216,1565.6339915058402,1548.8593180602195,1557.9215087890625,6519233,0.0,0.0
2025-06-27 00:00:00+05:30,1560.8136478253264,1571.0326636135578,1544.8102701550988,1550.208984375,8912268,0.0,0.0
2025-06-30 00:00:00+05:30,1556.9573602116636,1556.9573602116636,1536.8084767193552,1544.2318115234375,6294505,0.0,0.0
2025-07-01 00:00:00+05:30,1551.1730095922587,1559.5602870581276,1542.978497111504,1549.0521240234375,4178937,0.0,0.0
2025-07-02 00:00:00+05:30,1559.8495930029494,1589.735462831807,1545.7743359105034,1552.619140625,8653641,0.0,0.0
2025-07-03 00:00:00+05:30,1560.331649069145,1573.7321112354073,1556.9574379034102,1560.5244140625,5259695,0.0,0.0
2025-07-04 00:00:00+05:30,1566.5980642699803,1584.3367981958825,1554.3545449332526,1581.7337646484375,4411273,0.0,0.0
2025-07-07 00:00:00+05:30,1581.058907066303,1584.91514830305,1564.669881810128,1568.526123046875,3294523,0.0,0.0
2025-07-08 00:00:00+05:30,1569.4902652889589,1587.0361167588558,1563.2238729521173,1579.8056640625,4590681,0.0,0.0
2025-07-09 00:00:00+05:30,1578.937970779495,1579.1307357618878,1565.248244218562,1574.9852294921875,4580828,0.0,0.0
2025-07-10 00:00:00+05:30,1579.998406486553,1579.998406486553,1549.341242702206,1557.7286376953125,5330179,0.0,0.0
2025-07-11 00:00:00+05:30,1522.3476337948875,1549.3413228616234,1506.8262861181436,1537.579833984375,11391755,0.0,0.0
2025-07-14 00:00:00+05:30,1534.5911874414394,1534.5911874414394,1503.7412587495296,1513.8638916015625,9173426,0.0,0.0
2025-07-15 00:00:00+05:30,1508.8507771918205,1545.967099361679,1507.790334380739,1528.614013671875,7614807,0.0,0.0
2025-07-16 00:00:00+05:30,1522.2511831800944,1554.0651724422496,1521.7691530397587,1550.112548828125,6223491,0.0,0.0
2025-07-17 00:00:00+05:30,1540.5683518202854,1552.1370753633664,1523.3116489985612,1526.5894775390625,7374814,0.0,0.0
2025-07-18 00:00:00+05:30,1534.8804313290245,1541.8217363306167,1523.2153248462614,1529.0960693359375,5161833,0.0,0.0
2025-07-21 00:00:00+05:30,1523.2153333190533,1531.8918763569468,1510.4897839367352,1527.36083984375,3682661,0.0,0.0
2025-07-22 00:00:00+05:30,1508.7544033781517,1528.806905141675,1508.7544033781517,1514.4423828125,8473741,0.0,0.0
2025-07-23 00:00:00+05:30,1519.648319505044,1534.6876368616054,1494.2934861823694,1517.9129638671875,8035026,0.0,0.0
2025-07-24 00:00:00+05:30,1523.21527148752,1525.14339208434,1492.558106924831,1496.70361328125,14169664,0.0,0.0
2025-07-25 00:00:00+05:30,1487.930738061539,1493.8114825426642,1456.9844249801497,1461.2261962890625,10851259,0.0,0.0
2025-07-28 00:00:00+05:30,1459.4908778130184,1464.6968268487494,1429.2193615593824,1461.515380859375,6439855,0.0,0.0
2025-07-29 00:00:00+05:30,1458.5267960319763,1462.6721845547067,1442.3305365336291,1459.2979736328125,7070448,0.0,0.0
2025-07-30 00:00:00+05:30,1465.2753927209724,1467.0106307922656,1451.8749299240865,1464.40771484375,5719051,0.0,0.0
2025-07-31 00:00:00+05:30,1455.4418850255533,1472.21655890233,1443.198365471235,1454.76708984375,6851407,0.0,0.0
2025-08-01 00:00:00+05:30,1440.2096707795008,1444.8370894973941,1412.83033538686,1416.782958984375,8702978,0.0,0.0
2025-08-04 00:00:00+05:30,1408.9741142502269,1429.5086455065348,1398.8514812022438,1427.291259765625,8610216,0.0,0.0
2025-08-05 00:00:00+05:30,1425.5559991895734,1425.5559991895734,1402.7078158601623,1407.8173828125,10213323,0.0,0.0
2025-08-06 00:00:00+05:30,1399.8155998166778,1403.768223634903,1378.895537719122,1385.0654296875,10566934,0.0,0.0
2025-08-07 00:00:00+05:30,1378.6062610201184,1390.1749848888187,1363.3740608530718,1385.25830078125,9892020,0.0,0.0
2025-08-08 00:00:00+05:30,1373.785961785155,1381.6912093691872,1366.169861688454,1371.9542236328125,10048009,0.0,0.0
2025-08-11 00:00:00+05:30,1368.8693412283471,1381.8841562074572,1363.1813615156616,1376.8709716796875,6625368,0.0,0.0
2025-08-12 00:00:00+05:30,1376.8708364780418,1389.2108550605094,1369.9296495773656,1372.918212890625,9899184,0.0,0.0
2025-08-13 00:00:00+05:30,1373.7858962323605,1382.4624387348806,1371.279363046038,1375.328369140625,10318063,0.0,0.0
2025-08-14 00:00:00+05:30,1374.9427475738962,1417.1686356270611,1374.9427475738962,1395.6700439453125,12902347,0.0,0.0
2025-08-18 00:00:00+05:30,1412.05912550974,1412.05912550974,1378.2206312900619,1384.1978759765625,7254561,0.0,0.0
2025-08-19 00:00:00+05:30,1381.2091389381637,1397.3090164904586,1381.2091389381637,1388.246826171875,3986094,0.0,0.0
2025-08-20 00:00:00+05:30,1388.921654258322,1445.1264179190935,1388.921654258322,1442.427001953125,10413061,0.0,0.0
2025-08-21 00:00:00+05:30,1453.802949118853,1453.802949118853,1430.9547668193538,1442.619873046875,6565539,0.0,0.0
2025-08-22 00:00:00+05:30,1444.258688328196,1450.2359327005538,1432.6899649169563,1434.0396728515625,5543397,0.0,0.0
2025-08-25 00:00:00+05:30,1452.549588321255,1483.6887826854402,1452.549588321255,1477.0367431640625,10694531,0.0,0.0
2025-08-26 00:00:00+05:30,1468.2638125760993,1483.1103644867733,1464.021923789744,1474.6265869140625,15994798,0.0,0.0
2025-08-28 00:00:00+05:30,1474.6266696224122,1474.6266696224122,1444.162386475055,1446.1868896484375,5443364,0.0,0.0
2025-08-29 00:00:00+05:30,1447.922152992462,1447.922152992462,1414.951220922169,1416.782958984375,8169075,0.0,0.0
2025-09-01 00:00:00+05:30,1423.6277245981132,1449.3682038919694,1423.145694472945,1445.511962890625,4546057,0.0,0.0
2025-09-02 00:00:00+05:30,1445.5120710387366,1458.4305028963795,1432.8829043510907,1444.837158203125,5218763,0.0,0.0
2025-09-03 00:00:00+05:30,1446.09053538698,1447.9222736017668,1420.0609057500144,1425.941650390625,4623483,0.0,0.0
2025-09-04 00:00:00+05:30,1430.6654315565193,1430.6654315565193,1407.6243677138264,1410.420166015625,5787724,0.0,0.0
2025-09-05 00:00:00+05:30,1417.1686742864704,1419.771590084351,1381.4984423486478,1392.6815185546875,5466487,0.0,0.0
2025-09-08 00:00:00+05:30,1398.8514448025214,1405.5998666589085,1376.9673238557784,1381.4019775390625,3811567,0.0,0.0
2025-09-09 00:00:00+05:30,1427.7733097648295,1453.0316426482493,1419.5787971834648,1450.2359619140625,13072640,0.0,0.0
2025-09-10 00:00:00+05:30,1455.8274419814547,1479.7361846012639,1455.056264347903,1477.518798828125,7281071,0.0,0.0
2025-09-11 00:00:00+05:30,1469.1314991861996,1472.6020926929066,1452.3568266067848,1455.4417724609375,8003662,0.0,0.0
2025-09-12 00:00:00+05:30,1481.7606968153777,1487.4486761823323,1466.4321143461764,1470.7703857421875,12856963,0.0,0.0
2025-09-15 00:00:00+05:30,1470.7703889313757,1472.6021270614033,1447.2472937742573,1454.1885986328125,6167414,0.0,0.0
2025-09-16 00:00:00+05:30,1454.18869843609,1459.5874130189484,1449.4647790449067,1456.9844970703125,8923112,0.0,0.0
2025-09-17 00:00:00+05:30,1462.3832147820146,1471.830935901443,1459.58741614181,1467.685546875,4795698,0.0,0.0
2025-09-18 00:00:00+05:30,1494.2935138953433,1499.1138155530703,1483.2068200825713,1485.2313232421875,9331945,0.0,0.0
2025-09-19 00:00:00+05:30,1489.0875921991392,1495.546867150236,1465.4681136380061,1484.845703125,12988129,0.0,0.0
2025-09-22 00:00:00+05:30,1429.4121385641438,1460.2620677071914,1428.7373434373958,1445.6083984375,15655204,0.0,0.0
2025-09-23 00:00:00+05:30,1439.3420265057648,1458.6232324870878,1439.3420265057648,1443.6802978515625,9832164,0.0,0.0
2025-09-24 00:00:00+05:30,1433.7504516255494,1442.909024606748,1429.4121802134027,1440.884521484375,4937004,0.0,0.0
2025-09-25 00:00:00+05:30,1435.4858961438838,1448.6934761875953,1423.4351414751138,1431.4368896484375,9491867,0.0,0.0
2025-09-26 00:00:00+05:30,1421.9889772759154,1425.555953399892,1389.4036912657584,1396.8270263671875,8597058,0.0,0.0
2025-09-29 00:00:00+05:30,1407.5280279964163,1412.3483294621576,1384.872611107433,1389.982177734375,10513117,0.0,0.0
2025-09-30 00:00:00+05:30,1391.1390030128964,1400.0083106366037,1386.4150840398418,1389.982177734375,7556305,0.0,0.0
2025-10-01 00:00:00+05:30,1394.0312659732858,1397.405477197979,1376.0997670015454,1393.8385009765625,6250692,0.0,0.0
2025-10-03 00:00:00+05:30,1387.282784330546,1396.2485922754322,1381.6911874663804,1394.609619140625,6877533,0.0,0.0
2025-10-06 00:00:00+05:30,1394.6096065704758,1425.6524188431904,1390.4642178899833,1422.9530029296875,4630590,0.0,0.0
2025-10-07 00:00:00+05:30,1424.5918193613172,1429.6050033943986,1401.743637948074,1406.0819091796875,5570320,0.0,0.0
2025-10-08 00:00:00+05:30,1404.6358503769075,1444.1623224877194,1402.707729786136,1441.2701416015625,4657192,0.0,0.0
2025-10-09 00:00:00+05:30,1448.0185870707542,1459.5873108023447,1433.557682406266,1455.0562744140625,7028753,0.0,0.0
2025-10-10 00:00:00+05:30,1455.7310370996563,1467.0104954131987,1444.933608930849,1460.4549560546875,3738353,0.0,0.0
2025-10-13 00:00:00+05:30,1443.1982662450723,1450.6214834671307,1430.087069727637,1439.5347900390625,5859355,0.0,0.0
2025-10-14 00:00:00+05:30,1445.1264411305913,1459.9729938155936,1433.075686951717,1436.353515625,5600789,0.0,0.0
2025-10-15 00:00:00+05:30,1430.5690952632847,1435.1001315764527,1414.75848288892,1421.4105224609375,6986098,0.0,0.0
2025-10-16 00:00:00+05:30,1420.9285143742625,1421.5069270236047,1408.0100826842827,1418.61474609375,8005748,0.0,0.0
2025-10-17 00:00:00+05:30,1402.6113299617484,1405.9855409539045,1382.462446500531,1389.3072509765625,16959378,0.0,0.0
2025-10-20 00:00:00+05:30,1401.4544470050912,1414.276496397426,1397.8874708768014,1408.395751953125,6994246,0.0,0.0
2025-10-21 00:00:00+05:30,1424.881136066363,1432.5936185349226,1417.1686535978035,1419.482421875,1698704,0.0,0.0
2025-10-23 00:00:00+05:30,1455.7310466373283,1490.4372172856354,1451.8748054541832,1473.566162109375,20358624,0.0,0.0
2025-10-24 00:00:00+05:30,1484.1708637038648,1487.5450748262833,1463.4435668090073,1470.57763671875,8652257,0.0,0.0
2025-10-27 00:00:00+05:30,1478.0165606695539,1483.2043487095048,1466.3685916918344,1472.633056640625,7273211,23.0,0.0
2025-10-28 00:00:00+05:30,1467.9347848431598,1474.5908017388306,1458.9296979699484,1468.4241943359375,8211019,0.0,0.0
2025-10-29 00:00:00+05:30,1468.4241778932897,1488.0005573851865,1465.1941469679696,1478.408203125,4884976,0.0,0.0
2025-10-30 00:00:00+05:30,1475.0801523386458,1476.2546872805226,1457.5592692997866,1462.1597900390625,5608867,0.0,0.0
2025-10-31 00:00:00+05:30,1458.4403008415877,1465.3898918009988,1449.3372364048548,1450.9034423828125,4819814,0.0,0.0
2025-11-03 00:00:00+05:30,1450.9033496746388,1459.8105780526128,1442.974820743242,1454.0355224609375,5470600,0.0,0.0
2025-11-04 00:00:00+05:30,1448.3583414401685,1450.511814804534,1431.9142548968182,1436.808349609375,8691330,0.0,0.0
2025-11-06 00:00:00+05:30,1447.2816360762577,1451.58846323567,1430.9354078512456,1435.6336669921875,7944752,0.0,0.0
2025-11-07 00:00:00+05:30,1438.8638806951196,1449.533031326473,1418.4065403991735,1445.5198974609375,8765759,0.0,0.0
2025-11-10 00:00:00+05:30,1458.5381171839108,1487.8048281611332,1458.4402591842686,1481.4425048828125,9787975,0.0,0.0
2025-11-11 00:00:00+05:30,1492.6989304110698,1500.9210336624128,1479.0933228205395,1497.88671875,13692989,0.0,0.0
2025-11-12 00:00:00+05:30,1507.3812396717751,1526.1745164244364,1505.5214596999074,1518.8333740234375,14635417,0.0,0.0
2025-11-13 00:00:00+05:30,1524.1189242683809,1524.5104757353395,1497.8866487683968,1509.14306640625,19655689,0.0,0.0
2025-11-14 00:00:00+05:30,1487.8047537888665,1497.59294295853,1457.2656513734084,1470.9691162109375,9739549,0.0,0.0
2025-11-17 00:00:00+05:30,1464.3132041198487,1478.212385937251,1460.8873376663598,1475.66748046875,7910354,0.0,0.0
2025-11-18 00:00:00+05:30,1474.1013313334302,1474.1013313334302,1451.784211591062,1454.91650390625,7525119,0.0,0.0
2025-11-19 00:00:00+05:30,1458.9296699222182,1510.317665675936,1458.9296699222182,1508.4578857421875,10981126,0.0,0.0
2025-11-20 00:00:00+05:30,1522.0634729079381,1522.0634729079381,1501.5082748815287,1503.955322265625,7387584,0.0,0.0
2025-11-21 00:00:00+05:30,1498.5718033380108,1518.6375916910017,1493.9714020948772,1512.2752685546875,9186302,0.0,0.0
2025-11-24 00:00:00+05:30,1530.4813442936104,1551.4280945139647,1508.3600590826622,1515.2117919921875,19270381,0.0,0.0
2025-11-25 00:00:00+05:30,1516.1905908718425,1517.7566773334454,1493.5798964672151,1498.1802978515625,8107952,0.0,0.0
2025-11-26 00:00:00+05:30,1499.6485223505715,1527.251289037942,1499.6485223505715,1524.902099609375,7575038,0.0,0.0
2025-11-27 00:00:00+05:30,1530.8728564928056,1540.954739594805,1519.3227449478784,1533.2220458984375,7552252,0.0,0.0
2025-11-28 00:00:00+05:30,1531.8516566735827,1535.179665000364,1524.0211050739736,1527.055419921875,4453221,0.0,0.0
2025-12-01 00:00:00+05:30,1529.4045743430058,1540.6609920101703,1523.042251313739,1530.872802734375,5341800,0.0,0.0
2025-12-02 00:00:00+05:30,1533.8093151456649,1546.4361036663386,1523.1401645511503,1527.9364013671875,6335969,0.0,0.0
2025-12-03 00:00:00+05:30,1522.1613705980963,1552.406900951154,1521.182551618934,1545.261474609375,12895312,0.0,0.0
2025-12-04 00:00:00+05:30,1534.7880917871573,1565.1314788059085,1534.7880917871573,1563.7611083984375,12609619,0.0,0.0
2025-12-05 00:00:00+05:30,1575.8985332981872,1597.2368345243183,1566.1103436503722,1581.9671630859375,10344725,0.0,0.0
2025-12-08 00:00:00+05:30,1582.8481284293375,1595.4749170068917,1566.306063981828,1576.681640625,7550413,0.0,0.0
2025-12-09 00:00:00+05:30,1567.2848235795727,1572.8641631737528,1548.883099378693,1565.1314697265625,6957599,0.0,0.0
2025-12-10 00:00:00+05:30,1573.9408513587562,1573.9408513587562,1549.2746619298632,1551.2322998046875,5116140,0.0,0.0
2025-12-11 00:00:00+05:30,1564.1527099609375,1573.3536321517727,1547.023378030827,1564.1527099609375,5159319,0.0,0.0
2025-12-12 00:00:00+05:30,1567.4806809838458,1567.8722324584342,1549.0788370408115,1564.348388671875,4633912,0.0,0.0
2025-12-15 00:00:00+05:30,1551.4280562362142,1576.6816332735752,1551.4280562362142,1572.766357421875,4190558,0.0,0.0
2025-12-16 00:00:00+05:30,1566.1103574156468,1569.0468143358012,1552.0153403019585,1559.1607666015625,5499258,0.0,0.0
2025-12-17 00:00:00+05:30,1553.5814245843821,1572.8642300238714,1552.4068896118622,1568.0679931640625,4817628,0.0,0.0
2025-12-18 00:00:00+05:30,1576.3879761796316,1595.4749463972676,1572.6684162407605,1592.3427734375,6577293,0.0,0.0
2025-12-19 00:00:00+05:30,1615.0513027562847,1619.847539612933,1595.2792073285575,1603.9906005859375,13149023,0.0,0.0
2025-12-22 00:00:00+05:30,1628.7547583833573,1657.3362243784013,1628.7547583833573,1653.8125,23098923,0.0,0.0
2025-12-23 00:00:00+05:30,1643.4370603643276,1643.4370603643276,1621.3157754082474,1632.9637451171875,6593060,0.0,0.0
2025-12-24 00:00:00+05:30,1625.8182910699556,1632.2784723030877,1617.4983299175808,1628.16748046875,4271167,0.0,0.0
2025-12-26 00:00:00+05:30,1628.167521100225,1633.453167508233,1616.7152673020842,1621.0220947265625,2006491,0.0,0.0
2025-12-29 00:00:00+05:30,1622.8818655924697,1637.6620082639456,1602.4245250544589,1609.863525390625,4062817,0.0,0.0
2025-12-30 00:00:00+05:30,1612.1148331917736,1612.9957941560388,1582.554548282334,1587.2528076171875,9395937,0.0,0.0
2025-12-31 00:00:00+05:30,1586.6655664923117,1594.1045668429529,1575.1154547350545,1581.1842041015625,6538656,0.0,0.0
2026-01-01 00:00:00+05:30,1581.184158007412,1604.8715288376811,1579.9116455766828,1595.2791748046875,3658165,0.0,0.0
2026-01-02 00:00:00+05:30,1601.2499777187402,1608.6889779975038,1593.0278744696911,1605.6546630859375,2524526,0.0,0.0
2026-01-05 00:00:00+05:30,1602.3265912739637,1602.3265912739637,1549.568226955718,1572.374755859375,5917885,0.0,0.0
2026-01-06 00:00:00+05:30,1566.2081943610224,1585.5888575673962,1565.1315174017209,1578.0518798828125,4466729,0.0,0.0
2026-01-07 00:00:00+05:30,1580.7926463324388,1607.2207586859843,1580.7926463324388,1604.2843017578125,4508079,0.0,0.0
2026-01-08 00:00:00+05:30,1604.186403368615,1609.472049603195,1574.5281413468902,1579.128662109375,3942131,0.0,0.0
2026-01-09 00:00:00+05:30,1575.898487352098,1596.747378487979,1572.9620305433675,1579.91162109375,6816681,0.0,0.0
2026-01-12 00:00:00+05:30,1575.996349102621,1579.1286413969012,1558.867017677559,1562.09716796875,6985362,0.0,0.0
2026-01-13 00:00:00+05:30,1583.7290294043642,1583.7290294043642,1552.7983751003353,1565.1314697265625,8080618,0.0,0.0
2026-01-14 00:00:00+05:30,1554.3644397699236,1582.7501883551427,1549.5682031809922,1565.91455078125,7557157,0.0,0.0
2026-01-15 00:00:00+05:30,1565.91455078125,1565.91455078125,1565.91455078125,1565.91455078125,0,0.0,0.0
2026-01-16 00:00:00+05:30,1628.461030733189,1658.119292555676,1618.3792672921977,1654.00830078125,19335957,0.0,0.0
2026-01-19 00:00:00+05:30,1649.309891747184,1649.309891747184,1631.201741600405,1645.59033203125,5104958,0.0,0.0
2026-01-20 00:00:00+05:30,1637.5641409981627,1644.6115898062917,1617.889903547792,1623.7628173828125,6406503,0.0,0.0
2026-01-21 00:00:00+05:30,1616.0301458476063,1621.9030597634667,1596.6494821313709,1619.358154296875,6224582,0.0,0.0
2026-01-22 00:00:00+05:30,1630.712428320841,1635.8022392467942,1618.7708845027832,1628.265380859375,6228892,0.0,0.0
2026-01-23 00:00:00+05:30,1631.8869227568262,1640.2068839190629,1626.9928279555104,1635.4107666015625,5869137,0.0,0.0
2026-01-27 00:00:00+05:30,1650.0930280724322,1653.6167523834592,1625.9161283991023,1647.05859375,10673087,0.0,0.0
2026-01-28 00:00:00+05:30,1644.4158380681818,1653.029492632909,1615.05126953125,1631.2017822265625,8588664,0.0,0.0
2026-01-29 00:00:00+05:30,1622.8818691859371,1631.2018305177105,1607.318623503672,1624.35009765625,4749582,0.0,0.0
2026-01-30 00:00:00+05:30,1619.9454090553113,1619.9454090553113,1583.8269648597889,1606.241943359375,9207926,0.0,0.0
2026-02-02 00:00:00+05:30,1626.7970461591942,1626.7970461591942,1583.7290136495644,1594.8875732421875,6784887,0.0,0.0
2026-02-03 00:00:00+05:30,1690.616056346825,1691.3991593070652,1617.9877374621406,1620.9241943359375,8805868,0.0,0.0
2026-02-04 00:00:00+05:30,1540.66097646391,1551.3301265638145,1478.1144237257668,1503.2701416015625,28828622,0.0,0.0
2026-02-05 00:00:00+05:30,1501.5082372972433,1518.1481590925844,1483.5958031001303,1488.00048828125,10628127,0.0,0.0
2026-02-06 00:00:00+05:30,1489.86026239605,1492.6988611765453,1448.6520095352703,1475.177978515625,13900866,0.0,0.0
2026-02-09 00:00:00+05:30,1489.8602864300617,1495.6353420798034,1461.376679139494,1465.4876708984375,8294615,0.0,0.0
2026-02-10 00:00:00+05:30,1468.2284271414342,1483.7916723660803,1459.4190565785855,1466.0750732421875,8657000,0.0,0.0
2026-02-11 00:00:00+05:30,1469.4029562852068,1474.003477029586,1437.885033967625,1440.7236328125,7934411,0.0,0.0
2026-02-12 00:00:00+05:30,1398.6344233110094,1405.2903204885395,1351.259562174479,1356.64306640625,26048896,0.0,0.0
2026-02-13 00:00:00+05:30,1266.493817560756,1348.1273389393946,1254.3564391221673,1340.1009521484375,45785709,0.0,0.0
2026-02-16 00:00:00+05:30,1344.6035807140283,1346.854912154694,1309.953484521095,1336.6751708984375,14621891,0.0,0.0
2026-02-17 00:00:00+05:30,1340.9819956812096,1400.6899531531467,1338.0455387563604,1361.73291015625,25347684,0.0,0.0
2026-02-18 00:00:00+05:30,1361.4392729027982,1371.3253201935424,1316.805153615715,1344.603515625,20241373,0.0,0.0
2026-02-19 00:00:00+05:30,1355.6643110050506,1372.3042339560152,1334.326009074035,1341.471435546875,14574228,0.0,0.0
2026-02-20 00:00:00+05:30,1330.4106332686276,1336.0878308198503,1309.8554358713993,1324.5377197265625,12633552,0.0,0.0
2026-02-23 00:00:00+05:30,1323.3632672728343,1323.3632672728343,1290.0834217940796,1299.3822021484375,12887826,0.0,0.0
2026-02-24 00:00:00+05:30,1273.4434027288626,1275.988307999553,1237.3249610296912,1248.4835205078125,27839061,0.0,0.0
2026-02-25 00:00:00+05:30,1258.9568742250233,1295.564726518415,1258.9568742250233,1262.7742919921875,16669618,0.0,0.0
2026-02-26 00:00:00+05:30,1277.848187510079,1286.168148899459,1259.054910753846,1261.7955322265625,11493914,0.0,0.0
2026-02-27 00:00:00+05:30,1298.207628321947,1306.723305439908,1266.7874442662774,1272.5625,23141724,0.0,0.0
2026-03-02 00:00:00+05:30,1263.6552272829085,1271.290062662244,1246.0364867011174,1261.5997314453125,9700361,0.0,0.0
2026-03-04 00:00:00+05:30,1264.6340504084835,1289.104523520103,1264.6340504084835,1279.7078857421875,15154950,0.0,0.0
2026-03-05 00:00:00+05:30,1292.0410271405913,1292.0410271405913,1262.7743163409898,1278.141845703125,10362147,0.0,0.0
2026-03-06 00:00:00+05:30,1275.4011212294208,1299.0884925711757,1275.4011212294208,1280.686767578125,8724291,0.0,0.0
2026-03-09 00:00:00+05:30,1262.676497890922,1290.0834296280893,1255.3353554613236,1287.14697265625,10068514,0.0,0.0
2026-03-10 00:00:00+05:30,1292.0410437407636,1293.0198627132945,1256.9014187299574,1268.1578369140625,9600171,0.0,0.0
2026-03-11 00:00:00+05:30,1260.7188580118502,1271.975276386956,1244.3726286871142,1249.2667236328125,7868891,0.0,0.0
2026-03-12 00:00:00+05:30,1245.5471752363726,1251.5179472285731,1231.3542997621664,1238.9891357421875,7599940,0.0,0.0
2026-03-13 00:00:00+05:30,1224.5025045780033,1242.7085131232232,1216.280401513626,1221.8597412109375,7366098,0.0,0.0
2026-03-16 00:00:00+05:30,1213.931245180508,1227.7326883178384,1198.2701415781937,1223.3280029296875,12314450,0.0,0.0
2026-03-17 00:00:00+05:30,1218.6295738865974,1218.6295738865974,1189.3628638376754,1206.785888671875,11223276,0.0,0.0
2026-03-18 00:00:00+05:30,1211.7778669014497,1263.459555545422,1208.7435520363658,1240.261474609375,12365381,0.0,0.0
2026-03-19 00:00:00+05:30,1217.846529327881,1228.4178221249233,1189.3629208552388,1194.9422607421875,9156461,0.0,0.0
2026-03-20 00:00:00+05:30,1215.6930991638783,1238.0102183433878,1203.1641691885866,1229.2987060546875,27299975,0.0,0.0
2026-03-23 00:00:00+05:30,1211.9735596886824,1234.3885372371806,1201.4023868626336,1230.1796875,12420293,0.0,0.0
2026-03-24 00:00:00+05:30,1242.1213008151199,1269.5282325903943,1224.5025589595862,1251.224365234375,13613495,0.0,0.0
2026-03-25 00:00:00+05:30,1243.100095463166,1263.263742406015,1230.4733068170258,1252.00732421875,10824030,0.0,0.0
2026-03-27 00:00:00+05:30,1257.9780904958054,1267.3748481809973,1236.444073189259,1242.806396484375,13092541,0.0,0.0
2026-03-30 00:00:00+05:30,1223.5236944376795,1238.6953882487069,1216.6719617488286,1224.1109619140625,14108486,0.0,0.0
2026-04-01 00:00:00+05:30,1262.6764804554484,1275.4011271577126,1242.610691424955,1248.6793212890625,8137156,0.0,0.0
2026-04-02 00:00:00+05:30,1233.3119397486187,1277.7503462365091,1233.116223742555,1273.247802734375,12873492,0.0,0.0
2026-04-06 00:00:00+05:30,1273.8350657038357,1292.041075138383,1271.4858762157266,1278.5333251953125,10208682,0.0,0.0
2026-04-07 00:00:00+05:30,1274.4222980187042,1316.609371698259,1266.1023367797188,1311.0301513671875,15355792,0.0,0.0
2026-04-08 00:00:00+05:30,1320.4267760360608,1347.7358488962445,1302.8080347694565,1317.68603515625,16030133,0.0,0.0
2026-04-09 00:00:00+05:30,1301.7313192842819,1309.170319257509,1286.1680743957882,1303.395263671875,14894607,0.0,0.0
2026-04-10 00:00:00+05:30,1290.0834192154255,1290.9643801968148,1256.1184483091881,1265.12353515625,19233369,0.0,0.0
2026-04-13 00:00:00+05:30,1245.0577246851824,1261.6976471062894,1238.8911174058185,1249.756103515625,10366082,0.0,0.0
2026-04-15 00:00:00+05:30,1278.631284802942,1294.4881045276459,1272.9540869097948,1277.6524658203125,12098912,0.0,0.0
2026-04-16 00:00:00+05:30,1294.0965334739733,1302.808046184627,1281.2740288923192,1291.2579345703125,18527029,0.0,0.0
2026-04-17 00:00:00+05:30,1285.1893342368037,1300.165312581974,1278.4354593069281,1290.7685546875,12064048,0.0,0.0
2026-04-20 00:00:00+05:30,1292.0410136169874,1296.8372503675125,1280.3930442184933,1284.7977294921875,7172300,0.0,0.0
2026-04-21 00:00:00+05:30,1282.2528368892558,1296.9351212811175,1271.7795218169556,1285.385009765625,10057440,0.0,0.0
2026-04-22 00:00:00+05:30,1267.5705813427946,1270.2133447995752,1229.2987830540255,1241.729736328125,20088378,0.0,0.0
2026-04-23 00:00:00+05:30,1227.438951608261,1238.891085420282,1200.0320212693207,1214.32275390625,14792854,0.0,0.0
2026-04-24 00:00:00+05:30,1174.5826894228176,1197.9764852174349,1127.7950978335834,1130.144287109375,42078914,0.0,0.0
2026-04-27 00:00:00+05:30,1130.1443119385692,1154.9084786451926,1130.04645394258,1145.5118408203125,19579883,0.0,0.0
2026-04-28 00:00:00+05:30,1138.0727223885278,1144.6308809119316,1125.4460537763027,1127.697265625,12720276,0.0,0.0
2026-04-29 00:00:00+05:30,1133.961747660014,1153.2444330805374,1132.2978032475876,1142.7711181640625,8303109,0.0,0.0
2026-04-30 00:00:00+05:30,1142.7711514334947,1164.5988623339997,1135.0384576467616,1156.768310546875,12205669,0.0,0.0
2026-05-01 00:00:00+05:30,1156.768310546875,1156.768310546875,1156.768310546875,1156.768310546875,0,0.0,0.0
2026-05-04 00:00:00+05:30,1169.6886601132755,1169.6886601132755,1140.5198072387318,1143.652099609375,7735811,0.0,0.0
2026-05-05 00:00:00+05:30,1144.728787187228,1160.0961972461241,1135.5278649580357,1153.1466064453125,8164108,0.0,0.0
2026-05-06 00:00:00+05:30,1161.8580797644604,1166.2627649868193,1139.443102180398,1142.4774169921875,9856963,0.0,0.0
2026-05-07 00:00:00+05:30,1148.1546369607545,1150.5038263553197,1134.6468875555572,1138.07275390625,12013987,0.0,0.0
2026-05-08 00:00:00+05:30,1136.4088093734103,1158.4322359116547,1134.2554554613432,1154.2232666015625,7582770,0.0,0.0
2026-05-11 00:00:00+05:30,1151.0911273032605,1161.8581361470833,1147.2737093616843,1152.0699462890625,7336288,0.0,0.0
2026-05-12 00:00:00+05:30,1137.3876630949442,1137.3876630949442,1099.2137225952,1116.1473388671875,16891948,0.0,0.0
2026-05-13 00:00:00+05:30,1112.5255790772605,1118.398492694932,1097.2560275682617,1099.3115234375,6664111,0.0,0.0
2026-05-14 00:00:00+05:30,1096.0815207310736,1098.137016652994,1065.933848927119,1071.8067626953125,16914842,0.0,0.0
2026-05-15 00:00:00+05:30,1078.658538900176,1109.1976439317652,1078.266987402901,1095.2984619140625,17482450,0.0,0.0
2026-05-18 00:00:00+05:30,1095.2984136735845,1121.8243835304838,1094.319594715878,1118.3006591796875,12096377,0.0,0.0
2026-05-19 00:00:00+05:30,1137.3876555901809,1173.0166903851343,1137.3876555901809,1171.5484619140625,32175705,0.0,0.0
2026-05-20 00:00:00+05:30,1161.8580984968487,1181.3366195800531,1159.802602590221,1168.4161376953125,15121010,0.0,0.0
2026-05-21 00:00:00+05:30,1170.7653346096859,1176.3446743746752,1152.0699163634372,1156.180908203125,10021033,0.0,0.0
2026-05-22 00:00:00+05:30,1157.4533539662823,1166.5564175672662,1147.6651649263981,1149.622802734375,8803066,0.0,0.0
2026-05-25 00:00:00+05:30,1157.9428754813864,1159.900513478819,1141.4008105061328,1143.75,5856136,0.0,0.0
2026-05-26 00:00:00+05:30,1141.5965459846338,1155.6914427435413,1138.2685377836078,1142.966796875,8005767,0.0,0.0
2026-05-27 00:00:00+05:30,1136.4088302961693,1142.5754376343073,1130.5359164445094,1135.3321533203125,6371871,0.0,0.0
2026-05-28 00:00:00+05:30,1135.3321533203125,1135.3321533203125,1135.3321533203125,1135.3321533203125,0,0.0,0.0
2026-05-29 00:00:00+05:30,1156.96396849116,1184.370898370815,1129.1654871448488,1136.3109130859375,69085430,0.0,0.0
2026-06-01 00:00:00+05:30,1150.1122640819906,1191.222659904496,1148.8397516554953,1177.02978515625,19439331,0.0,0.0
2026-06-02 00:00:00+05:30,1206.3943648530496,1251.811588367994,1206.3943648530496,1243.8831787109375,36032600,0.0,0.0
2026-06-03 00:00:00+05:30,1215.7909483013548,1223.425783618914,1190.2437985614154,1196.7039794921875,18534303,0.0,0.0
2026-06-04 00:00:00+05:30,1182.4132636253246,1189.4607121046952,1170.8631524946943,1175.855224609375,12755957,0.0,0.0
2026-06-05 00:00:00+05:30,1194.159169493737,1197.8787294549086,1169.0035692089534,1172.1357421875,8692290,0.0,0.0
2026-06-08 00:00:00+05:30,1152.559265415463,1175.26781631171,1151.5804465064052,1162.4453125,8631711,0.0,0.0
2026-06-09 00:00:00+05:30,1168.3182691086097,1168.3182691086097,1142.5754025403635,1155.300048828125,10984054,0.0,0.0
2026-06-10 00:00:00+05:30,1160.0999755859375,1171.4000244140625,1143.300048828125,1145.300048828125,8887626,25.0,0.0
2026-06-11 00:00:00+05:30,1129.699951171875,1133.699951171875,1109.0,1114.5999755859375,9372176,0.0,0.0
2026-06-12 00:00:00+05:30,1120.0,1123.300048828125,1111.5,1116.4000244140625,8075333,0.0,0.0
2026-06-15 00:00:00+05:30,1130.0,1151.0,1123.0,1134.9000244140625,7856192,0.0,0.0
2026-06-16 00:00:00+05:30,1136.9000244140625,1153.800048828125,1123.199951171875,1143.5999755859375,10456090,0.0,0.0
2026-06-17 00:00:00+05:30,1149.0,1162.5,1148.0,1157.699951171875,5995119,0.0,0.0
2026-06-18 00:00:00+05:30,1142.9000244140625,1142.9000244140625,1125.300048828125,1127.5,16781447,0.0,0.0
2026-06-19 00:00:00+05:30,1062.300048828125,1066.0,1030.0,1051.4000244140625,45665442,0.0,0.0
2026-06-22 00:00:00+05:30,1055.0,1080.300048828125,1055.0,1065.4000244140625,10178505,0.0,0.0
2026-06-23 00:00:00+05:30,1053.800048828125,1055.300048828125,1026.0,1029.300048828125,19323064,0.0,0.0
2026-06-24 00:00:00+05:30,1040.9000244140625,1065.5,1037.699951171875,1056.5999755859375,12346266,0.0,0.0
2026-06-25 00:00:00+05:30,1065.0,1068.0,1039.0999755859375,1041.199951171875,15866779,0.0,0.0
2026-06-26 00:00:00+05:30,1041.199951171875,1041.199951171875,1041.199951171875,1041.199951171875,0,0.0,0.0
2026-06-29 00:00:00+05:30,1037.0999755859375,1046.5999755859375,1029.0999755859375,1036.699951171875,15080892,0.0,0.0
2026-06-30 00:00:00+05:30,1030.0,1030.4000244140625,996.0,1000.4000244140625,24128263,0.0,0.0
2026-07-01 00:00:00+05:30,1006.0,1014.0,982.4000244140625,985.2999877929688,13037982,0.0,0.0
2026-07-02 00:00:00+05:30,1006.4000244140625,1045.0,1006.0,1040.9000244140625,18741111,0.0,0.0
2026-07-03 00:00:00+05:30,1063.0,1068.699951171875,1042.0,1047.199951171875,11653534,0.0,0.0
2026-07-06 00:00:00+05:30,1050.0999755859375,1053.0,1033.0,1042.199951171875,5559747,0.0,0.0
2026-07-07 00:00:00+05:30,1040.5999755859375,1087.5,1040.5999755859375,1071.800048828125,18866296,0.0,0.0
2026-07-08 00:00:00+05:30,1071.9000244140625,1079.699951171875,1064.4000244140625,1069.300048828125,13022221,0.0,0.0
2026-07-09 00:00:00+05:30,1062.699951171875,1062.699951171875,1040.4000244140625,1050.800048828125,9003333,0.0,0.0
2026-07-10 00:00:00+05:30,1075.0,1091.300048828125,1064.699951171875,1068.0,9747266,0.0,0.0
2026-07-13 00:00:00+05:30,1057.0999755859375,1114.9000244140625,1057.0999755859375,1102.5999755859375,20994760,0.0,0.0
2026-07-14 00:00:00+05:30,1107.800048828125,1113.5,1090.0,1092.9000244140625,14819413,0.0,0.0
2026-07-15 00:00:00+05:30,1079.0,1088.0999755859375,1073.0,1076.300048828125,8501933,0.0,0.0
2026-07-16 00:00:00+05:30,1082.5,1097.300048828125,1077.9000244140625,1082.4000244140625,8592146,0.0,0.0
2026-07-17 00:00:00+05:30,1105.0,1116.800048828125,1092.0,1096.5,12547728,0.0,0.0
2026-07-20 00:00:00+05:30,1102.0,1103.800048828125,1083.199951171875,1087.0999755859375,6372645,0.0,0.0
2026-07-21 00:00:00+05:30,1080.0,1094.5,1067.199951171875,1073.5,9485229,0.0,0.0
2026-07-22 00:00:00+05:30,1064.0,1069.300048828125,1046.199951171875,1052.0999755859375,7517203,0.0,0.0
2026-07-23 00:00:00+05:30,1046.9000244140625,1058.5,1032.0,1047.4000244140625,13794578,0.0,0.0
2026-07-24 00:00:00+05:30,1028.0,1043.4000244140625,1013.9000244140625,1040.9000244140625,29036900,0.0,0.0
